anio,distrito_num,distrito_nombre,barrio_num,barrio_nombre,codigo_barrio,n_viviendas_colectiva_barrio,n_viviendas_unifamiliar_barrio,renta_colectiva_barrio,renta_unifamiliar_barrio
2017,1,Centro,1,Palacio,011,2828,2,12.942529756394194,NA
2017,1,Centro,2,Embajadores,012,5044,4,12.506834733938586,NA
2017,1,Centro,3,Cortes,013,1447,1,13.125567817798903,NA
2017,1,Centro,4,Justicia,014,2261,0,13.834643069426468,NA
2017,1,Centro,5,Universidad,015,4743,2,13.881622117212533,NA
2017,1,Centro,6,Sol,016,906,0,12.966084864507158,NA
2017,2,Arganzuela,1,Imperial,021,1766,0,11.88470604972909,NA
2017,2,Arganzuela,2,Acacias,022,2856,0,12.139119226776794,NA
2017,2,Arganzuela,3,Chopera,023,1620,3,10.770476470777384,NA
2017,2,Arganzuela,4,Legazpi,024,1765,0,12.887200384289237,NA
2017,2,Arganzuela,5,Delicias,025,2350,1,11.932510709920802,NA
2017,2,Arganzuela,6,Palos de la Frontera,026,2667,0,11.797288359664238,NA
2017,2,Arganzuela,7,Atocha,027,51,0,9.653465346534654,NA
2017,3,Retiro,1,Pacífico,031,2861,5,11.799564857167857,NA
2017,3,Retiro,2,Adelfas,032,1331,0,11.59357248516625,NA
2017,3,Retiro,3,Estrella,033,902,4,10.604348721144381,NA
2017,3,Retiro,4,Ibiza,034,1887,0,12.885171841053893,NA
2017,3,Retiro,5,Los Jerónimos,035,447,6,11.993186158171603,NA
2017,3,Retiro,6,Niño Jesús,036,846,11,12.556702853868016,NA
2017,4,Salamanca,1,Recoletos,041,1555,0,15.230334635782945,NA
2017,4,Salamanca,2,Goya,042,3216,2,13.419883730783537,NA
2017,4,Salamanca,3,Fuente del Berro,043,2030,23,12.131900049555847,NA
2017,4,Salamanca,4,Guindalera,044,3664,26,12.374130973584208,NA
2017,4,Salamanca,5,Lista,045,2242,1,13.464252463071343,NA
2017,4,Salamanca,6,Castellana,046,1634,0,14.763828706224244,NA
2017,5,Chamartin,1,El Viso,051,1109,69,13.310265191513217,NA
2017,5,Chamartin,2,Prosperidad,052,3871,8,12.032969543208832,NA
2017,5,Chamartin,3,Ciudad Jardín,053,1673,62,12.31558674457073,NA
2017,5,Chamartin,4,Hispanoamérica,054,2620,52,13.051861148317219,NA
2017,5,Chamartin,5,Nueva España,055,2047,45,13.897670136993446,NA
2017,5,Chamartin,6,Castilla,056,1733,11,11.796500333782678,NA
2017,6,Tetuan,1,Bellas Vistas,061,2710,14,11.352219228008337,NA
2017,6,Tetuan,2,Cuatro Caminos,062,3800,5,12.562559060745357,NA
2017,6,Tetuan,3,Castillejos,063,2623,0,12.895468046992839,NA
2017,6,Tetuan,4,Almenara,064,1210,14,10.466617941783321,NA
2017,6,Tetuan,5,Valdeacederas,065,2557,4,11.269395479118431,NA
2017,6,Tetuan,6,Berruguete,066,2596,4,11.149054433179373,NA
2017,7,Chamberi,1,Gaztambide,071,2981,1,13.936446359021039,NA
2017,7,Chamberi,2,Arapiles,072,3067,1,13.850141748118437,NA
2017,7,Chamberi,3,Trafalgar,073,2976,0,13.890750501551516,NA
2017,7,Chamberi,4,Almagro,074,1870,0,14.273419963056158,NA
2017,7,Chamberi,5,Ríos Rosas,075,3195,1,13.520148103580501,NA
2017,7,Chamberi,6,Vallehermoso,076,1695,2,12.964921197400356,NA
2017,8,Fuencarral-El Pardo,1,El Pardo,081,96,33,9.223280203849832,NA
2017,8,Fuencarral-El Pardo,2,Fuentelarreina,082,142,4,10.505645823462036,NA
2017,8,Fuencarral-El Pardo,3,Peñagrande,083,2593,84,10.581630043614304,NA
2017,8,Fuencarral-El Pardo,4,Pilar,084,3685,1,10.372045405981401,NA
2017,8,Fuencarral-El Pardo,5,La Paz,085,1504,4,9.878565365276977,NA
2017,8,Fuencarral-El Pardo,6,Valverde,086,5142,135,10.810903801635767,NA
2017,8,Fuencarral-El Pardo,7,Mirasierra,087,1509,130,11.518255330306625,NA
2017,8,Fuencarral-El Pardo,8,El Goloso,088,1441,16,11.101575077556237,NA
2017,9,Moncloa-Aravaca,1,Casa de Campo,091,886,21,11.538090250015145,NA
2017,9,Moncloa-Aravaca,2,Argüelles,092,2481,0,13.414225488262177,NA
2017,9,Moncloa-Aravaca,3,Ciudad Universitaria,093,1272,47,12.504906153541713,NA
2017,9,Moncloa-Aravaca,4,Valdezarza,094,2127,42,10.273226451671615,NA
2017,9,Moncloa-Aravaca,5,Valdemarín,095,393,21,13.78942199766075,NA
2017,9,Moncloa-Aravaca,6,El Plantío,096,27,36,10.588235294117647,NA
2017,9,Moncloa-Aravaca,7,Aravaca,097,1353,241,11.158134460715516,NA
2017,10,Latina,1,Los Cármenes,101,899,32,8.742163051847541,NA
2017,10,Latina,2,Puerta del Angel,102,3115,24,9.355046578331454,NA
2017,10,Latina,3,Lucero,103,2000,5,8.620340663498244,NA
2017,10,Latina,4,Aluche,104,3867,15,8.16312889909944,NA
2017,10,Latina,5,Campamento,105,1239,12,8.978280251056072,NA
2017,10,Latina,6,Cuatro Vientos,106,249,0,11.840905737470106,NA
2017,10,Latina,7,Águilas,107,2568,1,8.137244198206316,NA
2017,11,Carabanchel,1,Comillas,111,1544,3,8.9972625750413,NA
2017,11,Carabanchel,2,Opañel,112,2176,12,8.738457544962252,NA
2017,11,Carabanchel,3,San Isidro,113,2498,35,8.85424077608547,NA
2017,11,Carabanchel,4,Vista Alegre,114,2767,7,8.167928101314818,NA
2017,11,Carabanchel,5,Puerta Bonita,115,1955,12,8.043074971132336,NA
2017,11,Carabanchel,6,Buenavista,116,2561,7,9.588340682193836,NA
2017,11,Carabanchel,7,Abrantes,117,1517,2,8.185109385503097,NA
2017,12,Usera,1,Orcasitas,121,481,47,7.29403453264745,NA
2017,12,Usera,2,Orcasur,122,447,0,8.434931547358733,NA
2017,12,Usera,3,San Fermín,123,917,18,7.74384362665703,NA
2017,12,Usera,4,Almendrales,124,1188,6,8.653418086311392,NA
2017,12,Usera,5,Moscardó,125,1514,37,8.413133123516582,NA
2017,12,Usera,6,Zofío,126,721,1,8.374617634421075,NA
2017,12,Usera,7,Pradolongo,127,1023,3,8.208967344608528,NA
2017,13,Puente de Vallecas,1,Entrevías,131,801,140,7.530084393668536,NA
2017,13,Puente de Vallecas,2,San Diego,132,2649,39,9.015008641462474,NA
2017,13,Puente de Vallecas,3,Palomeras Bajas,133,1864,10,8.147366767330647,NA
2017,13,Puente de Vallecas,4,Palomeras Sureste,134,1776,0,8.33432688713021,NA
2017,13,Puente de Vallecas,5,Portazgo,135,1118,2,8.246992644225465,NA
2017,13,Puente de Vallecas,6,Numancia,136,2712,11,8.844096023977011,NA
2017,14,Moratalaz,1,Pavones,141,290,1,7.746706688722253,NA
2017,14,Moratalaz,2,Horcajo,142,166,1,9.04692836600032,NA
2017,14,Moratalaz,3,Marroquina,143,1177,4,9.02418323399597,NA
2017,14,Moratalaz,4,Media Legua,144,820,0,8.839687146751602,NA
2017,14,Moratalaz,5,Fontarrón,145,944,3,8.26474645701648,NA
2017,14,Moratalaz,6,Vinateros,146,1054,1,8.825223373073394,NA
2017,15,Ciudad Lineal,1,Ventas,151,3751,7,9.350861181570064,NA
2017,15,Ciudad Lineal,2,Pueblo Nuevo,152,4103,9,8.995051882151095,NA
2017,15,Ciudad Lineal,3,Quintana,153,2250,24,9.873085943158324,NA
2017,15,Ciudad Lineal,4,La Concepción,154,2024,30,10.36606514914989,NA
2017,15,Ciudad Lineal,5,San Pascual,155,1323,6,11.117576331744687,NA
2017,15,Ciudad Lineal,6,San Juan Bautista,156,1014,12,11.930057271114146,NA
2017,15,Ciudad Lineal,7,Colina,157,601,29,12.109609939482942,NA
2017,15,Ciudad Lineal,8,Atalaya,158,132,0,13.182720953326713,NA
2017,15,Ciudad Lineal,9,Costillares,159,1610,8,11.768746187090963,NA
2017,16,Hortaleza,1,Palomas,161,379,56,12.53293804999587,NA
2017,16,Hortaleza,2,Piovera,162,680,120,12.807000905525708,NA
2017,16,Hortaleza,3,Canillas,163,2312,91,10.353976517266451,NA
2017,16,Hortaleza,4,Pinar del Rey,164,2839,30,9.492103863491849,NA
2017,16,Hortaleza,5,Apóstol Santiago,165,579,58,9.050950340266125,NA
2017,16,Hortaleza,6,Valdefuentes,166,3962,103,11.399488636971236,NA
2017,17,Villaverde,1,"Villaverde Alto, Casco Histórico de Villaverde",171,2033,58,7.5086779303806095,NA
2017,17,Villaverde,2,San Cristóbal,172,523,0,6.781749403798902,NA
2017,17,Villaverde,3,Butarque,173,812,5,8.139510765630908,NA
2017,17,Villaverde,4,Los Rosales,174,1749,1,7.797368803374178,NA
2017,17,Villaverde,5,Ángeles,175,1336,0,7.397271864579129,NA
2017,18,Villa de Vallecas,1,Casco Histórico de Vallecas,181,1789,12,8.550472019382868,NA
2017,18,Villa de Vallecas,2,Santa Eugenia,182,795,0,7.618466438335548,NA
2017,18,Villa de Vallecas,3,Ensanche de Vallecas,183,2898,20,10.439604845757483,NA
2017,19,Vicalvaro,1,Casco Histórico de Vicálvaro,191,1965,19,8.401810684833452,NA
2017,19,Vicalvaro,2,Valdebernardo,192,642,2,7.806445264067602,NA
2017,19,Vicalvaro,3,Valderrivas,193,783,0,8.901801174502733,NA
2017,19,Vicalvaro,4,El Cañaveral,194,9,0,NA,NA
2017,20,San Blas-Canillejas,1,Simancas,201,2028,39,10.728695871260838,NA
2017,20,San Blas-Canillejas,2,Hellín,202,293,0,8.706823732514161,NA
2017,20,San Blas-Canillejas,3,Amposta,203,340,0,8.98553167322526,NA
2017,20,San Blas-Canillejas,4,Arcos,204,853,9,8.863300784570546,NA
2017,20,San Blas-Canillejas,5,Rosas,205,1271,5,9.17770213824932,NA
2017,20,San Blas-Canillejas,6,Rejas,206,1214,14,10.223030790573342,NA
2017,20,San Blas-Canillejas,7,Canillejas,207,1577,47,8.794421526268335,NA
2017,20,San Blas-Canillejas,8,El Salvador,208,527,60,9.962597020805502,NA
2017,21,Barajas,1,Alameda de Osuna,211,918,16,9.396560341525193,NA
2017,21,Barajas,2,Aeropuerto,212,94,0,8.49056603773585,NA
2017,21,Barajas,3,Casco Histórico de Barajas,213,782,52,10.189856485845423,NA
2017,21,Barajas,4,Timón,214,683,33,10.081921250797787,NA
2017,21,Barajas,5,Corralejos,215,522,46,11.659090983007932,NA
2018,1,Centro,1,Palacio,011,2892,2,13.591745254761639,NA
2018,1,Centro,2,Embajadores,012,5282,4,13.339595279150119,NA
2018,1,Centro,3,Cortes,013,1476,0,13.836074106071075,NA
2018,1,Centro,4,Justicia,014,2324,0,14.74787818836092,NA
2018,1,Centro,5,Universidad,015,4848,1,14.599039512644708,NA
2018,1,Centro,6,Sol,016,963,0,13.708952346792362,NA
2018,2,Arganzuela,1,Imperial,021,1814,0,12.489748285120662,NA
2018,2,Arganzuela,2,Acacias,022,2966,0,12.687392712256388,NA
2018,2,Arganzuela,3,Chopera,023,1734,2,11.523503754382576,NA
2018,2,Arganzuela,4,Legazpi,024,1876,0,13.3252940770118,NA
2018,2,Arganzuela,5,Delicias,025,2483,1,12.630921631827178,NA
2018,2,Arganzuela,6,Palos de la Frontera,026,2868,0,12.501492873945276,NA
2018,2,Arganzuela,7,Atocha,027,55,0,9.917491749174918,NA
2018,3,Retiro,1,Pacífico,031,3023,4,12.399282545393861,NA
2018,3,Retiro,2,Adelfas,032,1437,0,12.220916614898243,NA
2018,3,Retiro,3,Estrella,033,929,4,11.158308562436487,NA
2018,3,Retiro,4,Ibiza,034,1976,0,13.91141232790341,NA
2018,3,Retiro,5,Los Jerónimos,035,453,8,12.802693510681824,NA
2018,3,Retiro,6,Niño Jesús,036,887,15,12.929718079104836,12.867647058823529
2018,4,Salamanca,1,Recoletos,041,1575,0,16.58018522875021,NA
2018,4,Salamanca,2,Goya,042,3358,2,14.184700734854932,NA
2018,4,Salamanca,3,Fuente del Berro,043,2102,24,12.770453677408279,11.562011687504775
2018,4,Salamanca,4,Guindalera,044,3849,28,12.952025544414862,NA
2018,4,Salamanca,5,Lista,045,2394,1,14.397193136748111,NA
2018,4,Salamanca,6,Castellana,046,1719,1,15.809345220162493,NA
2018,5,Chamartin,1,El Viso,051,1164,70,14.146062480856601,13.877796377555258
2018,5,Chamartin,2,Prosperidad,052,4004,9,12.539305322819612,NA
2018,5,Chamartin,3,Ciudad Jardín,053,1813,71,12.906006164505468,13.380281690140846
2018,5,Chamartin,4,Hispanoamérica,054,2681,50,13.760963356816902,11.565255336181675
2018,5,Chamartin,5,Nueva España,055,2129,48,14.55175104506949,11.02293110858824
2018,5,Chamartin,6,Castilla,056,1799,11,12.33877264520619,NA
2018,6,Tetuan,1,Bellas Vistas,061,2943,16,11.982761935572018,NA
2018,6,Tetuan,2,Cuatro Caminos,062,3989,7,13.337037895571822,NA
2018,6,Tetuan,3,Castillejos,063,2740,0,13.704518798622786,NA
2018,6,Tetuan,4,Almenara,064,1351,18,11.045108873027006,NA
2018,6,Tetuan,5,Valdeacederas,065,2726,5,11.786977265904264,NA
2018,6,Tetuan,6,Berruguete,066,2746,5,11.80593019457669,NA
2018,7,Chamberi,1,Gaztambide,071,3127,1,14.77611137325318,NA
2018,7,Chamberi,2,Arapiles,072,3275,1,14.513902206139376,NA
2018,7,Chamberi,3,Trafalgar,073,3165,0,14.56237833377059,NA
2018,7,Chamberi,4,Almagro,074,1964,0,14.818552530255491,NA
2018,7,Chamberi,5,Ríos Rosas,075,3329,1,14.10214564117369,NA
2018,7,Chamberi,6,Vallehermoso,076,1760,1,13.773073592732217,NA
2018,8,Fuencarral-El Pardo,1,El Pardo,081,108,32,9.267004613573283,7.758620689655172
2018,8,Fuencarral-El Pardo,2,Fuentelarreina,082,154,4,10.316371662525508,NA
2018,8,Fuencarral-El Pardo,3,Peñagrande,083,2728,80,10.913197156546602,7.398556207711242
2018,8,Fuencarral-El Pardo,4,Pilar,084,3921,2,10.928568654919108,NA
2018,8,Fuencarral-El Pardo,5,La Paz,085,1534,3,10.325834384738442,NA
2018,8,Fuencarral-El Pardo,6,Valverde,086,5625,141,11.312800895946419,8.565737934313049
2018,8,Fuencarral-El Pardo,7,Mirasierra,087,1636,124,11.906117401795079,11.052203728824871
2018,8,Fuencarral-El Pardo,8,El Goloso,088,1611,12,11.803372702342466,NA
2018,9,Moncloa-Aravaca,1,Casa de Campo,091,955,19,11.933714489426087,6.43582995951417
2018,9,Moncloa-Aravaca,2,Argüelles,092,2584,0,14.0862332981887,NA
2018,9,Moncloa-Aravaca,3,Ciudad Universitaria,093,1360,52,12.993319459786932,10.149446348454264
2018,9,Moncloa-Aravaca,4,Valdezarza,094,2311,42,10.764023591760289,8.875300867488368
2018,9,Moncloa-Aravaca,5,Valdemarín,095,416,27,14.322630068004015,12.562494517543861
2018,9,Moncloa-Aravaca,6,El Plantío,096,28,38,10.787723785166241,8.376924660387031
2018,9,Moncloa-Aravaca,7,Aravaca,097,1433,265,11.794899501022806,10.067528042744865
2018,10,Latina,1,Los Cármenes,101,947,38,9.1617447176412,7.715291180344944
2018,10,Latina,2,Puerta del Angel,102,3420,22,9.752224496762166,NA
2018,10,Latina,3,Lucero,103,2197,6,8.773307837331256,NA
2018,10,Latina,4,Aluche,104,4175,15,8.475203408015599,8.132267441860465
2018,10,Latina,5,Campamento,105,1374,11,9.397860958060885,NA
2018,10,Latina,6,Cuatro Vientos,106,278,0,12.469279092349177,NA
2018,10,Latina,7,Águilas,107,2771,3,8.411582367933994,NA
2018,11,Carabanchel,1,Comillas,111,1693,1,9.494144582080711,NA
2018,11,Carabanchel,2,Opañel,112,2384,11,9.108111248362436,NA
2018,11,Carabanchel,3,San Isidro,113,2717,38,9.216079230834362,10.086274509803923
2018,11,Carabanchel,4,Vista Alegre,114,3053,8,8.614586824596563,NA
2018,11,Carabanchel,5,Puerta Bonita,115,2119,14,8.454831489435014,NA
2018,11,Carabanchel,6,Buenavista,116,2790,9,9.921337971715793,NA
2018,11,Carabanchel,7,Abrantes,117,1680,4,8.500381825203759,NA
2018,12,Usera,1,Orcasitas,121,530,48,7.687892091594896,7.407407407407407
2018,12,Usera,2,Orcasur,122,490,1,9.131987695183623,NA
2018,12,Usera,3,San Fermín,123,1008,20,8.003196128327213,8.333333333333334
2018,12,Usera,4,Almendrales,124,1345,5,8.997990527687639,NA
2018,12,Usera,5,Moscardó,125,1670,39,8.819644826837921,9.951036866359447
2018,12,Usera,6,Zofío,126,791,1,8.65715167303252,NA
2018,12,Usera,7,Pradolongo,127,1089,4,8.72817557165891,NA
2018,13,Puente de Vallecas,1,Entrevías,131,903,155,7.8370413375650125,7.775020014080408
2018,13,Puente de Vallecas,2,San Diego,132,2926,49,9.40768187681747,NA
2018,13,Puente de Vallecas,3,Palomeras Bajas,133,2042,10,8.444565317083518,NA
2018,13,Puente de Vallecas,4,Palomeras Sureste,134,1949,0,8.664197646396998,NA
2018,13,Puente de Vallecas,5,Portazgo,135,1229,2,8.625539805283411,NA
2018,13,Puente de Vallecas,6,Numancia,136,2965,13,9.241843274195203,NA
2018,14,Moratalaz,1,Pavones,141,308,1,8.232367127814884,NA
2018,14,Moratalaz,2,Horcajo,142,176,0,9.10820720707301,NA
2018,14,Moratalaz,3,Marroquina,143,1247,3,9.42667809657633,NA
2018,14,Moratalaz,4,Media Legua,144,892,0,9.440634945024318,NA
2018,14,Moratalaz,5,Fontarrón,145,1036,3,8.735041449621088,NA
2018,14,Moratalaz,6,Vinateros,146,1156,2,9.199069650136074,NA
2018,15,Ciudad Lineal,1,Ventas,151,4036,8,9.763375030715018,NA
2018,15,Ciudad Lineal,2,Pueblo Nuevo,152,4429,10,9.432543655877753,NA
2018,15,Ciudad Lineal,3,Quintana,153,2413,27,10.440173058458633,10.821573736826352
2018,15,Ciudad Lineal,4,La Concepción,154,2155,31,10.877106908513905,10.416666666666664
2018,15,Ciudad Lineal,5,San Pascual,155,1406,6,11.636269299576334,NA
2018,15,Ciudad Lineal,6,San Juan Bautista,156,1063,10,12.346254872499843,NA
2018,15,Ciudad Lineal,7,Colina,157,631,32,12.900229922888318,8.988722519561977
2018,15,Ciudad Lineal,8,Atalaya,158,134,0,13.490566037735851,NA
2018,15,Ciudad Lineal,9,Costillares,159,1645,7,12.290647013444238,NA
2018,16,Hortaleza,1,Palomas,161,383,61,12.873695370599357,9.854449750875931
2018,16,Hortaleza,2,Piovera,162,700,125,13.321652117757598,11.35068779384256
2018,16,Hortaleza,3,Canillas,163,2427,96,10.760829846713992,8.290482411606506
2018,16,Hortaleza,4,Pinar del Rey,164,3099,31,9.897147379928045,10.288065843621398
2018,16,Hortaleza,5,Apóstol Santiago,165,631,58,9.348335731028104,10.731809802645847
2018,16,Hortaleza,6,Valdefuentes,166,4446,118,11.872045380045291,13.253177416801986
2018,17,Villaverde,1,"Villaverde Alto, Casco Histórico de Villaverde",171,2200,63,7.797063433411242,6.687345392702536
2018,17,Villaverde,2,San Cristóbal,172,595,0,7.084952651789822,NA
2018,17,Villaverde,3,Butarque,173,897,5,8.236289693582721,NA
2018,17,Villaverde,4,Los Rosales,174,1878,0,8.10953603541911,NA
2018,17,Villaverde,5,Ángeles,175,1461,0,7.71452552682553,NA
2018,18,Villa de Vallecas,1,Casco Histórico de Vallecas,181,1942,12,8.858369551886405,NA
2018,18,Villa de Vallecas,2,Santa Eugenia,182,842,0,7.812210296925984,NA
2018,18,Villa de Vallecas,3,Ensanche de Vallecas,183,3277,19,10.795235484002273,7.2727272727272725
2018,19,Vicalvaro,1,Casco Histórico de Vicálvaro,191,2132,18,8.611336505903298,NA
2018,19,Vicalvaro,2,Valdebernardo,192,672,2,7.884785806053287,NA
2018,19,Vicalvaro,3,Valderrivas,193,866,0,9.161664522644632,NA
2018,19,Vicalvaro,4,El Cañaveral,194,20,1,7.649553897908438,NA
2018,20,San Blas-Canillejas,1,Simancas,201,2220,50,11.313189137141539,8.653846153846153
2018,20,San Blas-Canillejas,2,Hellín,202,342,0,9.07299519578673,NA
2018,20,San Blas-Canillejas,3,Amposta,203,396,0,9.54670469456686,NA
2018,20,San Blas-Canillejas,4,Arcos,204,969,8,9.343614602771257,NA
2018,20,San Blas-Canillejas,5,Rosas,205,1371,8,9.595174051196334,NA
2018,20,San Blas-Canillejas,6,Rejas,206,1313,20,10.701174684457019,4.694654304029304
2018,20,San Blas-Canillejas,7,Canillejas,207,1707,45,9.225350398185679,9.480521041640124
2018,20,San Blas-Canillejas,8,El Salvador,208,567,64,10.46479557680975,10.322470092631383
2018,21,Barajas,1,Alameda de Osuna,211,962,16,9.79046108536073,7.6631944444444455
2018,21,Barajas,2,Aeropuerto,212,104,1,8.500602167804095,NA
2018,21,Barajas,3,Casco Histórico de Barajas,213,842,54,10.591400943889452,7.197588814077128
2018,21,Barajas,4,Timón,214,738,34,10.555152734058668,8
2018,21,Barajas,5,Corralejos,215,558,48,12.080701236163376,8.85384706093996
2019,1,Centro,1,Palacio,011,3012,2,14.9210948408733,NA
2019,1,Centro,2,Embajadores,012,5538,4,14.668348022438892,NA
2019,1,Centro,3,Cortes,013,1560,0,15.441003572187839,NA
2019,1,Centro,4,Justicia,014,2412,0,16.173220755665053,NA
2019,1,Centro,5,Universidad,015,5023,0,15.759562569703192,NA
2019,1,Centro,6,Sol,016,962,0,15.090243035150626,NA
2019,2,Arganzuela,1,Imperial,021,1859,0,13.543704609779354,NA
2019,2,Arganzuela,2,Acacias,022,3041,0,13.642271247091976,NA
2019,2,Arganzuela,3,Chopera,023,1841,2,12.582484369649945,NA
2019,2,Arganzuela,4,Legazpi,024,1819,0,14.454756835932265,NA
2019,2,Arganzuela,5,Delicias,025,2534,1,13.82918692653109,NA
2019,2,Arganzuela,6,Palos de la Frontera,026,2942,0,13.748035923378044,NA
2019,2,Arganzuela,7,Atocha,027,54,0,10.473019801980199,NA
2019,3,Retiro,1,Pacífico,031,3070,3,13.581241764137504,NA
2019,3,Retiro,2,Adelfas,032,1461,0,13.60345260196006,NA
2019,3,Retiro,3,Estrella,033,975,4,12.06610086845381,NA
2019,3,Retiro,4,Ibiza,034,2058,0,15.212539407550603,NA
2019,3,Retiro,5,Los Jerónimos,035,475,7,13.991723483982076,NA
2019,3,Retiro,6,Niño Jesús,036,909,14,14.160456770501701,11.976585365853659
2019,4,Salamanca,1,Recoletos,041,1554,0,18.041786907899958,NA
2019,4,Salamanca,2,Goya,042,3443,2,15.66779930388358,NA
2019,4,Salamanca,3,Fuente del Berro,043,2174,27,14.020254642035608,10.151717758985201
2019,4,Salamanca,4,Guindalera,044,3950,31,14.206665852552558,NA
2019,4,Salamanca,5,Lista,045,2439,6,15.954981141623085,NA
2019,4,Salamanca,6,Castellana,046,1773,1,17.211546188175728,NA
2019,5,Chamartin,1,El Viso,051,1210,66,15.370523055745581,15.126697996800534
2019,5,Chamartin,2,Prosperidad,052,4084,7,13.658295509905477,NA
2019,5,Chamartin,3,Ciudad Jardín,053,1885,70,14.29047325403819,14.919551566193855
2019,5,Chamartin,4,Hispanoamérica,054,2690,49,15.067144403932378,13.32494303103727
2019,5,Chamartin,5,Nueva España,055,2157,48,15.757220339210908,8.543708543708544
2019,5,Chamartin,6,Castilla,056,1839,10,13.586715974369897,NA
2019,6,Tetuan,1,Bellas Vistas,061,3099,17,12.966744341864587,NA
2019,6,Tetuan,2,Cuatro Caminos,062,4053,7,14.564482745260555,NA
2019,6,Tetuan,3,Castillejos,063,2807,0,14.898077645180688,NA
2019,6,Tetuan,4,Almenara,064,1431,19,11.983224632999196,12.23385539408222
2019,6,Tetuan,5,Valdeacederas,065,2849,5,13.00236291243694,NA
2019,6,Tetuan,6,Berruguete,066,2878,5,12.912479567858787,NA
2019,7,Chamberi,1,Gaztambide,071,3232,6,15.990460851276252,NA
2019,7,Chamberi,2,Arapiles,072,3335,1,16.0625644896064,NA
2019,7,Chamberi,3,Trafalgar,073,3318,0,16.024310812165385,NA
2019,7,Chamberi,4,Almagro,074,1977,0,16.156259701582126,NA
2019,7,Chamberi,5,Ríos Rosas,075,3383,1,15.57848796355515,NA
2019,7,Chamberi,6,Vallehermoso,076,1798,1,14.847388849160739,NA
2019,8,Fuencarral-El Pardo,1,El Pardo,081,122,37,9.913371825140848,7.771165498438226
2019,8,Fuencarral-El Pardo,2,Fuentelarreina,082,144,6,11.401931587411276,NA
2019,8,Fuencarral-El Pardo,3,Peñagrande,083,2791,87,11.757780737960964,7.632607086108338
2019,8,Fuencarral-El Pardo,4,Pilar,084,4085,2,11.894962643811944,NA
2019,8,Fuencarral-El Pardo,5,La Paz,085,1559,4,11.13016464350624,NA
2019,8,Fuencarral-El Pardo,6,Valverde,086,5701,148,12.053964797025541,9.149293202202879
2019,8,Fuencarral-El Pardo,7,Mirasierra,087,1659,129,12.736731229781594,11.77668940243112
2019,8,Fuencarral-El Pardo,8,El Goloso,088,1643,18,12.715931884662563,16.23280423280423
2019,9,Moncloa-Aravaca,1,Casa de Campo,091,983,15,13.250455899089273,6.343909301555776
2019,9,Moncloa-Aravaca,2,Argüelles,092,2702,0,15.380055495831439,NA
2019,9,Moncloa-Aravaca,3,Ciudad Universitaria,093,1377,55,14.064464408532155,10.63476064956203
2019,9,Moncloa-Aravaca,4,Valdezarza,094,2379,43,11.536701618489213,9.601985925160177
2019,9,Moncloa-Aravaca,5,Valdemarín,095,411,29,15.471479574298602,13.200000000000001
2019,9,Moncloa-Aravaca,6,El Plantío,096,31,38,13.199386731436759,9.245446560650889
2019,9,Moncloa-Aravaca,7,Aravaca,097,1429,265,12.53431093878104,11.00589613237551
2019,10,Latina,1,Los Cármenes,101,1011,35,9.787600308604437,8.468152971575842
2019,10,Latina,2,Puerta del Angel,102,3582,25,10.731680987283868,NA
2019,10,Latina,3,Lucero,103,2332,7,9.615551263712515,NA
2019,10,Latina,4,Aluche,104,4446,15,9.115762319322199,8.522727272727272
2019,10,Latina,5,Campamento,105,1466,10,10.019584474074867,NA
2019,10,Latina,6,Cuatro Vientos,106,295,0,13.084127373524387,NA
2019,10,Latina,7,Águilas,107,2902,6,9.107351282535825,NA
2019,11,Carabanchel,1,Comillas,111,1810,2,10.495655498346352,NA
2019,11,Carabanchel,2,Opañel,112,2548,12,9.978104162164419,NA
2019,11,Carabanchel,3,San Isidro,113,2879,35,10.165122674914663,10.256410256410257
2019,11,Carabanchel,4,Vista Alegre,114,3222,10,9.352485187792084,NA
2019,11,Carabanchel,5,Puerta Bonita,115,2291,12,9.279286404862214,NA
2019,11,Carabanchel,6,Buenavista,116,2866,8,10.623021367019952,NA
2019,11,Carabanchel,7,Abrantes,117,1818,4,9.231080606306485,NA
2019,12,Usera,1,Orcasitas,121,567,48,8.080579891348716,7.754744944207799
2019,12,Usera,2,Orcasur,122,532,1,9.633869605531004,NA
2019,12,Usera,3,San Fermín,123,1062,25,8.566186850175422,8.5
2019,12,Usera,4,Almendrales,124,1424,6,9.643790889955401,NA
2019,12,Usera,5,Moscardó,125,1809,38,9.699936971013209,9.95373219164715
2019,12,Usera,6,Zofío,126,861,1,9.345427749142788,NA
2019,12,Usera,7,Pradolongo,127,1132,5,9.357074569945935,NA
2019,13,Puente de Vallecas,1,Entrevías,131,979,156,8.457904259027448,8.155116536677362
2019,13,Puente de Vallecas,2,San Diego,132,3086,45,10.444235574227882,NA
2019,13,Puente de Vallecas,3,Palomeras Bajas,133,2083,11,9.074750507439301,NA
2019,13,Puente de Vallecas,4,Palomeras Sureste,134,2033,0,9.331839578399162,NA
2019,13,Puente de Vallecas,5,Portazgo,135,1311,2,9.135517781055787,NA
2019,13,Puente de Vallecas,6,Numancia,136,3149,15,10.027187374910326,NA
2019,14,Moratalaz,1,Pavones,141,339,1,9.431952236910544,NA
2019,14,Moratalaz,2,Horcajo,142,184,1,9.878902384247253,NA
2019,14,Moratalaz,3,Marroquina,143,1317,3,10.141772106876012,NA
2019,14,Moratalaz,4,Media Legua,144,944,0,10.267536642149652,NA
2019,14,Moratalaz,5,Fontarrón,145,1131,4,9.52411455558279,NA
2019,14,Moratalaz,6,Vinateros,146,1227,2,9.814942502790636,NA
2019,15,Ciudad Lineal,1,Ventas,151,4310,8,10.591128250465339,NA
2019,15,Ciudad Lineal,2,Pueblo Nuevo,152,4709,9,10.126356115729564,NA
2019,15,Ciudad Lineal,3,Quintana,153,2568,30,11.383023357794453,12.172821528937025
2019,15,Ciudad Lineal,4,La Concepción,154,2230,36,11.82844766196838,10.9375
2019,15,Ciudad Lineal,5,San Pascual,155,1467,7,12.471362122244951,NA
2019,15,Ciudad Lineal,6,San Juan Bautista,156,1067,12,13.324928304797993,NA
2019,15,Ciudad Lineal,7,Colina,157,657,30,13.75670235350262,11.295414932413886
2019,15,Ciudad Lineal,8,Atalaya,158,132,1,14.638755044899606,NA
2019,15,Ciudad Lineal,9,Costillares,159,1594,6,13.133850369664938,NA
2019,16,Hortaleza,1,Palomas,161,360,57,14.053588735662304,10.533429735008658
2019,16,Hortaleza,2,Piovera,162,672,128,14.235846258081043,11.992254028459097
2019,16,Hortaleza,3,Canillas,163,2519,88,11.552433185416533,10.120094973954677
2019,16,Hortaleza,4,Pinar del Rey,164,3217,30,10.818628229281542,NA
2019,16,Hortaleza,5,Apóstol Santiago,165,665,57,10.086984679489259,10.811316380347794
2019,16,Hortaleza,6,Valdefuentes,166,4613,111,12.940638925121586,15.025326779808493
2019,17,Villaverde,1,"Villaverde Alto, Casco Histórico de Villaverde",171,2357,64,8.396143029964984,7.454426933260798
2019,17,Villaverde,2,San Cristóbal,172,624,0,7.604226931890387,NA
2019,17,Villaverde,3,Butarque,173,940,4,8.95084756026401,NA
2019,17,Villaverde,4,Los Rosales,174,1979,0,8.654833193884263,NA
2019,17,Villaverde,5,Ángeles,175,1550,0,8.291871251714165,NA
2019,18,Villa de Vallecas,1,Casco Histórico de Vallecas,181,2079,11,9.554910832152112,NA
2019,18,Villa de Vallecas,2,Santa Eugenia,182,853,0,8.396716334088932,NA
2019,18,Villa de Vallecas,3,Ensanche de Vallecas,183,3579,20,11.786733783053423,8.238546648883984
2019,19,Vicalvaro,1,Casco Histórico de Vicálvaro,191,2260,17,9.291700142539268,NA
2019,19,Vicalvaro,2,Valdebernardo,192,695,2,8.392164762073376,NA
2019,19,Vicalvaro,3,Valderrivas,193,933,0,9.782971508409062,NA
2019,19,Vicalvaro,4,El Cañaveral,194,44,2,8.126993132816112,NA
2019,20,San Blas-Canillejas,1,Simancas,201,2301,60,12.306105474483273,10.495355113636364
2019,20,San Blas-Canillejas,2,Hellín,202,385,0,10.088985891779506,NA
2019,20,San Blas-Canillejas,3,Amposta,203,465,0,10.60432854434299,NA
2019,20,San Blas-Canillejas,4,Arcos,204,1031,12,10.148446152207065,NA
2019,20,San Blas-Canillejas,5,Rosas,205,1399,8,10.298450275985173,NA
2019,20,San Blas-Canillejas,6,Rejas,206,1345,25,11.561495143342492,7.686493950039033
2019,20,San Blas-Canillejas,7,Canillejas,207,1810,41,9.975847623037442,9.639643233130629
2019,20,San Blas-Canillejas,8,El Salvador,208,560,62,11.08469840430034,10.175186370604791
2019,21,Barajas,1,Alameda de Osuna,211,963,15,10.591379690916812,9.815938511326861
2019,21,Barajas,2,Aeropuerto,212,116,1,9.615384615384615,NA
2019,21,Barajas,3,Casco Histórico de Barajas,213,882,59,11.398222678664624,6.518883903828882
2019,21,Barajas,4,Timón,214,790,33,11.254079220260794,9.842757936507937
2019,21,Barajas,5,Corralejos,215,547,46,13.199291325982376,9.899511305329963
2020,1,Centro,1,Palacio,011,3075,2,14.934788131886345,NA
2020,1,Centro,2,Embajadores,012,5747,4,14.77664421043336,NA
2020,1,Centro,3,Cortes,013,1584,0,15.285751267394522,NA
2020,1,Centro,4,Justicia,014,2436,0,16.447008247291215,NA
2020,1,Centro,5,Universidad,015,5138,1,15.969587929444055,NA
2020,1,Centro,6,Sol,016,994,0,14.472369185222384,NA
2020,2,Arganzuela,1,Imperial,021,1898,0,13.870105713193498,NA
2020,2,Arganzuela,2,Acacias,022,3102,0,13.919528715320766,NA
2020,2,Arganzuela,3,Chopera,023,1868,2,12.918351708977363,NA
2020,2,Arganzuela,4,Legazpi,024,1858,0,14.760207727902365,NA
2020,2,Arganzuela,5,Delicias,025,2686,1,14.144067052038032,NA
2020,2,Arganzuela,6,Palos de la Frontera,026,3064,0,14.010682699177918,NA
2020,2,Arganzuela,7,Atocha,027,73,0,10.956831683168318,NA
2020,3,Retiro,1,Pacífico,031,3115,3,13.830415011833592,NA
2020,3,Retiro,2,Adelfas,032,1483,0,13.899865521890899,NA
2020,3,Retiro,3,Estrella,033,1007,4,12.386667171726053,NA
2020,3,Retiro,4,Ibiza,034,2139,2,15.583094013299085,NA
2020,3,Retiro,5,Los Jerónimos,035,477,8,14.00304694423283,NA
2020,3,Retiro,6,Niño Jesús,036,932,16,14.547309082227718,13.50088530395436
2020,4,Salamanca,1,Recoletos,041,1573,0,17.94057508750426,NA
2020,4,Salamanca,2,Goya,042,3480,1,16.046097235088048,NA
2020,4,Salamanca,3,Fuente del Berro,043,2205,26,14.332994002579692,10.412630981769876
2020,4,Salamanca,4,Guindalera,044,4029,35,14.53252727645833,NA
2020,4,Salamanca,5,Lista,045,2498,5,16.162927728348137,NA
2020,4,Salamanca,6,Castellana,046,1799,2,17.373978155580453,NA
2020,5,Chamartin,1,El Viso,051,1226,67,15.817695668891034,15.203799847921209
2020,5,Chamartin,2,Prosperidad,052,4117,7,13.981293776107416,NA
2020,5,Chamartin,3,Ciudad Jardín,053,1927,71,14.732149614058425,13.719430485762144
2020,5,Chamartin,4,Hispanoamérica,054,2760,48,15.330750244438484,13.173850621242053
2020,5,Chamartin,5,Nueva España,055,2183,52,16.204037254325534,10.469453983835852
2020,5,Chamartin,6,Castilla,056,1836,11,13.979534601457575,NA
2020,6,Tetuan,1,Bellas Vistas,061,3172,15,13.321479844578947,NA
2020,6,Tetuan,2,Cuatro Caminos,062,4196,6,14.918526266328078,NA
2020,6,Tetuan,3,Castillejos,063,2844,0,15.199871738542043,NA
2020,6,Tetuan,4,Almenara,064,1496,20,12.282375401168554,11.971830985915494
2020,6,Tetuan,5,Valdeacederas,065,2899,4,13.34981994915541,NA
2020,6,Tetuan,6,Berruguete,066,2928,6,13.196055580847583,NA
2020,7,Chamberi,1,Gaztambide,071,3357,12,16.01745594686133,16.473880308880307
2020,7,Chamberi,2,Arapiles,072,3436,1,16.20836097989881,NA
2020,7,Chamberi,3,Trafalgar,073,3380,0,16.162665794290962,NA
2020,7,Chamberi,4,Almagro,074,2016,0,16.29164528680154,NA
2020,7,Chamberi,5,Ríos Rosas,075,3483,1,15.892196617663547,NA
2020,7,Chamberi,6,Vallehermoso,076,1849,2,15.060001661578886,NA
2020,8,Fuencarral-El Pardo,1,El Pardo,081,121,37,10.079412154227633,8.715539531462452
2020,8,Fuencarral-El Pardo,2,Fuentelarreina,082,150,6,11.330153567606812,NA
2020,8,Fuencarral-El Pardo,3,Peñagrande,083,2833,95,12.175846294209574,8.240872246193115
2020,8,Fuencarral-El Pardo,4,Pilar,084,4169,2,12.270099198455274,NA
2020,8,Fuencarral-El Pardo,5,La Paz,085,1576,5,11.38745753457423,NA
2020,8,Fuencarral-El Pardo,6,Valverde,086,5889,158,12.297927931708198,9.132249616794285
2020,8,Fuencarral-El Pardo,7,Mirasierra,087,1734,130,13.125538715065838,12.133464902902231
2020,8,Fuencarral-El Pardo,8,El Goloso,088,1736,19,13.090276155467366,18.38235294117647
2020,9,Moncloa-Aravaca,1,Casa de Campo,091,1010,14,13.439475432313252,6.132763157894737
2020,9,Moncloa-Aravaca,2,Argüelles,092,2737,0,15.47709750706702,NA
2020,9,Moncloa-Aravaca,3,Ciudad Universitaria,093,1385,51,14.128928281138297,10.01775813751987
2020,9,Moncloa-Aravaca,4,Valdezarza,094,2462,47,11.751471095198468,9.84394338158258
2020,9,Moncloa-Aravaca,5,Valdemarín,095,415,28,15.437170006488186,12.892608018058487
2020,9,Moncloa-Aravaca,6,El Plantío,096,69,37,16.555559092323797,9.844559585492227
2020,9,Moncloa-Aravaca,7,Aravaca,097,1438,255,12.821860469038226,11.136864069606052
2020,10,Latina,1,Los Cármenes,101,1054,32,9.990247981932843,9.285201149425287
2020,10,Latina,2,Puerta del Angel,102,3715,29,11.09853980135685,NA
2020,10,Latina,3,Lucero,103,2441,7,10.041972393658787,NA
2020,10,Latina,4,Aluche,104,4667,14,9.383082062599959,8.558238636363635
2020,10,Latina,5,Campamento,105,1516,13,10.285574949379503,NA
2020,10,Latina,6,Cuatro Vientos,106,298,0,13.402162399010937,NA
2020,10,Latina,7,Águilas,107,2988,9,9.377638684129588,NA
2020,11,Carabanchel,1,Comillas,111,1869,2,10.823911488319116,NA
2020,11,Carabanchel,2,Opañel,112,2633,13,10.25790781899377,NA
2020,11,Carabanchel,3,San Isidro,113,3001,37,10.307604162058107,11.057692307692307
2020,11,Carabanchel,4,Vista Alegre,114,3334,10,9.629522240684862,NA
2020,11,Carabanchel,5,Puerta Bonita,115,2398,14,9.602034459764315,NA
2020,11,Carabanchel,6,Buenavista,116,2994,6,10.90498020961711,NA
2020,11,Carabanchel,7,Abrantes,117,1906,4,9.423330982357589,NA
2020,12,Usera,1,Orcasitas,121,607,52,8.237970192018315,8.11737321937322
2020,12,Usera,2,Orcasur,122,559,1,9.820693778155352,NA
2020,12,Usera,3,San Fermín,123,1105,22,8.80112868887561,8.428472222222222
2020,12,Usera,4,Almendrales,124,1512,4,9.818469567866655,NA
2020,12,Usera,5,Moscardó,125,1879,43,10.05041808381257,10.42622950819672
2020,12,Usera,6,Zofío,126,892,1,9.59009091279686,NA
2020,12,Usera,7,Pradolongo,127,1179,5,9.619361115466827,NA
2020,13,Puente de Vallecas,1,Entrevías,131,1021,167,8.709083952906054,8.434834830075589
2020,13,Puente de Vallecas,2,San Diego,132,3242,45,10.719024973914392,NA
2020,13,Puente de Vallecas,3,Palomeras Bajas,133,2158,12,9.291366600613834,NA
2020,13,Puente de Vallecas,4,Palomeras Sureste,134,2111,0,9.596961617557213,NA
2020,13,Puente de Vallecas,5,Portazgo,135,1388,2,9.500875467624379,NA
2020,13,Puente de Vallecas,6,Numancia,136,3302,15,10.287996253731162,NA
2020,14,Moratalaz,1,Pavones,141,366,1,9.899212299296085,NA
2020,14,Moratalaz,2,Horcajo,142,187,1,10.191359538706662,NA
2020,14,Moratalaz,3,Marroquina,143,1359,3,10.329959591883432,NA
2020,14,Moratalaz,4,Media Legua,144,962,1,10.499819778986451,NA
2020,14,Moratalaz,5,Fontarrón,145,1173,4,9.718422100903291,NA
2020,14,Moratalaz,6,Vinateros,146,1274,2,10.186381488586429,NA
2020,15,Ciudad Lineal,1,Ventas,151,4434,8,10.877184741058501,NA
2020,15,Ciudad Lineal,2,Pueblo Nuevo,152,4824,8,10.487520330033691,NA
2020,15,Ciudad Lineal,3,Quintana,153,2606,28,11.696542691285046,12.468896649568919
2020,15,Ciudad Lineal,4,La Concepción,154,2273,35,12.097269654194312,10.032894736842104
2020,15,Ciudad Lineal,5,San Pascual,155,1496,6,12.786006903027873,NA
2020,15,Ciudad Lineal,6,San Juan Bautista,156,1092,13,13.670547701497288,NA
2020,15,Ciudad Lineal,7,Colina,157,648,29,14.212566105757729,11.986233085544178
2020,15,Ciudad Lineal,8,Atalaya,158,141,0,15.094339622641506,NA
2020,15,Ciudad Lineal,9,Costillares,159,1602,8,13.571040366662485,NA
2020,16,Hortaleza,1,Palomas,161,370,61,14.442930198491636,10.389085656019207
2020,16,Hortaleza,2,Piovera,162,693,130,14.381316014610952,12.478355238261113
2020,16,Hortaleza,3,Canillas,163,2520,89,11.83541967703684,9.376569415153318
2020,16,Hortaleza,4,Pinar del Rey,164,3345,29,11.101765333421843,NA
2020,16,Hortaleza,5,Apóstol Santiago,165,685,53,10.375555722183408,11.174865297015458
2020,16,Hortaleza,6,Valdefuentes,166,4805,106,13.142390129530906,15.229041042598714
2020,17,Villaverde,1,"Villaverde Alto, Casco Histórico de Villaverde",171,2491,64,8.658484201633282,7.586629379392537
2020,17,Villaverde,2,San Cristóbal,172,664,0,8.006281502022338,NA
2020,17,Villaverde,3,Butarque,173,1031,5,9.321451253510961,NA
2020,17,Villaverde,4,Los Rosales,174,2083,0,8.871549980171478,NA
2020,17,Villaverde,5,Ángeles,175,1618,0,8.465664911239703,NA
2020,18,Villa de Vallecas,1,Casco Histórico de Vallecas,181,2127,10,9.82360789449911,NA
2020,18,Villa de Vallecas,2,Santa Eugenia,182,862,0,8.532033509118806,NA
2020,18,Villa de Vallecas,3,Ensanche de Vallecas,183,3802,21,12.00450461557464,8.503030303030306
2020,19,Vicalvaro,1,Casco Histórico de Vicálvaro,191,2340,20,9.61472661568947,10.849618654663665
2020,19,Vicalvaro,2,Valdebernardo,192,697,2,8.5633192246569,NA
2020,19,Vicalvaro,3,Valderrivas,193,964,0,9.976014151596013,NA
2020,19,Vicalvaro,4,El Cañaveral,194,84,2,9.356156389807431,NA
2020,20,San Blas-Canillejas,1,Simancas,201,2402,62,12.576861613667129,10.27644082438603
2020,20,San Blas-Canillejas,2,Hellín,202,422,0,10.551518289104294,NA
2020,20,San Blas-Canillejas,3,Amposta,203,484,0,10.83782342952048,NA
2020,20,San Blas-Canillejas,4,Arcos,204,1075,13,10.546163559273666,NA
2020,20,San Blas-Canillejas,5,Rosas,205,1446,7,10.50029857641362,NA
2020,20,San Blas-Canillejas,6,Rejas,206,1374,28,11.865796267256577,7.425644676475241
2020,20,San Blas-Canillejas,7,Canillejas,207,1879,37,10.17178481919066,9.530076951951953
2020,20,San Blas-Canillejas,8,El Salvador,208,573,62,11.2978855786171,9.900838517879192
2020,21,Barajas,1,Alameda de Osuna,211,989,16,10.797721738386159,8.181265206812652
2020,21,Barajas,2,Aeropuerto,212,119,1,10,NA
2020,21,Barajas,3,Casco Histórico de Barajas,213,887,57,11.348464088337927,7.25568003960848
2020,21,Barajas,4,Timón,214,830,37,11.453480760697483,9.79020979020979
2020,21,Barajas,5,Corralejos,215,555,43,13.553640122386124,10.498549471764777
2021,1,Centro,1,Palacio,011,3195,2,14.87628159429804,NA
2021,1,Centro,2,Embajadores,012,5938,4,14.811679049259071,NA
2021,1,Centro,3,Cortes,013,1636,0,15.37740670655669,NA
2021,1,Centro,4,Justicia,014,2505,0,16.36231960774425,NA
2021,1,Centro,5,Universidad,015,5262,1,15.840281633463752,NA
2021,1,Centro,6,Sol,016,1040,0,14.57416127027456,NA
2021,2,Arganzuela,1,Imperial,021,1968,1,13.930109009894618,NA
2021,2,Arganzuela,2,Acacias,022,3172,0,14.060489048344825,NA
2021,2,Arganzuela,3,Chopera,023,1944,2,13.322223080333552,NA
2021,2,Arganzuela,4,Legazpi,024,1906,0,14.84840688550718,NA
2021,2,Arganzuela,5,Delicias,025,2740,1,14.26691699741014,NA
2021,2,Arganzuela,6,Palos de la Frontera,026,3150,0,14.207057972361353,NA
2021,2,Arganzuela,7,Atocha,027,85,0,13.138043478260867,NA
2021,3,Retiro,1,Pacífico,031,3209,4,13.92008388089254,NA
2021,3,Retiro,2,Adelfas,032,1529,0,14.018177185683607,NA
2021,3,Retiro,3,Estrella,033,1046,4,12.601393430329791,NA
2021,3,Retiro,4,Ibiza,034,2183,3,15.70836700130852,NA
2021,3,Retiro,5,Los Jerónimos,035,488,10,14.335533401214247,9.40682014956226
2021,3,Retiro,6,Niño Jesús,036,972,17,14.600578891185423,13.675085418782897
2021,4,Salamanca,1,Recoletos,041,1594,0,18.27633760287909,NA
2021,4,Salamanca,2,Goya,042,3579,1,15.95721564317954,NA
2021,4,Salamanca,3,Fuente del Berro,043,2240,26,14.500258605283486,10.432755576420504
2021,4,Salamanca,4,Guindalera,044,4109,38,14.599106732954521,NA
2021,4,Salamanca,5,Lista,045,2533,4,16.165567231686076,NA
2021,4,Salamanca,6,Castellana,046,1828,2,17.487949093074523,NA
2021,5,Chamartin,1,El Viso,051,1254,71,16.06906238874335,15.25218461982732
2021,5,Chamartin,2,Prosperidad,052,4201,7,14.187542425684104,NA
2021,5,Chamartin,3,Ciudad Jardín,053,1961,77,14.788504936866717,14.304984076433124
2021,5,Chamartin,4,Hispanoamérica,054,2827,51,15.259587285836975,14.235178134914444
2021,5,Chamartin,5,Nueva España,055,2211,56,16.291558389144612,10.862525574146712
2021,5,Chamartin,6,Castilla,056,1861,13,13.959327323983239,11.85064935064935
2021,6,Tetuan,1,Bellas Vistas,061,3282,15,13.573981183650632,NA
2021,6,Tetuan,2,Cuatro Caminos,062,4309,6,14.899145594841395,NA
2021,6,Tetuan,3,Castillejos,063,2912,0,15.241370163456807,NA
2021,6,Tetuan,4,Almenara,064,1592,25,12.565126386402227,11.541861594557
2021,6,Tetuan,5,Valdeacederas,065,3005,3,13.555030880637892,NA
2021,6,Tetuan,6,Berruguete,066,2982,9,13.319571726629448,NA
2021,7,Chamberi,1,Gaztambide,071,3429,14,16.30363652817813,15.737981366459627
2021,7,Chamberi,2,Arapiles,072,3496,1,16.152963791258923,NA
2021,7,Chamberi,3,Trafalgar,073,3471,0,16.44228313166853,NA
2021,7,Chamberi,4,Almagro,074,2036,0,16.426106391625286,NA
2021,7,Chamberi,5,Ríos Rosas,075,3558,1,15.962872702523208,NA
2021,7,Chamberi,6,Vallehermoso,076,1935,3,15.201103260220151,NA
2021,8,Fuencarral-El Pardo,1,El Pardo,081,124,34,10.081891302500779,8.63793103448276
2021,8,Fuencarral-El Pardo,2,Fuentelarreina,082,172,5,11.50344218062511,NA
2021,8,Fuencarral-El Pardo,3,Peñagrande,083,2926,102,12.35547849133098,8.561157465181804
2021,8,Fuencarral-El Pardo,4,Pilar,084,4272,2,12.45209059657148,NA
2021,8,Fuencarral-El Pardo,5,La Paz,085,1587,5,11.383070642638664,NA
2021,8,Fuencarral-El Pardo,6,Valverde,086,6095,163,12.487474536326138,9.332077775506587
2021,8,Fuencarral-El Pardo,7,Mirasierra,087,1803,128,13.227915123936564,12.49712165274618
2021,8,Fuencarral-El Pardo,8,El Goloso,088,1809,21,13.264936617128322,17.941176470588236
2021,9,Moncloa-Aravaca,1,Casa de Campo,091,1039,13,13.652638096810051,NA
2021,9,Moncloa-Aravaca,2,Argüelles,092,2826,0,15.659437213555158,NA
2021,9,Moncloa-Aravaca,3,Ciudad Universitaria,093,1423,52,14.36719238410531,11.871795460377546
2021,9,Moncloa-Aravaca,4,Valdezarza,094,2545,44,11.95550890482264,10.636777515605162
2021,9,Moncloa-Aravaca,5,Valdemarín,095,422,28,15.718327190430823,13.9674343832021
2021,9,Moncloa-Aravaca,6,El Plantío,096,80,37,16.682304299619293,10.016100178890877
2021,9,Moncloa-Aravaca,7,Aravaca,097,1473,256,13.033911296440918,11.663469606299602
2021,10,Latina,1,Los Cármenes,101,1082,31,10.363249086744029,9.270767863823421
2021,10,Latina,2,Puerta del Angel,102,3862,29,11.432172388141467,NA
2021,10,Latina,3,Lucero,103,2549,6,10.228336281374634,NA
2021,10,Latina,4,Aluche,104,4782,14,9.653323492326425,8.658404000869753
2021,10,Latina,5,Campamento,105,1602,13,10.558453865275977,NA
2021,10,Latina,6,Cuatro Vientos,106,324,0,13.440759219383425,NA
2021,10,Latina,7,Águilas,107,3126,10,9.65650343761305,NA
2021,11,Carabanchel,1,Comillas,111,1961,1,11.11249537059423,NA
2021,11,Carabanchel,2,Opañel,112,2805,13,10.68158540249142,NA
2021,11,Carabanchel,3,San Isidro,113,3100,39,10.62414709643767,10.991905589894959
2021,11,Carabanchel,4,Vista Alegre,114,3499,12,9.983750408010744,NA
2021,11,Carabanchel,5,Puerta Bonita,115,2491,16,9.894007223094862,NA
2021,11,Carabanchel,6,Buenavista,116,3130,5,11.07416616609415,NA
2021,11,Carabanchel,7,Abrantes,117,2004,6,9.728592397568567,NA
2021,12,Usera,1,Orcasitas,121,636,50,8.50090025692173,7.9737213891406675
2021,12,Usera,2,Orcasur,122,608,2,9.900354099373368,NA
2021,12,Usera,3,San Fermín,123,1166,23,9.054435418069104,8.5
2021,12,Usera,4,Almendrales,124,1584,7,10.352207237045244,NA
2021,12,Usera,5,Moscardó,125,1967,41,10.432564799632177,10.714285714285715
2021,12,Usera,6,Zofío,126,953,1,9.840852406588368,NA
2021,12,Usera,7,Pradolongo,127,1212,5,9.969919839608512,NA
2021,13,Puente de Vallecas,1,Entrevías,131,1094,169,9.109027426453643,8.520745761905937
2021,13,Puente de Vallecas,2,San Diego,132,3429,50,11.026159990151157,NA
2021,13,Puente de Vallecas,3,Palomeras Bajas,133,2267,11,9.636600742104509,NA
2021,13,Puente de Vallecas,4,Palomeras Sureste,134,2193,0,9.842057733687664,NA
2021,13,Puente de Vallecas,5,Portazgo,135,1456,1,9.723503641897057,NA
2021,13,Puente de Vallecas,6,Numancia,136,3459,16,10.587672583520389,NA
2021,14,Moratalaz,1,Pavones,141,379,0,9.897185392259868,NA
2021,14,Moratalaz,2,Horcajo,142,197,1,10.279792785022016,NA
2021,14,Moratalaz,3,Marroquina,143,1411,3,10.650632840121247,NA
2021,14,Moratalaz,4,Media Legua,144,993,1,10.70461712761908,NA
2021,14,Moratalaz,5,Fontarrón,145,1204,2,9.997930483052285,NA
2021,14,Moratalaz,6,Vinateros,146,1326,2,10.418805525299556,NA
2021,15,Ciudad Lineal,1,Ventas,151,4572,8,11.144464435864862,NA
2021,15,Ciudad Lineal,2,Pueblo Nuevo,152,5000,8,10.743034351090198,NA
2021,15,Ciudad Lineal,3,Quintana,153,2692,28,11.936457575534424,12.531512605042016
2021,15,Ciudad Lineal,4,La Concepción,154,2304,40,12.14230172728168,9.80392156862745
2021,15,Ciudad Lineal,5,San Pascual,155,1514,7,12.81525815252453,NA
2021,15,Ciudad Lineal,6,San Juan Bautista,156,1117,12,13.723231183655853,NA
2021,15,Ciudad Lineal,7,Colina,157,671,29,14.123209881007734,12.777684417020389
2021,15,Ciudad Lineal,8,Atalaya,158,141,0,15.161949685534593,NA
2021,15,Ciudad Lineal,9,Costillares,159,1635,7,13.486935256654885,NA
2021,16,Hortaleza,1,Palomas,161,363,57,14.351905026946916,10.536578119172315
2021,16,Hortaleza,2,Piovera,162,703,126,14.625860543187766,12.348953400029604
2021,16,Hortaleza,3,Canillas,163,2619,99,11.899784158730021,10.188456882433357
2021,16,Hortaleza,4,Pinar del Rey,164,3429,32,11.274031609766578,NA
2021,16,Hortaleza,5,Apóstol Santiago,165,709,52,10.574255686126321,11.363270720571878
2021,16,Hortaleza,6,Valdefuentes,166,5097,108,13.265265249297563,14.482848053210692
2021,17,Villaverde,1,"Villaverde Alto, Casco Histórico de Villaverde",171,2597,63,8.926103574602903,8.035718341307815
2021,17,Villaverde,2,San Cristóbal,172,697,1,8.482468655668658,NA
2021,17,Villaverde,3,Butarque,173,1074,6,9.375629810695749,NA
2021,17,Villaverde,4,Los Rosales,174,2152,0,9.233367395546246,NA
2021,17,Villaverde,5,Ángeles,175,1695,0,8.702243908741142,NA
2021,18,Villa de Vallecas,1,Casco Histórico de Vallecas,181,2238,11,10.08011498853841,NA
2021,18,Villa de Vallecas,2,Santa Eugenia,182,897,0,8.753903415893818,NA
2021,18,Villa de Vallecas,3,Ensanche de Vallecas,183,3963,24,12.181577668231194,8.48298519789789
2021,19,Vicalvaro,1,Casco Histórico de Vicálvaro,191,2435,24,9.817423767208208,12.090913353338335
2021,19,Vicalvaro,2,Valdebernardo,192,726,2,8.760701005726164,NA
2021,19,Vicalvaro,3,Valderrivas,193,1022,0,10.14739983442665,NA
2021,19,Vicalvaro,4,El Cañaveral,194,202,3,9.901258680555555,NA
2021,20,San Blas-Canillejas,1,Simancas,201,2513,62,12.776570015675786,10.365672276049635
2021,20,San Blas-Canillejas,2,Hellín,202,475,0,10.834155508800453,NA
2021,20,San Blas-Canillejas,3,Amposta,203,515,0,11.21646573633201,NA
2021,20,San Blas-Canillejas,4,Arcos,204,1195,12,10.800217679588181,NA
2021,20,San Blas-Canillejas,5,Rosas,205,1480,7,10.674338867941028,NA
2021,20,San Blas-Canillejas,6,Rejas,206,1437,29,12.020330976233888,8.671743916933771
2021,20,San Blas-Canillejas,7,Canillejas,207,1939,41,10.360657579489466,11.538461538461538
2021,20,San Blas-Canillejas,8,El Salvador,208,587,64,11.516451144192366,10.038002289628695
2021,21,Barajas,1,Alameda de Osuna,211,1010,16,11.003370361014163,8.094370410327842
2021,21,Barajas,2,Aeropuerto,212,127,2,10.561342592592593,NA
2021,21,Barajas,3,Casco Histórico de Barajas,213,909,65,11.663837644295361,6.844700024679095
2021,21,Barajas,4,Timón,214,882,35,11.566101720888955,9.883720930232558
2021,21,Barajas,5,Corralejos,215,579,46,13.609478175038722,11.413676835221706
2022,1,Centro,1,Palacio,011,3235,2,15.584867175534656,NA
2022,1,Centro,2,Embajadores,012,6034,4,15.453411334415138,NA
2022,1,Centro,3,Cortes,013,1651,0,16.09596871324486,NA
2022,1,Centro,4,Justicia,014,2570,0,17.19334852235098,NA
2022,1,Centro,5,Universidad,015,5396,1,16.50852949258307,NA
2022,1,Centro,6,Sol,016,1052,0,15.667165970926739,NA
2022,2,Arganzuela,1,Imperial,021,2033,0,14.388433258236088,NA
2022,2,Arganzuela,2,Acacias,022,3220,0,14.57502740321295,NA
2022,2,Arganzuela,3,Chopera,023,2002,2,13.813583555482866,NA
2022,2,Arganzuela,4,Legazpi,024,1910,0,15.193758713919319,NA
2022,2,Arganzuela,5,Delicias,025,2793,1,14.812677333236222,NA
2022,2,Arganzuela,6,Palos de la Frontera,026,3236,1,14.655721985921904,NA
2022,2,Arganzuela,7,Atocha,027,92,0,14.16717233009709,NA
2022,3,Retiro,1,Pacífico,031,3295,4,14.427433021733494,NA
2022,3,Retiro,2,Adelfas,032,1596,0,14.301619565644437,NA
2022,3,Retiro,3,Estrella,033,1073,4,13.031789593499116,NA
2022,3,Retiro,4,Ibiza,034,2206,3,16.42199744865495,NA
2022,3,Retiro,5,Los Jerónimos,035,499,8,15.030801628183333,NA
2022,3,Retiro,6,Niño Jesús,036,995,15,15.277467795003002,13.711538461538462
2022,4,Salamanca,1,Recoletos,041,1594,0,19.094391027642892,NA
2022,4,Salamanca,2,Goya,042,3683,1,16.736830271975627,NA
2022,4,Salamanca,3,Fuente del Berro,043,2301,21,15.094000936435163,9.870980504183
2022,4,Salamanca,4,Guindalera,044,4209,35,15.164965876382293,NA
2022,4,Salamanca,5,Lista,045,2603,5,16.88451805884909,NA
2022,4,Salamanca,6,Castellana,046,1877,2,18.255781165609545,NA
2022,5,Chamartin,1,El Viso,051,1282,66,16.900100912415763,16.228460849644307
2022,5,Chamartin,2,Prosperidad,052,4397,8,14.767876850872799,NA
2022,5,Chamartin,3,Ciudad Jardín,053,2043,75,15.29645089953253,14.57653754894354
2022,5,Chamartin,4,Hispanoamérica,054,2906,50,16.006809473830458,14.204805882352941
2022,5,Chamartin,5,Nueva España,055,2255,51,16.772370586892134,10.202084391237532
2022,5,Chamartin,6,Castilla,056,1907,14,14.485894706577048,14.726772391180702
2022,6,Tetuan,1,Bellas Vistas,061,3440,16,14.108859376265734,NA
2022,6,Tetuan,2,Cuatro Caminos,062,4433,7,15.516768777776885,NA
2022,6,Tetuan,3,Castillejos,063,3012,0,15.752611235805597,NA
2022,6,Tetuan,4,Almenara,064,1662,27,13.004434040741517,12.295995020604396
2022,6,Tetuan,5,Valdeacederas,065,3044,2,14.02045889835284,NA
2022,6,Tetuan,6,Berruguete,066,3112,9,13.849558049290417,NA
2022,7,Chamberi,1,Gaztambide,071,3508,17,16.983424882496042,15.217391304347828
2022,7,Chamberi,2,Arapiles,072,3592,1,16.83046948632238,NA
2022,7,Chamberi,3,Trafalgar,073,3594,0,17.25014316788311,NA
2022,7,Chamberi,4,Almagro,074,2075,0,17.29662204449981,NA
2022,7,Chamberi,5,Ríos Rosas,075,3750,1,16.808431111858887,NA
2022,7,Chamberi,6,Vallehermoso,076,1987,3,15.836925200363398,NA
2022,8,Fuencarral-El Pardo,1,El Pardo,081,134,36,10.733780769421886,9.775171065493646
2022,8,Fuencarral-El Pardo,2,Fuentelarreina,082,159,5,12.06255906529769,NA
2022,8,Fuencarral-El Pardo,3,Peñagrande,083,2975,101,12.686017956596004,8.215652016335195
2022,8,Fuencarral-El Pardo,4,Pilar,084,4458,2,12.920762461670192,NA
2022,8,Fuencarral-El Pardo,5,La Paz,085,1609,5,11.78103302182199,NA
2022,8,Fuencarral-El Pardo,6,Valverde,086,6274,157,12.77875824055139,9.99436956146617
2022,8,Fuencarral-El Pardo,7,Mirasierra,087,1828,127,13.718426603526781,12.669192058145066
2022,8,Fuencarral-El Pardo,8,El Goloso,088,1808,23,13.526689913720293,18.767474582425564
2022,9,Moncloa-Aravaca,1,Casa de Campo,091,1078,9,13.80609984220038,NA
2022,9,Moncloa-Aravaca,2,Argüelles,092,2952,0,16.344612288813305,NA
2022,9,Moncloa-Aravaca,3,Ciudad Universitaria,093,1436,51,14.89696510605476,11.791066243593086
2022,9,Moncloa-Aravaca,4,Valdezarza,094,2676,51,12.483157225130574,9.335743714839806
2022,9,Moncloa-Aravaca,5,Valdemarín,095,435,31,16.14344633240692,14.838822178477692
2022,9,Moncloa-Aravaca,6,El Plantío,096,87,38,17.263157894736842,10.77608052869258
2022,9,Moncloa-Aravaca,7,Aravaca,097,1481,257,13.619279851015945,12.134532716545783
2022,10,Latina,1,Los Cármenes,101,1144,29,10.877288772437918,NA
2022,10,Latina,2,Puerta del Angel,102,4084,25,11.885215500633224,NA
2022,10,Latina,3,Lucero,103,2684,7,10.682009670951315,NA
2022,10,Latina,4,Aluche,104,4967,15,10.063961636589152,8.522727272727272
2022,10,Latina,5,Campamento,105,1680,14,11.044299088738036,NA
2022,10,Latina,6,Cuatro Vientos,106,327,0,13.745489383199969,NA
2022,10,Latina,7,Águilas,107,3249,10,9.987740155532954,NA
2022,11,Carabanchel,1,Comillas,111,2036,2,11.596485282879376,NA
2022,11,Carabanchel,2,Opañel,112,2905,12,11.17519092709188,NA
2022,11,Carabanchel,3,San Isidro,113,3272,40,11.111605087517207,12.398097826086953
2022,11,Carabanchel,4,Vista Alegre,114,3717,14,10.389892926540302,NA
2022,11,Carabanchel,5,Puerta Bonita,115,2640,14,10.258693174608311,NA
2022,11,Carabanchel,6,Buenavista,116,3235,6,11.460590712341284,NA
2022,11,Carabanchel,7,Abrantes,117,2121,5,10.159147814185888,NA
2022,12,Usera,1,Orcasitas,121,670,61,8.810940554250783,8.568366992155577
2022,12,Usera,2,Orcasur,122,619,3,10.05313229941646,NA
2022,12,Usera,3,San Fermín,123,1229,21,9.40101647058924,8.333333333333334
2022,12,Usera,4,Almendrales,124,1660,7,10.763103034279244,NA
2022,12,Usera,5,Moscardó,125,2079,38,10.845988896297234,11.48706896551724
2022,12,Usera,6,Zofío,126,1012,1,10.353304646980758,NA
2022,12,Usera,7,Pradolongo,127,1270,7,10.207602950299584,NA
2022,13,Puente de Vallecas,1,Entrevías,131,1165,177,9.34492599341264,9.181858288354343
2022,13,Puente de Vallecas,2,San Diego,132,3625,57,11.510870277033057,NA
2022,13,Puente de Vallecas,3,Palomeras Bajas,133,2404,14,9.99474253008224,NA
2022,13,Puente de Vallecas,4,Palomeras Sureste,134,2281,0,10.111998699484623,NA
2022,13,Puente de Vallecas,5,Portazgo,135,1552,1,10.254705393892273,NA
2022,13,Puente de Vallecas,6,Numancia,136,3674,15,11.124163041740736,NA
2022,14,Moratalaz,1,Pavones,141,391,0,10.294006831268149,NA
2022,14,Moratalaz,2,Horcajo,142,194,1,10.567835588808675,NA
2022,14,Moratalaz,3,Marroquina,143,1464,3,11.109538598538737,NA
2022,14,Moratalaz,4,Media Legua,144,1065,0,11.092089000924998,NA
2022,14,Moratalaz,5,Fontarrón,145,1247,1,10.408289501510506,NA
2022,14,Moratalaz,6,Vinateros,146,1374,2,10.848535234500858,NA
2022,15,Ciudad Lineal,1,Ventas,151,4798,9,11.627226564644886,NA
2022,15,Ciudad Lineal,2,Pueblo Nuevo,152,5225,9,11.125762638254455,NA
2022,15,Ciudad Lineal,3,Quintana,153,2819,29,12.390925919856366,13.196206808863575
2022,15,Ciudad Lineal,4,La Concepción,154,2422,38,12.581730625336624,10.234491147452358
2022,15,Ciudad Lineal,5,San Pascual,155,1592,5,13.309621721662044,NA
2022,15,Ciudad Lineal,6,San Juan Bautista,156,1113,11,14.123469761296857,NA
2022,15,Ciudad Lineal,7,Colina,157,663,30,14.630938627287943,13.524041762681573
2022,15,Ciudad Lineal,8,Atalaya,158,160,0,15.451411469598654,NA
2022,15,Ciudad Lineal,9,Costillares,159,1652,6,13.91036434505316,NA
2022,16,Hortaleza,1,Palomas,161,355,58,14.639461428845673,11.138953651132939
2022,16,Hortaleza,2,Piovera,162,700,132,15.100382316371478,12.919021449815318
2022,16,Hortaleza,3,Canillas,163,2690,102,12.350315144309949,9.833650204565156
2022,16,Hortaleza,4,Pinar del Rey,164,3569,32,11.689922453450114,NA
2022,16,Hortaleza,5,Apóstol Santiago,165,741,52,10.947013388000144,11.732120783186692
2022,16,Hortaleza,6,Valdefuentes,166,5348,113,13.6422542838286,15.36332554673894
2022,17,Villaverde,1,"Villaverde Alto, Casco Histórico de Villaverde",171,2740,68,9.361930869446526,8.769739762788232
2022,17,Villaverde,2,San Cristóbal,172,746,1,8.881597718658542,NA
2022,17,Villaverde,3,Butarque,173,1134,6,9.73417120847053,NA
2022,17,Villaverde,4,Los Rosales,174,2231,0,9.639346211952116,NA
2022,17,Villaverde,5,Ángeles,175,1845,0,9.205125281941006,NA
2022,18,Villa de Vallecas,1,Casco Histórico de Vallecas,181,2322,12,10.4578821231657,NA
2022,18,Villa de Vallecas,2,Santa Eugenia,182,916,0,9.064049970185506,NA
2022,18,Villa de Vallecas,3,Ensanche de Vallecas,183,4129,23,12.396626768869382,9.10976598173516
2022,19,Vicalvaro,1,Casco Histórico de Vicálvaro,191,2553,24,10.220793869641573,12.902374409548514
2022,19,Vicalvaro,2,Valdebernardo,192,718,2,8.99754855730282,NA
2022,19,Vicalvaro,3,Valderrivas,193,1062,0,10.350542242898854,NA
2022,19,Vicalvaro,4,El Cañaveral,194,336,7,10.349497126436782,NA
2022,20,San Blas-Canillejas,1,Simancas,201,2590,65,13.202186912406317,10.663792781974253
2022,20,San Blas-Canillejas,2,Hellín,202,526,0,11.131390632151575,NA
2022,20,San Blas-Canillejas,3,Amposta,203,577,0,11.85081464872219,NA
2022,20,San Blas-Canillejas,4,Arcos,204,1287,10,11.183610179348438,NA
2022,20,San Blas-Canillejas,5,Rosas,205,1528,9,11.05484495196764,NA
2022,20,San Blas-Canillejas,6,Rejas,206,1402,29,12.252457457575678,8.075459719865092
2022,20,San Blas-Canillejas,7,Canillejas,207,2045,50,10.761769197760712,10.298745953628991
2022,20,San Blas-Canillejas,8,El Salvador,208,605,64,11.952511665210615,10.502894337656786
2022,21,Barajas,1,Alameda de Osuna,211,1016,13,11.306704182144875,NA
2022,21,Barajas,2,Aeropuerto,212,140,2,11.111111111111112,NA
2022,21,Barajas,3,Casco Histórico de Barajas,213,962,60,11.956552685524944,7.428309387214071
2022,21,Barajas,4,Timón,214,926,33,11.987094663424502,9.958344389188943
2022,21,Barajas,5,Corralejos,215,596,48,13.728613997543414,11.21884651296416
2023,1,Centro,1,Palacio,011,3307,2,16.40126493699277,NA
2023,1,Centro,2,Embajadores,012,6208,3,16.1840636078838,NA
2023,1,Centro,3,Cortes,013,1691,0,16.808030426310683,NA
2023,1,Centro,4,Justicia,014,2558,0,18.04320470388533,NA
2023,1,Centro,5,Universidad,015,5549,3,17.22921347785106,NA
2023,1,Centro,6,Sol,016,1072,0,16.59480619992622,NA
2023,2,Arganzuela,1,Imperial,021,2126,1,15.060070532340033,NA
2023,2,Arganzuela,2,Acacias,022,3373,0,15.18465134998721,NA
2023,2,Arganzuela,3,Chopera,023,2099,1,14.502780940332837,NA
2023,2,Arganzuela,4,Legazpi,024,2004,0,15.70560886507595,NA
2023,2,Arganzuela,5,Delicias,025,2928,1,15.43159605083659,NA
2023,2,Arganzuela,6,Palos de la Frontera,026,3365,1,15.48894265856539,NA
2023,2,Arganzuela,7,Atocha,027,102,0,13.878509963768115,NA
2023,3,Retiro,1,Pacífico,031,3424,3,15.060624647619438,NA
2023,3,Retiro,2,Adelfas,032,1639,0,14.969715111742602,NA
2023,3,Retiro,3,Estrella,033,1115,4,13.607462357099415,NA
2023,3,Retiro,4,Ibiza,034,2267,2,17.211391126904818,NA
2023,3,Retiro,5,Los Jerónimos,035,494,8,15.619394595637392,NA
2023,3,Retiro,6,Niño Jesús,036,1052,17,15.795682527532694,14.212837906587907
2023,4,Salamanca,1,Recoletos,041,1626,0,20.08029522874944,NA
2023,4,Salamanca,2,Goya,042,3772,2,17.735418389396155,NA
2023,4,Salamanca,3,Fuente del Berro,043,2424,24,15.727109044852144,11.559517960954956
2023,4,Salamanca,4,Guindalera,044,4363,36,15.897309171934689,NA
2023,4,Salamanca,5,Lista,045,2672,4,17.75191006256578,NA
2023,4,Salamanca,6,Castellana,046,1896,2,19.542237461485023,NA
2023,5,Chamartin,1,El Viso,051,1337,68,17.669612530810248,17.64552039283697
2023,5,Chamartin,2,Prosperidad,052,4579,8,15.432354489644267,NA
2023,5,Chamartin,3,Ciudad Jardín,053,2114,79,15.940503026561604,15.651041666666664
2023,5,Chamartin,4,Hispanoamérica,054,3018,48,16.798646010721974,14.778530032275507
2023,5,Chamartin,5,Nueva España,055,2347,52,17.481701416990965,12.631252075048867
2023,5,Chamartin,6,Castilla,056,1995,15,15.087925782632004,15.073170731707316
2023,6,Tetuan,1,Bellas Vistas,061,3581,18,14.928966813861727,NA
2023,6,Tetuan,2,Cuatro Caminos,062,4610,8,16.355918870391456,NA
2023,6,Tetuan,3,Castillejos,063,3139,0,16.468744878239608,NA
2023,6,Tetuan,4,Almenara,064,1789,32,13.668591842052257,11.987894664112316
2023,6,Tetuan,5,Valdeacederas,065,3217,2,14.59639127166002,NA
2023,6,Tetuan,6,Berruguete,066,3213,7,14.407291643797722,NA
2023,7,Chamberi,1,Gaztambide,071,3657,16,17.721111063778707,16.473880308880307
2023,7,Chamberi,2,Arapiles,072,3709,1,17.42474282757254,NA
2023,7,Chamberi,3,Trafalgar,073,3733,0,18.062293085099014,NA
2023,7,Chamberi,4,Almagro,074,2138,0,18.136284100261346,NA
2023,7,Chamberi,5,Ríos Rosas,075,3920,1,17.837946871722007,NA
2023,7,Chamberi,6,Vallehermoso,076,2067,4,16.54187324066841,NA
2023,8,Fuencarral-El Pardo,1,El Pardo,081,137,36,10.930799234160089,10
2023,8,Fuencarral-El Pardo,2,Fuentelarreina,082,174,4,12.411697250012754,NA
2023,8,Fuencarral-El Pardo,3,Peñagrande,083,3076,97,13.259692832008504,9.742068647901196
2023,8,Fuencarral-El Pardo,4,Pilar,084,4637,2,13.453537839602632,NA
2023,8,Fuencarral-El Pardo,5,La Paz,085,1648,5,12.279900025725457,NA
2023,8,Fuencarral-El Pardo,6,Valverde,086,6624,170,13.25333786165789,10.458634979205808
2023,8,Fuencarral-El Pardo,7,Mirasierra,087,1874,119,13.997218661939682,13.616541475212228
2023,8,Fuencarral-El Pardo,8,El Goloso,088,1902,25,13.887320974246784,19.6078431372549
2023,9,Moncloa-Aravaca,1,Casa de Campo,091,1128,12,14.338484149395873,NA
2023,9,Moncloa-Aravaca,2,Argüelles,092,3075,0,17.2831997086231,NA
2023,9,Moncloa-Aravaca,3,Ciudad Universitaria,093,1479,50,15.40488339482527,12.096012574025142
2023,9,Moncloa-Aravaca,4,Valdezarza,094,2849,50,13.031851102501987,9.194654438556745
2023,9,Moncloa-Aravaca,5,Valdemarín,095,452,31,16.692271961077275,16.634189877483948
2023,9,Moncloa-Aravaca,6,El Plantío,096,91,36,17.950819672131146,10.279521337598673
2023,9,Moncloa-Aravaca,7,Aravaca,097,1525,255,14.062457108186054,12.615938001089356
2023,10,Latina,1,Los Cármenes,101,1214,29,11.270649729358619,NA
2023,10,Latina,2,Puerta del Angel,102,4297,26,12.465885474880299,NA
2023,10,Latina,3,Lucero,103,2849,8,11.177208951039889,NA
2023,10,Latina,4,Aluche,104,5237,15,10.452133515007327,8.620689655172415
2023,10,Latina,5,Campamento,105,1767,14,11.461802112584628,NA
2023,10,Latina,6,Cuatro Vientos,106,346,0,14.453751209478808,NA
2023,10,Latina,7,Águilas,107,3435,10,10.408701625560832,NA
2023,11,Carabanchel,1,Comillas,111,2177,2,12.1275542302308,NA
2023,11,Carabanchel,2,Opañel,112,3076,14,11.561960878571265,NA
2023,11,Carabanchel,3,San Isidro,113,3444,40,11.618689711696975,12.5
2023,11,Carabanchel,4,Vista Alegre,114,3934,16,10.817429097624276,NA
2023,11,Carabanchel,5,Puerta Bonita,115,2828,13,10.81848280393588,NA
2023,11,Carabanchel,6,Buenavista,116,3382,6,11.909440872403794,NA
2023,11,Carabanchel,7,Abrantes,117,2243,5,10.55988447608831,NA
2023,12,Usera,1,Orcasitas,121,708,66,9.101685387261423,8.807674228913497
2023,12,Usera,2,Orcasur,122,660,2,10.543940780244682,NA
2023,12,Usera,3,San Fermín,123,1268,22,9.840657699784535,10.092592592592592
2023,12,Usera,4,Almendrales,124,1769,5,11.220097121536394,NA
2023,12,Usera,5,Moscardó,125,2203,44,11.323646520350556,12.142910721940893
2023,12,Usera,6,Zofío,126,1063,4,10.796442936439037,NA
2023,12,Usera,7,Pradolongo,127,1342,6,10.727623824895957,NA
2023,13,Puente de Vallecas,1,Entrevías,131,1259,179,9.508002718238474,9.457336180574476
2023,13,Puente de Vallecas,2,San Diego,132,3818,60,12.09334519961613,NA
2023,13,Puente de Vallecas,3,Palomeras Bajas,133,2551,15,10.384980589873868,11.054222470238095
2023,13,Puente de Vallecas,4,Palomeras Sureste,134,2410,0,10.510999698544166,NA
2023,13,Puente de Vallecas,5,Portazgo,135,1653,1,10.6744294852716,NA
2023,13,Puente de Vallecas,6,Numancia,136,3837,20,11.604189106265828,NA
2023,14,Moratalaz,1,Pavones,141,410,0,10.766856752079393,NA
2023,14,Moratalaz,2,Horcajo,142,210,1,11.0341877245015,NA
2023,14,Moratalaz,3,Marroquina,143,1527,2,11.52971917080312,NA
2023,14,Moratalaz,4,Media Legua,144,1107,1,11.594891044082953,NA
2023,14,Moratalaz,5,Fontarrón,145,1328,0,10.959884207459604,NA
2023,14,Moratalaz,6,Vinateros,146,1452,2,11.254009539903157,NA
2023,15,Ciudad Lineal,1,Ventas,151,5107,10,12.134211717223202,NA
2023,15,Ciudad Lineal,2,Pueblo Nuevo,152,5545,11,11.645408473230262,NA
2023,15,Ciudad Lineal,3,Quintana,153,2953,33,12.891008146787968,13.80542208211762
2023,15,Ciudad Lineal,4,La Concepción,154,2515,37,13.206664492391791,10.575791022810888
2023,15,Ciudad Lineal,5,San Pascual,155,1684,6,13.869171508941372,NA
2023,15,Ciudad Lineal,6,San Juan Bautista,156,1159,11,14.66483558294132,NA
2023,15,Ciudad Lineal,7,Colina,157,685,26,15.34029931229131,13.155358052473812
2023,15,Ciudad Lineal,8,Atalaya,158,161,0,16.19618905533228,NA
2023,15,Ciudad Lineal,9,Costillares,159,1741,8,14.384023846943359,NA
2023,16,Hortaleza,1,Palomas,161,393,55,15.095811076794089,11.197331358370981
2023,16,Hortaleza,2,Piovera,162,733,133,15.67919303630668,12.86364730708337
2023,16,Hortaleza,3,Canillas,163,2782,114,12.949283774575107,10.425183298677538
2023,16,Hortaleza,4,Pinar del Rey,164,3767,32,12.215217564924018,14.015859593837538
2023,16,Hortaleza,5,Apóstol Santiago,165,787,55,11.56317043051191,12.334278298081065
2023,16,Hortaleza,6,Valdefuentes,166,5596,114,14.074318584474998,16.023689209376094
2023,17,Villaverde,1,"Villaverde Alto, Casco Histórico de Villaverde",171,2919,66,9.789710491805835,9.041003699725504
2023,17,Villaverde,2,San Cristóbal,172,799,1,9.388727958661143,NA
2023,17,Villaverde,3,Butarque,173,1188,6,10.087771697491974,NA
2023,17,Villaverde,4,Los Rosales,174,2358,0,10.095975993249477,NA
2023,17,Villaverde,5,Ángeles,175,1975,0,9.641600748038975,NA
2023,18,Villa de Vallecas,1,Casco Histórico de Vallecas,181,2411,10,10.931462590173336,NA
2023,18,Villa de Vallecas,2,Santa Eugenia,182,959,0,9.414271412380442,NA
2023,18,Villa de Vallecas,3,Ensanche de Vallecas,183,4358,25,12.812383183378346,9.291923515981736
2023,19,Vicalvaro,1,Casco Histórico de Vicálvaro,191,2676,27,10.614069195463244,13.952074992191273
2023,19,Vicalvaro,2,Valdebernardo,192,757,2,9.313977971301245,NA
2023,19,Vicalvaro,3,Valderrivas,193,1090,0,10.675497578476223,NA
2023,19,Vicalvaro,4,El Cañaveral,194,412,14,10.679611650485434,9.367189636313919
2023,20,San Blas-Canillejas,1,Simancas,201,2724,73,13.654706953261897,11.114343434343434
2023,20,San Blas-Canillejas,2,Hellín,202,558,0,11.496877019989299,NA
2023,20,San Blas-Canillejas,3,Amposta,203,611,0,12.319758706273513,NA
2023,20,San Blas-Canillejas,4,Arcos,204,1364,10,11.697323065038201,NA
2023,20,San Blas-Canillejas,5,Rosas,205,1592,8,11.455893685607407,NA
2023,20,San Blas-Canillejas,6,Rejas,206,1456,28,12.725529388767582,7.725577174242311
2023,20,San Blas-Canillejas,7,Canillejas,207,2123,49,11.227460157036981,10.341844653907144
2023,20,San Blas-Canillejas,8,El Salvador,208,625,63,12.428305962374463,10.856915378416721
2023,21,Barajas,1,Alameda de Osuna,211,1047,13,11.753913487522222,NA
2023,21,Barajas,2,Aeropuerto,212,156,2,11.330640605581289,NA
2023,21,Barajas,3,Casco Histórico de Barajas,213,1017,65,12.455798366159494,7.6529556564314065
2023,21,Barajas,4,Timón,214,1059,33,12.554258508338208,11.09575631087259
2023,21,Barajas,5,Corralejos,215,619,50,14.134838913199667,11.411100613654886
