anio,distrito_num,distrito_nombre,barrio_num,barrio_nombre,codigo_barrio,total_hogares,hog_mujer_sola_16_64,hog_hombre_solo_16_64,hog_dos_adultos_sin_menores,hog_dos_adultos_1_menor,hog_dos_adultos_2_menores,hog_dos_adultos_3mas_menores,hog_mujer_adulta_con_menores,hog_hombre_adulto_con_menores
2017,1,Centro,1,Palacio,011,11178,1843,2020,1957,416,232,47,189,33
2017,1,Centro,2,Embajadores,012,21803,3805,4252,4054,758,455,96,341,63
2017,1,Centro,3,Cortes,013,5406,982,1130,990,155,91,24,75,21
2017,1,Centro,4,Justicia,014,8335,1475,1778,1491,251,158,46,131,34
2017,1,Centro,5,Universidad,015,15707,2879,3092,2840,527,326,56,232,51
2017,1,Centro,6,Sol,016,3770,675,812,685,120,56,10,42,10
2017,2,Arganzuela,1,Imperial,021,9563,1108,900,1379,503,498,80,169,29
2017,2,Arganzuela,2,Acacias,022,15308,1694,1352,2016,767,703,124,243,40
2017,2,Arganzuela,3,Chopera,023,8427,860,740,1159,399,256,32,133,22
2017,2,Arganzuela,4,Legazpi,024,7391,838,895,1325,779,812,131,212,47
2017,2,Arganzuela,5,Delicias,025,11405,1350,1210,1734,778,703,107,229,60
2017,2,Arganzuela,6,Palos de la Frontera,026,11646,1576,1471,1878,491,373,50,153,19
2017,2,Arganzuela,7,Atocha,027,420,44,46,59,41,46,8,13,6
2017,3,Retiro,1,Pacífico,031,14592,1578,1276,1890,630,545,124,247,64
2017,3,Retiro,2,Adelfas,032,7464,824,684,1035,438,428,99,121,35
2017,3,Retiro,3,Estrella,033,8599,440,414,679,292,437,136,106,28
2017,3,Retiro,4,Ibiza,034,9223,1040,811,1073,442,397,101,159,41
2017,3,Retiro,5,Los Jerónimos,035,2805,221,285,287,101,95,26,39,14
2017,3,Retiro,6,Niño Jesús,036,5570,340,296,465,235,269,116,84,23
2017,4,Salamanca,1,Recoletos,041,6623,946,863,801,230,167,79,102,36
2017,4,Salamanca,2,Goya,042,13074,1817,1354,1698,568,410,117,193,47
2017,4,Salamanca,3,Fuente del Berro,043,9095,1147,851,1196,423,317,77,154,29
2017,4,Salamanca,4,Guindalera,044,17282,2008,1618,2125,655,670,188,256,50
2017,4,Salamanca,5,Lista,045,9130,1187,925,1159,361,274,107,153,37
2017,4,Salamanca,6,Castellana,046,6896,891,804,829,189,179,99,68,20
2017,5,Chamartin,1,El Viso,051,6041,527,519,616,223,227,116,74,30
2017,5,Chamartin,2,Prosperidad,052,15682,1828,1459,2035,706,604,142,218,54
2017,5,Chamartin,3,Ciudad Jardín,053,7804,915,736,963,389,295,80,164,26
2017,5,Chamartin,4,Hispanoamérica,054,12237,1159,975,1291,501,575,242,230,49
2017,5,Chamartin,5,Nueva España,055,8985,928,813,932,355,433,232,143,51
2017,5,Chamartin,6,Castilla,056,6503,595,578,774,249,264,122,76,35
2017,6,Tetuan,1,Bellas Vistas,061,11626,1362,1299,1551,553,372,70,178,39
2017,6,Tetuan,2,Cuatro Caminos,062,14807,1855,1643,1904,593,456,126,211,54
2017,6,Tetuan,3,Castillejos,063,9112,1164,1133,1276,339,228,62,118,31
2017,6,Tetuan,4,Almenara,064,9125,993,1028,1252,438,287,73,203,27
2017,6,Tetuan,5,Valdeacederas,065,10414,1355,1228,1666,633,403,77,203,33
2017,6,Tetuan,6,Berruguete,066,10074,1332,1089,1491,531,383,61,211,38
2017,7,Chamberi,1,Gaztambide,071,10242,1365,1097,1277,353,291,78,121,23
2017,7,Chamberi,2,Arapiles,072,11064,1543,1185,1462,408,353,98,184,36
2017,7,Chamberi,3,Trafalgar,073,11580,1882,1539,1739,458,378,101,195,36
2017,7,Chamberi,4,Almagro,074,7990,957,946,960,282,284,94,132,34
2017,7,Chamberi,5,Ríos Rosas,075,11894,1595,1250,1575,513,397,130,210,36
2017,7,Chamberi,6,Vallehermoso,076,8190,932,671,816,242,303,107,92,24
2017,8,Fuencarral-El Pardo,1,El Pardo,081,1293,81,87,123,74,60,18,15,8
2017,8,Fuencarral-El Pardo,2,Fuentelarreina,082,1093,53,53,67,24,41,35,22,6
2017,8,Fuencarral-El Pardo,3,Peñagrande,083,16755,1102,994,1628,800,890,205,348,86
2017,8,Fuencarral-El Pardo,4,Pilar,084,19272,1501,1300,2222,972,630,123,298,41
2017,8,Fuencarral-El Pardo,5,La Paz,085,12456,569,431,1064,484,536,144,132,27
2017,8,Fuencarral-El Pardo,6,Valverde,086,22081,1798,2054,2627,2080,2689,738,952,273
2017,8,Fuencarral-El Pardo,7,Mirasierra,087,9915,620,615,849,685,899,411,324,97
2017,8,Fuencarral-El Pardo,8,El Goloso,088,5317,460,544,575,671,1081,398,335,131
2017,9,Moncloa-Aravaca,1,Casa de Campo,091,5524,499,554,716,284,218,36,82,12
2017,9,Moncloa-Aravaca,2,Argüelles,092,10379,1236,1229,1391,416,296,106,134,38
2017,9,Moncloa-Aravaca,3,Ciudad Universitaria,093,6063,502,543,611,239,270,113,93,28
2017,9,Moncloa-Aravaca,4,Valdezarza,094,12019,953,830,1284,631,576,82,256,61
2017,9,Moncloa-Aravaca,5,Valdemarín,095,1843,144,152,152,89,178,134,109,25
2017,9,Moncloa-Aravaca,6,El Plantío,096,830,28,47,65,35,65,45,27,14
2017,9,Moncloa-Aravaca,7,Aravaca,097,8235,483,527,719,516,642,310,286,73
2017,10,Latina,1,Los Cármenes,101,6473,460,516,815,363,331,79,177,34
2017,10,Latina,2,Puerta del Angel,102,17260,1746,1682,2227,857,587,136,319,59
2017,10,Latina,3,Lucero,103,13973,989,1024,1392,788,598,99,277,58
2017,10,Latina,4,Aluche,104,26347,1505,1354,2409,1299,998,137,429,75
2017,10,Latina,5,Campamento,105,7283,465,552,761,360,272,85,126,26
2017,10,Latina,6,Cuatro Vientos,106,2095,288,325,289,289,268,47,97,24
2017,10,Latina,7,Águilas,107,20611,1194,1234,2036,1125,973,120,389,59
2017,11,Carabanchel,1,Comillas,111,9397,877,763,1052,498,276,57,178,39
2017,11,Carabanchel,2,Opañel,112,12910,1169,1029,1524,687,439,72,238,44
2017,11,Carabanchel,3,San Isidro,113,14867,1285,1230,1771,857,597,134,329,37
2017,11,Carabanchel,4,Vista Alegre,114,16991,1197,1031,1771,850,579,126,308,45
2017,11,Carabanchel,5,Puerta Bonita,115,12193,871,879,1359,760,620,113,292,36
2017,11,Carabanchel,6,Buenavista,116,16674,1337,1553,1950,1658,1985,276,587,106
2017,11,Carabanchel,7,Abrantes,117,10810,688,710,1144,719,736,147,259,50
2017,12,Usera,1,Orcasitas,121,8382,456,473,876,648,746,99,232,35
2017,12,Usera,2,Orcasur,122,4657,318,395,580,299,264,70,132,23
2017,12,Usera,3,San Fermín,123,8100,482,657,910,648,696,138,267,45
2017,12,Usera,4,Almendrales,124,7516,564,586,870,434,311,62,147,21
2017,12,Usera,5,Moscardó,125,9649,721,690,1140,501,336,67,185,30
2017,12,Usera,6,Zofío,126,4921,315,322,578,298,190,27,113,12
2017,12,Usera,7,Pradolongo,127,5893,383,382,654,304,200,49,128,13
2017,13,Puente de Vallecas,1,Entrevías,131,12587,745,846,1373,660,553,152,289,44
2017,13,Puente de Vallecas,2,San Diego,132,15401,1452,1689,2109,934,564,148,404,61
2017,13,Puente de Vallecas,3,Palomeras Bajas,133,14837,1102,1099,1816,941,698,133,365,54
2017,13,Puente de Vallecas,4,Palomeras Sureste,134,15815,941,1141,1939,988,848,148,345,56
2017,13,Puente de Vallecas,5,Portazgo,135,10615,674,688,1240,588,440,103,239,28
2017,13,Puente de Vallecas,6,Numancia,136,17805,1465,1566,2297,933,654,158,400,52
2017,14,Moratalaz,1,Pavones,141,3258,171,163,370,167,192,37,70,7
2017,14,Moratalaz,2,Horcajo,142,2180,166,155,296,197,240,37,74,13
2017,14,Moratalaz,3,Marroquina,143,10818,653,543,1035,489,446,102,189,37
2017,14,Moratalaz,4,Media Legua,144,7136,474,433,758,318,252,55,98,19
2017,14,Moratalaz,5,Fontarrón,145,6793,407,432,651,347,259,49,134,16
2017,14,Moratalaz,6,Vinateros,146,7200,499,458,683,370,270,43,124,22
2017,15,Ciudad Lineal,1,Ventas,151,19770,1685,1497,2207,1018,667,110,352,57
2017,15,Ciudad Lineal,2,Pueblo Nuevo,152,23577,1791,1590,2636,1291,999,160,406,63
2017,15,Ciudad Lineal,3,Quintana,153,10194,1030,826,1236,547,334,48,183,28
2017,15,Ciudad Lineal,4,La Concepción,154,8956,956,723,1029,457,358,77,195,26
2017,15,Ciudad Lineal,5,San Pascual,155,7475,638,503,849,365,349,70,168,24
2017,15,Ciudad Lineal,6,San Juan Bautista,156,4782,397,379,472,270,302,68,133,30
2017,15,Ciudad Lineal,7,Colina,157,2482,250,222,261,147,145,43,70,23
2017,15,Ciudad Lineal,8,Atalaya,158,566,60,39,66,28,32,10,17,5
2017,15,Ciudad Lineal,9,Costillares,159,7857,550,477,716,367,452,223,209,60
2017,16,Hortaleza,1,Palomas,161,2168,115,132,188,148,241,79,72,17
2017,16,Hortaleza,2,Piovera,162,4755,337,355,489,307,379,143,134,34
2017,16,Hortaleza,3,Canillas,163,15896,1070,965,1674,879,807,148,289,59
2017,16,Hortaleza,4,Pinar del Rey,164,20965,1411,1299,2147,1175,957,176,444,74
2017,16,Hortaleza,5,Apóstol Santiago,165,5741,358,393,649,283,271,58,120,21
2017,16,Hortaleza,6,Valdefuentes,166,18140,1643,2123,2447,2134,2627,741,862,273
2017,17,Villaverde,1,"Villaverde Alto, Casco Histórico de Villaverde",171,16016,1005,1170,1899,1070,929,206,434,61
2017,17,Villaverde,2,San Cristóbal,172,5011,220,351,474,299,236,125,122,17
2017,17,Villaverde,3,Butarque,173,6117,427,579,832,788,933,116,260,51
2017,17,Villaverde,4,Los Rosales,174,13010,745,833,1507,928,863,141,302,64
2017,17,Villaverde,5,Ángeles,175,11814,578,631,1042,588,468,92,220,28
2017,18,Villa de Vallecas,1,Casco Histórico de Vallecas,181,31536,3493,4059,4768,3552,3094,537,1266,226
2017,18,Villa de Vallecas,2,Santa Eugenia,182,8828,451,405,1027,489,437,64,159,26
2017,19,Vicalvaro,1,Casco Histórico de Vicálvaro,191,18262,1268,1486,2191,1847,2258,350,629,141
2017,19,Vicalvaro,2,Valdebernardo,192,7230,386,457,764,458,344,66,164,23
2017,20,San Blas-Canillejas,1,Simancas,201,10600,948,990,1389,725,692,117,300,57
2017,20,San Blas-Canillejas,2,Hellín,202,3675,208,243,377,188,128,31,73,13
2017,20,San Blas-Canillejas,3,Amposta,203,3317,212,283,372,184,142,23,88,11
2017,20,San Blas-Canillejas,4,Arcos,204,8908,552,643,1048,631,629,107,215,39
2017,20,San Blas-Canillejas,5,Rosas,205,10932,674,665,1196,1065,1389,176,330,72
2017,20,San Blas-Canillejas,6,Rejas,206,6436,662,859,985,625,651,115,222,64
2017,20,San Blas-Canillejas,7,Canillejas,207,10829,645,700,1157,640,470,77,218,32
2017,20,San Blas-Canillejas,8,El Salvador,208,4265,298,292,428,266,218,37,94,17
2017,21,Barajas,1,Alameda de Osuna,211,7103,369,344,600,479,592,158,187,59
2017,21,Barajas,2,Aeropuerto,212,674,36,78,79,44,39,8,14,6
2017,21,Barajas,3,Casco Histórico de Barajas,213,3046,315,328,503,186,104,19,49,6
2017,21,Barajas,4,Timón,214,4160,388,430,618,442,415,72,146,35
2017,21,Barajas,5,Corralejos,215,2501,193,210,268,271,405,107,113,41
2018,1,Centro,1,Palacio,011,11196,1854,1982,1996,428,232,43,182,30
2018,1,Centro,2,Embajadores,012,21888,3857,4348,4101,758,439,99,326,56
2018,1,Centro,3,Cortes,013,5425,990,1121,1009,177,92,17,67,22
2018,1,Centro,4,Justicia,014,8371,1448,1785,1559,263,157,40,118,33
2018,1,Centro,5,Universidad,015,15803,2908,3134,2933,524,324,58,227,41
2018,1,Centro,6,Sol,016,3728,638,840,679,106,51,10,50,9
2018,2,Arganzuela,1,Imperial,021,9615,1081,911,1400,512,483,88,155,30
2018,2,Arganzuela,2,Acacias,022,15376,1710,1341,1991,783,666,128,236,37
2018,2,Arganzuela,3,Chopera,023,8497,911,760,1189,385,271,30,123,26
2018,2,Arganzuela,4,Legazpi,024,7488,828,900,1296,767,830,137,201,51
2018,2,Arganzuela,5,Delicias,025,11471,1317,1226,1712,793,704,94,223,63
2018,2,Arganzuela,6,Palos de la Frontera,026,11708,1598,1487,1857,487,366,48,161,25
2018,2,Arganzuela,7,Atocha,027,421,43,41,55,36,43,12,13,5
2018,3,Retiro,1,Pacífico,031,14628,1567,1298,1930,627,532,119,238,53
2018,3,Retiro,2,Adelfas,032,7577,806,709,1051,462,424,91,135,37
2018,3,Retiro,3,Estrella,033,8622,414,402,695,312,450,154,107,30
2018,3,Retiro,4,Ibiza,034,9238,1054,811,1097,416,416,104,163,39
2018,3,Retiro,5,Los Jerónimos,035,2810,230,288,273,99,101,32,40,8
2018,3,Retiro,6,Niño Jesús,036,5629,346,307,454,256,271,123,85,24
2018,4,Salamanca,1,Recoletos,041,6674,943,852,810,238,171,70,104,29
2018,4,Salamanca,2,Goya,042,13171,1813,1335,1747,580,413,119,179,39
2018,4,Salamanca,3,Fuente del Berro,043,9169,1166,830,1234,431,323,83,154,27
2018,4,Salamanca,4,Guindalera,044,17513,2038,1643,2191,692,693,196,260,57
2018,4,Salamanca,5,Lista,045,9222,1230,937,1186,337,284,103,152,36
2018,4,Salamanca,6,Castellana,046,6864,898,800,810,187,188,77,67,21
2018,5,Chamartin,1,El Viso,051,6060,508,505,639,216,226,128,67,36
2018,5,Chamartin,2,Prosperidad,052,15842,1807,1464,2049,744,602,147,233,58
2018,5,Chamartin,3,Ciudad Jardín,053,7899,917,769,1019,368,314,90,165,23
2018,5,Chamartin,4,Hispanoamérica,054,12281,1153,987,1290,522,587,254,221,52
2018,5,Chamartin,5,Nueva España,055,9164,950,832,975,369,457,244,166,54
2018,5,Chamartin,6,Castilla,056,6583,610,576,769,254,265,125,87,33
2018,6,Tetuan,1,Bellas Vistas,061,11767,1399,1338,1626,536,360,78,175,37
2018,6,Tetuan,2,Cuatro Caminos,062,14866,1817,1658,1926,595,472,130,195,55
2018,6,Tetuan,3,Castillejos,063,9266,1204,1146,1297,359,232,59,118,32
2018,6,Tetuan,4,Almenara,064,9286,1048,1046,1367,453,304,72,192,32
2018,6,Tetuan,5,Valdeacederas,065,10494,1352,1241,1707,612,392,86,200,36
2018,6,Tetuan,6,Berruguete,066,10143,1312,1134,1500,549,356,67,200,26
2018,7,Chamberi,1,Gaztambide,071,10359,1396,1133,1291,358,290,85,130,27
2018,7,Chamberi,2,Arapiles,072,11137,1584,1191,1495,430,364,93,167,28
2018,7,Chamberi,3,Trafalgar,073,11622,1899,1538,1754,457,375,91,174,40
2018,7,Chamberi,4,Almagro,074,8033,959,917,1031,279,289,98,128,30
2018,7,Chamberi,5,Ríos Rosas,075,12014,1609,1333,1580,510,398,136,204,42
2018,7,Chamberi,6,Vallehermoso,076,8326,932,700,852,275,306,110,106,22
2018,8,Fuencarral-El Pardo,1,El Pardo,081,1317,87,91,134,83,59,17,22,7
2018,8,Fuencarral-El Pardo,2,Fuentelarreina,082,1107,56,47,64,29,51,41,21,7
2018,8,Fuencarral-El Pardo,3,Peñagrande,083,16860,1060,1016,1665,801,901,211,357,84
2018,8,Fuencarral-El Pardo,4,Pilar,084,19413,1493,1340,2231,989,661,113,303,33
2018,8,Fuencarral-El Pardo,5,La Paz,085,12541,559,452,1010,477,573,137,145,28
2018,8,Fuencarral-El Pardo,6,Valverde,086,22497,1768,2064,2663,2077,2778,776,954,267
2018,8,Fuencarral-El Pardo,7,Mirasierra,087,10333,622,673,902,722,937,459,324,96
2018,8,Fuencarral-El Pardo,8,El Goloso,088,5484,465,520,559,682,1105,413,364,126
2018,9,Moncloa-Aravaca,1,Casa de Campo,091,5575,503,557,731,281,222,36,91,12
2018,9,Moncloa-Aravaca,2,Argüelles,092,10373,1231,1209,1362,422,300,103,140,35
2018,9,Moncloa-Aravaca,3,Ciudad Universitaria,093,6103,507,534,613,249,272,99,97,31
2018,9,Moncloa-Aravaca,4,Valdezarza,094,12093,971,845,1299,676,574,84,254,60
2018,9,Moncloa-Aravaca,5,Valdemarín,095,1868,133,150,164,91,183,132,110,30
2018,9,Moncloa-Aravaca,6,El Plantío,096,844,35,51,67,38,62,49,17,10
2018,9,Moncloa-Aravaca,7,Aravaca,097,8363,498,518,707,506,662,339,268,74
2018,10,Latina,1,Los Cármenes,101,6518,468,522,833,364,327,76,150,26
2018,10,Latina,2,Puerta del Angel,102,17385,1776,1733,2305,839,563,126,333,59
2018,10,Latina,3,Lucero,103,13969,972,1007,1447,760,571,95,271,48
2018,10,Latina,4,Aluche,104,26505,1481,1387,2492,1278,975,140,435,69
2018,10,Latina,5,Campamento,105,7340,464,544,774,367,276,91,142,25
2018,10,Latina,6,Cuatro Vientos,106,2180,295,340,292,288,288,46,94,23
2018,10,Latina,7,Águilas,107,20703,1215,1280,2035,1138,929,115,390,65
2018,11,Carabanchel,1,Comillas,111,9470,860,819,1106,497,284,57,180,31
2018,11,Carabanchel,2,Opañel,112,13013,1168,1045,1564,679,455,79,237,34
2018,11,Carabanchel,3,San Isidro,113,15000,1307,1248,1812,844,596,127,313,28
2018,11,Carabanchel,4,Vista Alegre,114,17125,1192,1054,1780,853,573,120,306,43
2018,11,Carabanchel,5,Puerta Bonita,115,12319,863,865,1391,766,608,123,292,30
2018,11,Carabanchel,6,Buenavista,116,16947,1335,1567,1950,1653,1993,270,591,113
2018,11,Carabanchel,7,Abrantes,117,10906,721,710,1181,705,718,135,238,53
2018,12,Usera,1,Orcasitas,121,8429,457,498,874,629,745,106,223,44
2018,12,Usera,2,Orcasur,122,4692,337,386,584,307,247,68,136,23
2018,12,Usera,3,San Fermín,123,8210,510,678,923,655,628,140,275,42
2018,12,Usera,4,Almendrales,124,7619,581,613,870,435,343,66,154,18
2018,12,Usera,5,Moscardó,125,9689,718,720,1149,503,319,67,190,23
2018,12,Usera,6,Zofío,126,4961,319,324,589,281,190,33,109,10
2018,12,Usera,7,Pradolongo,127,5944,400,391,676,320,190,52,115,16
2018,13,Puente de Vallecas,1,Entrevías,131,12621,748,854,1440,664,526,142,271,41
2018,13,Puente de Vallecas,2,San Diego,132,15589,1471,1749,2140,893,582,167,412,51
2018,13,Puente de Vallecas,3,Palomeras Bajas,133,14923,1110,1106,1828,900,650,139,335,43
2018,13,Puente de Vallecas,4,Palomeras Sureste,134,15908,955,1164,1947,986,825,152,370,50
2018,13,Puente de Vallecas,5,Portazgo,135,10702,714,719,1272,575,425,98,256,28
2018,13,Puente de Vallecas,6,Numancia,136,17978,1507,1584,2339,937,606,168,419,39
2018,14,Moratalaz,1,Pavones,141,3268,159,160,382,156,184,33,64,10
2018,14,Moratalaz,2,Horcajo,142,2162,159,162,286,178,231,31,73,11
2018,14,Moratalaz,3,Marroquina,143,10822,631,557,1042,466,429,98,180,32
2018,14,Moratalaz,4,Media Legua,144,7143,491,414,754,303,241,53,115,23
2018,14,Moratalaz,5,Fontarrón,145,6846,422,448,667,337,258,56,143,20
2018,14,Moratalaz,6,Vinateros,146,7209,505,456,691,358,265,37,143,22
2018,15,Ciudad Lineal,1,Ventas,151,19750,1725,1485,2186,1004,676,105,349,61
2018,15,Ciudad Lineal,2,Pueblo Nuevo,152,23750,1742,1653,2686,1213,968,142,414,68
2018,15,Ciudad Lineal,3,Quintana,153,10271,1089,835,1234,530,320,45,197,28
2018,15,Ciudad Lineal,4,La Concepción,154,9035,977,749,1019,475,336,72,187,38
2018,15,Ciudad Lineal,5,San Pascual,155,7508,648,533,861,353,356,74,162,26
2018,15,Ciudad Lineal,6,San Juan Bautista,156,4821,398,379,486,290,298,73,146,27
2018,15,Ciudad Lineal,7,Colina,157,2529,245,206,278,143,146,40,74,30
2018,15,Ciudad Lineal,8,Atalaya,158,560,58,38,57,23,27,15,25,4
2018,15,Ciudad Lineal,9,Costillares,159,7932,529,479,740,370,457,216,201,58
2018,16,Hortaleza,1,Palomas,161,2202,104,139,193,144,242,76,74,20
2018,16,Hortaleza,2,Piovera,162,4847,324,356,489,311,401,140,150,37
2018,16,Hortaleza,3,Canillas,163,15963,1080,958,1685,864,805,141,300,63
2018,16,Hortaleza,4,Pinar del Rey,164,21134,1412,1372,2201,1156,948,175,450,71
2018,16,Hortaleza,5,Apóstol Santiago,165,5763,353,396,681,273,265,63,119,20
2018,16,Hortaleza,6,Valdefuentes,166,18865,1649,2141,2416,2233,2836,756,867,286
2018,17,Villaverde,1,"Villaverde Alto, Casco Histórico de Villaverde",171,16209,1009,1200,1912,1056,911,208,435,66
2018,17,Villaverde,2,San Cristóbal,172,5063,222,355,503,278,227,137,124,17
2018,17,Villaverde,3,Butarque,173,6389,433,589,829,786,954,136,298,54
2018,17,Villaverde,4,Los Rosales,174,13100,733,824,1561,868,817,133,286,60
2018,17,Villaverde,5,Ángeles,175,11835,582,622,1065,576,454,85,217,30
2018,18,Villa de Vallecas,1,Casco Histórico de Vallecas,181,14727,981,1188,1762,1086,994,247,389,69
2018,18,Villa de Vallecas,2,Santa Eugenia,182,8865,455,393,990,498,418,63,155,27
2018,18,Villa de Vallecas,3,Ensanche de Vallecas,183,17857,2539,2985,3114,2516,2262,327,875,169
2018,19,Vicalvaro,1,Casco Histórico de Vicálvaro,191,13068,750,892,1476,820,617,176,324,35
2018,19,Vicalvaro,2,Valdebernardo,192,6086,421,439,758,464,446,56,145,29
2018,19,Vicalvaro,3,Valderrivas,193,6308,467,583,694,929,1436,170,322,81
2018,19,Vicalvaro,4,El Cañaveral,194,404,45,74,102,57,31,7,13,4
2018,20,San Blas-Canillejas,1,Simancas,201,10716,965,997,1424,716,672,123,299,49
2018,20,San Blas-Canillejas,2,Hellín,202,3683,220,250,399,183,124,25,65,11
2018,20,San Blas-Canillejas,3,Amposta,203,3332,213,289,370,192,144,22,97,7
2018,20,San Blas-Canillejas,4,Arcos,204,8965,552,652,1062,632,630,103,204,33
2018,20,San Blas-Canillejas,5,Rosas,205,11012,679,668,1207,995,1219,157,310,65
2018,20,San Blas-Canillejas,6,Rejas,206,6590,647,869,1013,645,659,123,238,58
2018,20,San Blas-Canillejas,7,Canillejas,207,10906,651,723,1181,640,493,78,218,28
2018,20,San Blas-Canillejas,8,El Salvador,208,4258,273,299,418,250,197,33,89,23
2018,21,Barajas,1,Alameda de Osuna,211,7170,365,358,593,470,600,148,182,59
2018,21,Barajas,2,Aeropuerto,212,675,30,75,80,55,39,10,13,5
2018,21,Barajas,3,Casco Histórico de Barajas,213,3064,307,343,483,200,100,18,48,7
2018,21,Barajas,4,Timón,214,4393,420,450,607,470,451,90,174,39
2018,21,Barajas,5,Corralejos,215,2541,186,203,295,246,410,98,109,42
2019,1,Centro,1,Palacio,011,11305,1845,1951,2065,395,244,43,155,31
2019,1,Centro,2,Embajadores,012,22089,3891,4361,4244,702,423,88,336,59
2019,1,Centro,3,Cortes,013,5406,954,1111,986,169,87,20,69,22
2019,1,Centro,4,Justicia,014,8582,1433,1863,1606,259,161,41,117,30
2019,1,Centro,5,Universidad,015,16189,2890,3261,3110,523,313,49,202,40
2019,1,Centro,6,Sol,016,3725,614,805,687,109,47,10,43,12
2019,2,Arganzuela,1,Imperial,021,9633,1062,915,1359,500,478,73,142,23
2019,2,Arganzuela,2,Acacias,022,15442,1700,1319,2036,727,636,128,245,45
2019,2,Arganzuela,3,Chopera,023,8585,934,782,1260,414,271,31,124,26
2019,2,Arganzuela,4,Legazpi,024,7628,827,884,1370,734,813,151,195,49
2019,2,Arganzuela,5,Delicias,025,11525,1320,1205,1756,767,717,94,221,60
2019,2,Arganzuela,6,Palos de la Frontera,026,11768,1602,1537,1880,477,367,51,166,27
2019,2,Arganzuela,7,Atocha,027,424,43,40,57,29,43,10,14,2
2019,3,Retiro,1,Pacífico,031,14665,1561,1305,1921,644,522,113,211,53
2019,3,Retiro,2,Adelfas,032,7613,763,699,1079,471,412,91,141,38
2019,3,Retiro,3,Estrella,033,8691,447,392,682,306,437,162,112,30
2019,3,Retiro,4,Ibiza,034,9268,1052,799,1087,429,414,106,148,37
2019,3,Retiro,5,Los Jerónimos,035,2804,228,284,292,94,107,38,42,8
2019,3,Retiro,6,Niño Jesús,036,5632,345,316,443,250,286,131,83,21
2019,4,Salamanca,1,Recoletos,041,6664,922,838,804,241,187,66,94,30
2019,4,Salamanca,2,Goya,042,13237,1802,1282,1800,550,455,110,185,42
2019,4,Salamanca,3,Fuente del Berro,043,9302,1181,853,1240,417,348,79,156,30
2019,4,Salamanca,4,Guindalera,044,17615,2024,1696,2204,669,708,201,249,58
2019,4,Salamanca,5,Lista,045,9233,1229,943,1184,349,278,105,145,36
2019,4,Salamanca,6,Castellana,046,6900,932,753,803,187,191,87,71,24
2019,5,Chamartin,1,El Viso,051,6082,532,464,642,208,244,100,69,34
2019,5,Chamartin,2,Prosperidad,052,15908,1798,1478,2044,703,602,146,225,60
2019,5,Chamartin,3,Ciudad Jardín,053,8002,927,791,1063,369,308,79,166,25
2019,5,Chamartin,4,Hispanoamérica,054,12381,1145,987,1299,553,592,252,227,50
2019,5,Chamartin,5,Nueva España,055,9227,960,826,981,376,444,254,160,47
2019,5,Chamartin,6,Castilla,056,6640,599,624,775,251,287,135,95,37
2019,6,Tetuan,1,Bellas Vistas,061,11860,1411,1355,1658,547,341,71,158,39
2019,6,Tetuan,2,Cuatro Caminos,062,15031,1901,1615,2036,571,460,117,206,58
2019,6,Tetuan,3,Castillejos,063,9351,1224,1145,1322,367,248,56,105,31
2019,6,Tetuan,4,Almenara,064,9324,1060,1053,1341,440,293,86,169,26
2019,6,Tetuan,5,Valdeacederas,065,10607,1356,1277,1743,580,375,83,191,42
2019,6,Tetuan,6,Berruguete,066,10255,1314,1155,1581,514,354,70,189,34
2019,7,Chamberi,1,Gaztambide,071,10498,1429,1162,1341,368,301,88,122,30
2019,7,Chamberi,2,Arapiles,072,11195,1554,1235,1529,436,351,95,170,22
2019,7,Chamberi,3,Trafalgar,073,11718,1926,1534,1778,463,358,91,163,36
2019,7,Chamberi,4,Almagro,074,8080,950,933,1026,284,291,94,132,28
2019,7,Chamberi,5,Ríos Rosas,075,12139,1596,1332,1661,494,418,124,204,46
2019,7,Chamberi,6,Vallehermoso,076,8383,940,720,859,273,314,108,107,24
2019,8,Fuencarral-El Pardo,1,El Pardo,081,1315,92,86,137,83,60,17,24,7
2019,8,Fuencarral-El Pardo,2,Fuentelarreina,082,1114,48,49,52,30,54,45,17,10
2019,8,Fuencarral-El Pardo,3,Peñagrande,083,16991,1066,1019,1674,793,911,210,367,94
2019,8,Fuencarral-El Pardo,4,Pilar,084,19542,1523,1367,2210,977,686,106,307,38
2019,8,Fuencarral-El Pardo,5,La Paz,085,12550,523,430,960,474,602,130,143,27
2019,8,Fuencarral-El Pardo,6,Valverde,086,22777,1735,2061,2773,2053,2747,787,926,280
2019,8,Fuencarral-El Pardo,7,Mirasierra,087,10568,623,662,906,750,993,491,336,86
2019,8,Fuencarral-El Pardo,8,El Goloso,088,5638,456,522,549,683,1116,416,374,133
2019,9,Moncloa-Aravaca,1,Casa de Campo,091,5606,496,544,733,269,212,34,95,15
2019,9,Moncloa-Aravaca,2,Argüelles,092,10401,1244,1199,1380,396,323,99,140,35
2019,9,Moncloa-Aravaca,3,Ciudad Universitaria,093,6140,516,506,625,242,294,97,98,25
2019,9,Moncloa-Aravaca,4,Valdezarza,094,12207,954,869,1340,676,563,96,256,66
2019,9,Moncloa-Aravaca,5,Valdemarín,095,1913,123,141,179,95,176,141,97,27
2019,9,Moncloa-Aravaca,6,El Plantío,096,856,34,47,64,32,64,41,17,12
2019,9,Moncloa-Aravaca,7,Aravaca,097,8527,468,513,722,499,664,324,267,66
2019,10,Latina,1,Los Cármenes,101,6586,482,538,851,364,292,83,149,23
2019,10,Latina,2,Puerta del Angel,102,17487,1790,1754,2389,810,545,109,329,59
2019,10,Latina,3,Lucero,103,14133,984,1057,1478,773,564,100,250,49
2019,10,Latina,4,Aluche,104,26603,1528,1419,2520,1206,968,137,438,65
2019,10,Latina,5,Campamento,105,7401,479,537,799,361,288,95,127,29
2019,10,Latina,6,Cuatro Vientos,106,2193,291,328,282,262,295,44,107,26
2019,10,Latina,7,Águilas,107,20814,1196,1305,2082,1105,919,125,388,54
2019,11,Carabanchel,1,Comillas,111,9528,881,815,1174,464,275,55,187,30
2019,11,Carabanchel,2,Opañel,112,13100,1158,1048,1602,663,424,85,212,36
2019,11,Carabanchel,3,San Isidro,113,15099,1314,1259,1855,816,561,114,321,34
2019,11,Carabanchel,4,Vista Alegre,114,17277,1190,1059,1852,834,569,111,337,52
2019,11,Carabanchel,5,Puerta Bonita,115,12497,881,882,1424,768,575,134,300,31
2019,11,Carabanchel,6,Buenavista,116,17143,1341,1587,1965,1606,1910,259,576,115
2019,11,Carabanchel,7,Abrantes,117,11036,706,694,1165,703,688,144,262,49
2019,12,Usera,1,Orcasitas,121,8436,445,498,868,628,678,103,211,39
2019,12,Usera,2,Orcasur,122,4724,340,382,597,296,235,66,123,21
2019,12,Usera,3,San Fermín,123,8263,492,661,930,629,588,127,269,37
2019,12,Usera,4,Almendrales,124,7646,572,585,874,410,339,74,163,20
2019,12,Usera,5,Moscardó,125,9763,729,718,1135,479,324,66,169,17
2019,12,Usera,6,Zofío,126,4990,308,333,571,258,173,43,108,9
2019,12,Usera,7,Pradolongo,127,5958,378,396,671,297,187,55,121,16
2019,13,Puente de Vallecas,1,Entrevías,131,12686,761,865,1421,643,502,159,259,32
2019,13,Puente de Vallecas,2,San Diego,132,15846,1499,1748,2201,915,549,176,403,45
2019,13,Puente de Vallecas,3,Palomeras Bajas,133,15013,1129,1110,1863,842,615,126,318,36
2019,13,Puente de Vallecas,4,Palomeras Sureste,134,16007,969,1164,1969,969,792,159,378,57
2019,13,Puente de Vallecas,5,Portazgo,135,10797,733,735,1277,568,431,115,228,27
2019,13,Puente de Vallecas,6,Numancia,136,18116,1538,1591,2333,917,611,146,399,38
2019,14,Moratalaz,1,Pavones,141,3283,169,168,346,154,164,33,58,11
2019,14,Moratalaz,2,Horcajo,142,2165,160,158,263,165,199,34,75,14
2019,14,Moratalaz,3,Marroquina,143,10835,659,567,1003,456,404,95,171,36
2019,14,Moratalaz,4,Media Legua,144,7177,484,436,737,296,238,47,124,22
2019,14,Moratalaz,5,Fontarrón,145,6869,439,459,692,343,266,56,125,16
2019,14,Moratalaz,6,Vinateros,146,7218,516,466,701,359,271,37,133,25
2019,15,Ciudad Lineal,1,Ventas,151,19885,1787,1550,2261,985,633,115,343,58
2019,15,Ciudad Lineal,2,Pueblo Nuevo,152,23919,1754,1687,2704,1154,943,145,414,71
2019,15,Ciudad Lineal,3,Quintana,153,10338,1057,888,1295,514,313,54,195,17
2019,15,Ciudad Lineal,4,La Concepción,154,9059,950,770,1063,478,337,65,185,35
2019,15,Ciudad Lineal,5,San Pascual,155,7529,613,538,839,352,352,68,166,30
2019,15,Ciudad Lineal,6,San Juan Bautista,156,4867,399,387,478,291,303,84,139,33
2019,15,Ciudad Lineal,7,Colina,157,2564,267,207,277,135,158,35,76,27
2019,15,Ciudad Lineal,8,Atalaya,158,565,57,46,55,24,22,16,19,3
2019,15,Ciudad Lineal,9,Costillares,159,7932,521,465,729,340,458,205,182,56
2019,16,Hortaleza,1,Palomas,161,2193,95,119,185,154,234,77,71,20
2019,16,Hortaleza,2,Piovera,162,4879,330,334,465,293,394,150,147,25
2019,16,Hortaleza,3,Canillas,163,16012,1105,998,1709,837,777,145,295,55
2019,16,Hortaleza,4,Pinar del Rey,164,21273,1460,1364,2241,1157,921,179,467,75
2019,16,Hortaleza,5,Apóstol Santiago,165,5797,341,423,664,292,241,74,111,23
2019,16,Hortaleza,6,Valdefuentes,166,19945,1692,2117,2506,2324,3047,786,918,307
2019,17,Villaverde,1,"Villaverde Alto, Casco Histórico de Villaverde",171,16378,1037,1207,1943,1032,848,221,418,62
2019,17,Villaverde,2,San Cristóbal,172,5116,246,369,506,251,212,140,129,18
2019,17,Villaverde,3,Butarque,173,6609,464,608,852,798,940,135,342,52
2019,17,Villaverde,4,Los Rosales,174,13206,773,849,1506,815,779,133,287,60
2019,17,Villaverde,5,Ángeles,175,12024,609,666,1140,565,424,88,230,26
2019,18,Villa de Vallecas,1,Casco Histórico de Vallecas,181,14839,982,1221,1798,1033,899,241,377,53
2019,18,Villa de Vallecas,2,Santa Eugenia,182,8937,434,415,996,477,429,61,148,28
2019,18,Villa de Vallecas,3,Ensanche de Vallecas,183,18461,2537,2978,3129,2525,2377,331,886,207
2019,19,Vicalvaro,1,Casco Histórico de Vicálvaro,191,13210,788,885,1511,772,634,196,316,39
2019,19,Vicalvaro,2,Valdebernardo,192,6103,427,425,737,418,379,56,127,26
2019,19,Vicalvaro,3,Valderrivas,193,6304,458,575,711,885,1371,152,323,70
2019,19,Vicalvaro,4,El Cañaveral,194,615,55,108,141,98,80,14,16,2
2019,20,San Blas-Canillejas,1,Simancas,201,10877,946,1003,1457,710,667,110,315,52
2019,20,San Blas-Canillejas,2,Hellín,202,3694,226,261,388,181,142,25,64,6
2019,20,San Blas-Canillejas,3,Amposta,203,3361,221,309,374,197,160,29,90,6
2019,20,San Blas-Canillejas,4,Arcos,204,8976,545,639,1092,605,559,98,197,30
2019,20,San Blas-Canillejas,5,Rosas,205,11061,661,696,1184,891,1081,136,294,58
2019,20,San Blas-Canillejas,6,Rejas,206,6689,658,870,1018,624,665,116,220,57
2019,20,San Blas-Canillejas,7,Canillejas,207,10944,659,730,1203,587,475,79,205,35
2019,20,San Blas-Canillejas,8,El Salvador,208,4294,278,306,420,247,199,30,85,23
2019,21,Barajas,1,Alameda de Osuna,211,7249,346,379,584,463,598,128,181,60
2019,21,Barajas,2,Aeropuerto,212,687,38,79,74,44,43,11,14,5
2019,21,Barajas,3,Casco Histórico de Barajas,213,3119,313,325,498,199,107,23,55,8
2019,21,Barajas,4,Timón,214,4634,468,464,627,490,468,86,206,42
2019,21,Barajas,5,Corralejos,215,2580,192,214,299,247,395,88,112,38
2020,1,Centro,1,Palacio,011,11583,1850,2036,2150,361,238,35,142,32
2020,1,Centro,2,Embajadores,012,22564,3882,4407,4498,699,412,85,295,56
2020,1,Centro,3,Cortes,013,5449,927,1071,1065,152,84,15,63,14
2020,1,Centro,4,Justicia,014,8856,1443,1849,1731,259,167,45,108,23
2020,1,Centro,5,Universidad,015,16913,2985,3406,3385,535,308,51,167,37
2020,1,Centro,6,Sol,016,3822,608,827,734,107,40,10,40,10
2020,2,Arganzuela,1,Imperial,021,9689,1056,902,1389,466,464,63,146,24
2020,2,Arganzuela,2,Acacias,022,15565,1676,1343,2093,717,615,109,251,46
2020,2,Arganzuela,3,Chopera,023,8653,942,772,1301,409,283,36,121,20
2020,2,Arganzuela,4,Legazpi,024,7686,819,874,1359,702,758,140,198,50
2020,2,Arganzuela,5,Delicias,025,11720,1319,1231,1802,756,690,99,205,52
2020,2,Arganzuela,6,Palos de la Frontera,026,11923,1552,1544,2004,480,358,52,172,33
2020,2,Arganzuela,7,Atocha,027,434,38,42,64,29,41,10,10,1
2020,3,Retiro,1,Pacífico,031,14782,1568,1328,1947,644,507,102,215,48
2020,3,Retiro,2,Adelfas,032,7772,779,702,1137,477,417,87,143,40
2020,3,Retiro,3,Estrella,033,8735,432,392,692,321,437,152,108,29
2020,3,Retiro,4,Ibiza,034,9376,1055,807,1104,428,430,108,155,29
2020,3,Retiro,5,Los Jerónimos,035,2785,231,276,280,98,106,33,44,11
2020,3,Retiro,6,Niño Jesús,036,5702,350,317,466,237,290,125,90,22
2020,4,Salamanca,1,Recoletos,041,6693,937,808,795,231,190,72,77,26
2020,4,Salamanca,2,Goya,042,13313,1763,1303,1831,529,450,107,183,46
2020,4,Salamanca,3,Fuente del Berro,043,9345,1157,860,1250,404,356,81,147,21
2020,4,Salamanca,4,Guindalera,044,17851,2093,1676,2295,684,727,196,256,55
2020,4,Salamanca,5,Lista,045,9315,1217,914,1262,357,264,116,138,30
2020,4,Salamanca,6,Castellana,046,6960,943,750,818,201,175,88,73,20
2020,5,Chamartin,1,El Viso,051,6143,526,497,623,214,232,106,72,29
2020,5,Chamartin,2,Prosperidad,052,16066,1788,1505,2088,705,615,138,209,65
2020,5,Chamartin,3,Ciudad Jardín,053,8097,909,785,1118,387,325,75,149,23
2020,5,Chamartin,4,Hispanoamérica,054,12461,1117,973,1343,565,614,247,200,54
2020,5,Chamartin,5,Nueva España,055,9315,955,807,975,408,467,263,158,44
2020,5,Chamartin,6,Castilla,056,6715,597,628,776,265,289,144,84,28
2020,6,Tetuan,1,Bellas Vistas,061,12039,1447,1396,1679,526,346,76,156,36
2020,6,Tetuan,2,Cuatro Caminos,062,15227,1912,1657,2101,558,466,123,202,51
2020,6,Tetuan,3,Castillejos,063,9440,1216,1158,1357,380,241,53,91,22
2020,6,Tetuan,4,Almenara,064,9400,1044,1052,1405,442,267,75,176,27
2020,6,Tetuan,5,Valdeacederas,065,10763,1399,1286,1804,578,350,78,179,30
2020,6,Tetuan,6,Berruguete,066,10437,1280,1204,1625,500,330,63,184,35
2020,7,Chamberi,1,Gaztambide,071,10637,1462,1157,1392,380,307,81,124,26
2020,7,Chamberi,2,Arapiles,072,11359,1571,1255,1639,437,370,90,157,25
2020,7,Chamberi,3,Trafalgar,073,11859,1913,1580,1892,453,350,93,153,28
2020,7,Chamberi,4,Almagro,074,8088,955,937,1000,305,251,89,128,32
2020,7,Chamberi,5,Ríos Rosas,075,12221,1610,1325,1689,487,423,122,189,45
2020,7,Chamberi,6,Vallehermoso,076,8479,943,723,876,288,329,116,98,21
2020,8,Fuencarral-El Pardo,1,El Pardo,081,1320,77,94,140,68,70,12,23,11
2020,8,Fuencarral-El Pardo,2,Fuentelarreina,082,1129,50,48,65,37,54,44,17,8
2020,8,Fuencarral-El Pardo,3,Peñagrande,083,17145,1099,991,1675,801,910,203,354,93
2020,8,Fuencarral-El Pardo,4,Pilar,084,19668,1537,1394,2317,911,698,109,306,31
2020,8,Fuencarral-El Pardo,5,La Paz,085,12585,494,453,917,476,577,130,163,35
2020,8,Fuencarral-El Pardo,6,Valverde,086,23115,1754,2058,2818,2023,2736,774,898,277
2020,8,Fuencarral-El Pardo,7,Mirasierra,087,10898,637,662,913,741,1051,507,356,96
2020,8,Fuencarral-El Pardo,8,El Goloso,088,5790,459,536,587,671,1127,415,358,121
2020,9,Moncloa-Aravaca,1,Casa de Campo,091,5624,486,528,743,279,213,27,94,15
2020,9,Moncloa-Aravaca,2,Argüelles,092,10490,1236,1203,1451,370,329,99,145,38
2020,9,Moncloa-Aravaca,3,Ciudad Universitaria,093,6225,510,547,658,240,300,94,87,26
2020,9,Moncloa-Aravaca,4,Valdezarza,094,12460,973,886,1401,656,585,99,278,54
2020,9,Moncloa-Aravaca,5,Valdemarín,095,1984,138,165,172,107,165,132,93,24
2020,9,Moncloa-Aravaca,6,El Plantío,096,872,35,47,71,36,61,31,18,11
2020,9,Moncloa-Aravaca,7,Aravaca,097,8706,471,500,789,512,678,320,244,66
2020,10,Latina,1,Los Cármenes,101,6644,466,549,866,351,267,76,150,33
2020,10,Latina,2,Puerta del Angel,102,17587,1795,1751,2446,799,501,107,293,49
2020,10,Latina,3,Lucero,103,14243,1007,1070,1504,728,567,108,244,44
2020,10,Latina,4,Aluche,104,26836,1558,1527,2475,1183,929,142,404,68
2020,10,Latina,5,Campamento,105,7481,500,544,780,356,290,80,121,26
2020,10,Latina,6,Cuatro Vientos,106,2223,289,317,283,250,305,38,111,23
2020,10,Latina,7,Águilas,107,20876,1203,1278,2075,1121,898,121,353,52
2020,11,Carabanchel,1,Comillas,111,9633,844,832,1201,451,304,52,177,22
2020,11,Carabanchel,2,Opañel,112,13211,1165,1068,1624,632,407,83,221,40
2020,11,Carabanchel,3,San Isidro,113,15312,1351,1257,1903,800,557,125,280,38
2020,11,Carabanchel,4,Vista Alegre,114,17496,1187,1058,1875,818,562,119,297,44
2020,11,Carabanchel,5,Puerta Bonita,115,12701,892,897,1443,738,528,143,287,32
2020,11,Carabanchel,6,Buenavista,116,17395,1354,1565,2056,1559,1835,255,564,111
2020,11,Carabanchel,7,Abrantes,117,11175,735,732,1116,642,670,138,247,45
2020,12,Usera,1,Orcasitas,121,8437,446,488,822,622,647,93,192,33
2020,12,Usera,2,Orcasur,122,4768,322,376,622,291,225,64,117,23
2020,12,Usera,3,San Fermín,123,8316,491,640,944,586,529,125,248,52
2020,12,Usera,4,Almendrales,124,7710,582,582,878,407,343,64,143,23
2020,12,Usera,5,Moscardó,125,9881,723,719,1184,430,308,60,177,18
2020,12,Usera,6,Zofío,126,5049,327,336,581,237,176,44,101,7
2020,12,Usera,7,Pradolongo,127,6028,396,412,657,302,168,56,118,11
2020,13,Puente de Vallecas,1,Entrevías,131,12801,740,861,1399,655,484,147,269,36
2020,13,Puente de Vallecas,2,San Diego,132,16135,1492,1766,2275,861,539,176,377,40
2020,13,Puente de Vallecas,3,Palomeras Bajas,133,15164,1143,1120,1854,769,592,118,309,45
2020,13,Puente de Vallecas,4,Palomeras Sureste,134,16112,976,1162,2032,923,788,142,359,61
2020,13,Puente de Vallecas,5,Portazgo,135,10881,728,743,1312,568,412,113,212,32
2020,13,Puente de Vallecas,6,Numancia,136,18308,1522,1632,2390,881,545,145,366,49
2020,14,Moratalaz,1,Pavones,141,3294,160,158,348,153,152,24,52,10
2020,14,Moratalaz,2,Horcajo,142,2195,161,138,257,152,179,32,71,13
2020,14,Moratalaz,3,Marroquina,143,10901,655,581,1051,447,373,83,172,32
2020,14,Moratalaz,4,Media Legua,144,7210,480,430,768,306,237,54,133,23
2020,14,Moratalaz,5,Fontarrón,145,6938,443,464,730,309,246,47,144,16
2020,14,Moratalaz,6,Vinateros,146,7287,545,478,709,383,250,38,134,27
2020,15,Ciudad Lineal,1,Ventas,151,20069,1818,1573,2345,986,612,112,330,48
2020,15,Ciudad Lineal,2,Pueblo Nuevo,152,24185,1775,1668,2812,1110,908,132,400,88
2020,15,Ciudad Lineal,3,Quintana,153,10460,1056,890,1419,482,311,53,189,22
2020,15,Ciudad Lineal,4,La Concepción,154,9207,953,805,1131,474,334,64,186,36
2020,15,Ciudad Lineal,5,San Pascual,155,7545,637,534,843,357,337,80,155,30
2020,15,Ciudad Lineal,6,San Juan Bautista,156,4939,394,401,497,273,315,82,130,31
2020,15,Ciudad Lineal,7,Colina,157,2640,278,231,275,149,153,33,81,20
2020,15,Ciudad Lineal,8,Atalaya,158,573,52,50,60,28,27,11,22,3
2020,15,Ciudad Lineal,9,Costillares,159,8011,497,487,718,353,440,194,173,56
2020,16,Hortaleza,1,Palomas,161,2219,108,121,175,150,211,78,64,20
2020,16,Hortaleza,2,Piovera,162,4914,337,321,491,279,389,147,141,24
2020,16,Hortaleza,3,Canillas,163,16155,1093,1018,1726,825,788,139,279,53
2020,16,Hortaleza,4,Pinar del Rey,164,21446,1480,1383,2305,1134,872,181,466,65
2020,16,Hortaleza,5,Apóstol Santiago,165,5835,342,443,670,288,225,70,104,18
2020,16,Hortaleza,6,Valdefuentes,166,21182,1781,2106,2706,2516,3232,803,919,313
2020,17,Villaverde,1,"Villaverde Alto, Casco Histórico de Villaverde",171,16586,1047,1234,1950,1008,811,216,362,53
2020,17,Villaverde,2,San Cristóbal,172,5198,252,364,499,256,194,145,111,14
2020,17,Villaverde,3,Butarque,173,6967,482,632,976,802,921,143,341,47
2020,17,Villaverde,4,Los Rosales,174,13277,771,867,1517,705,701,149,256,59
2020,17,Villaverde,5,Ángeles,175,12384,638,728,1204,599,424,92,245,29
2020,18,Villa de Vallecas,1,Casco Histórico de Vallecas,181,14957,991,1224,1812,1016,807,237,366,48
2020,18,Villa de Vallecas,2,Santa Eugenia,182,9063,409,417,994,483,440,64,133,31
2020,18,Villa de Vallecas,3,Ensanche de Vallecas,183,19407,2594,2993,3354,2548,2505,351,890,208
2020,19,Vicalvaro,1,Casco Histórico de Vicálvaro,191,13375,803,910,1516,768,631,200,298,41
2020,19,Vicalvaro,2,Valdebernardo,192,6136,405,411,745,391,309,56,119,25
2020,19,Vicalvaro,3,Valderrivas,193,6335,447,572,746,865,1283,138,310,63
2020,19,Vicalvaro,4,El Cañaveral,194,975,88,184,213,158,125,17,27,6
2020,20,San Blas-Canillejas,1,Simancas,201,11063,974,1042,1510,669,638,108,284,49
2020,20,San Blas-Canillejas,2,Hellín,202,3721,234,275,381,192,145,27,67,7
2020,20,San Blas-Canillejas,3,Amposta,203,3408,237,310,375,188,134,29,92,9
2020,20,San Blas-Canillejas,4,Arcos,204,9033,529,662,1084,574,519,86,201,27
2020,20,San Blas-Canillejas,5,Rosas,205,11138,636,693,1233,815,942,117,276,58
2020,20,San Blas-Canillejas,6,Rejas,206,6844,687,860,1065,625,632,111,236,57
2020,20,San Blas-Canillejas,7,Canillejas,207,11011,655,724,1253,563,477,87,206,27
2020,20,San Blas-Canillejas,8,El Salvador,208,4347,289,292,442,236,197,35,84,15
2020,21,Barajas,1,Alameda de Osuna,211,7366,340,365,569,479,616,133,184,52
2020,21,Barajas,2,Aeropuerto,212,705,35,82,84,46,34,11,16,6
2020,21,Barajas,3,Casco Histórico de Barajas,213,3175,316,326,518,188,105,20,60,10
2020,21,Barajas,4,Timón,214,4755,458,461,650,504,481,90,194,42
2020,21,Barajas,5,Corralejos,215,2605,180,199,309,251,382,81,102,38
2021,1,Centro,1,Palacio,011,11613,1813,2064,2163,350,229,32,147,36
2021,1,Centro,2,Embajadores,012,22614,3869,4408,4536,707,399,70,305,54
2021,1,Centro,3,Cortes,013,5488,937,1061,1066,157,85,17,60,11
2021,1,Centro,4,Justicia,014,8927,1438,1843,1794,269,153,33,108,21
2021,1,Centro,5,Universidad,015,16967,2958,3443,3381,499,300,40,185,44
2021,1,Centro,6,Sol,016,3895,613,817,767,116,33,8,43,8
2021,2,Arganzuela,1,Imperial,021,9628,1036,918,1375,459,447,58,139,21
2021,2,Arganzuela,2,Acacias,022,15474,1687,1282,2073,707,570,118,239,56
2021,2,Arganzuela,3,Chopera,023,8626,953,775,1276,420,278,40,112,15
2021,2,Arganzuela,4,Legazpi,024,7603,813,862,1305,664,682,134,191,45
2021,2,Arganzuela,5,Delicias,025,11826,1300,1286,1793,750,731,92,210,46
2021,2,Arganzuela,6,Palos de la Frontera,026,11802,1517,1561,2040,469,340,58,179,29
2021,2,Arganzuela,7,Atocha,027,520,48,53,78,45,51,15,9,3
2021,3,Retiro,1,Pacífico,031,14625,1504,1322,1922,606,492,96,205,45
2021,3,Retiro,2,Adelfas,032,7774,763,723,1111,462,390,85,143,33
2021,3,Retiro,3,Estrella,033,8722,426,418,692,333,429,164,110,28
2021,3,Retiro,4,Ibiza,034,9304,1048,821,1150,434,394,101,157,31
2021,3,Retiro,5,Los Jerónimos,035,2776,245,260,290,90,108,35,40,11
2021,3,Retiro,6,Niño Jesús,036,5679,344,348,451,236,290,124,82,17
2021,4,Salamanca,1,Recoletos,041,6619,941,820,766,222,193,67,88,29
2021,4,Salamanca,2,Goya,042,13145,1749,1318,1813,524,416,104,174,40
2021,4,Salamanca,3,Fuente del Berro,043,9266,1176,850,1233,405,350,69,138,21
2021,4,Salamanca,4,Guindalera,044,17813,2092,1685,2315,713,705,181,259,56
2021,4,Salamanca,5,Lista,045,9211,1249,885,1208,333,266,106,138,27
2021,4,Salamanca,6,Castellana,046,6947,931,782,800,196,160,82,83,17
2021,5,Chamartin,1,El Viso,051,6146,543,498,617,213,229,107,74,28
2021,5,Chamartin,2,Prosperidad,052,15906,1748,1480,2062,698,628,154,231,66
2021,5,Chamartin,3,Ciudad Jardín,053,8056,911,817,1064,397,334,75,134,18
2021,5,Chamartin,4,Hispanoamérica,054,12406,1134,971,1331,581,584,221,196,40
2021,5,Chamartin,5,Nueva España,055,9223,938,793,921,395,464,252,160,37
2021,5,Chamartin,6,Castilla,056,6676,607,607,786,255,282,133,86,29
2021,6,Tetuan,1,Bellas Vistas,061,11967,1404,1381,1736,527,347,71,172,34
2021,6,Tetuan,2,Cuatro Caminos,062,15146,1893,1680,2087,562,505,118,193,54
2021,6,Tetuan,3,Castillejos,063,9367,1217,1143,1355,365,250,58,100,30
2021,6,Tetuan,4,Almenara,064,9375,1005,1080,1465,426,275,69,177,30
2021,6,Tetuan,5,Valdeacederas,065,10795,1371,1323,1797,589,334,81,183,29
2021,6,Tetuan,6,Berruguete,066,10423,1303,1233,1605,481,327,55,187,33
2021,7,Chamberi,1,Gaztambide,071,10528,1451,1163,1376,350,316,86,118,18
2021,7,Chamberi,2,Arapiles,072,11203,1516,1227,1617,432,361,76,152,35
2021,7,Chamberi,3,Trafalgar,073,11704,1866,1556,1848,419,361,83,169,41
2021,7,Chamberi,4,Almagro,074,8011,933,927,972,282,248,82,138,39
2021,7,Chamberi,5,Ríos Rosas,075,12082,1570,1315,1628,464,426,123,181,48
2021,7,Chamberi,6,Vallehermoso,076,8408,921,721,889,264,347,107,98,30
2021,8,Fuencarral-El Pardo,1,El Pardo,081,1315,77,104,128,64,72,12,29,14
2021,8,Fuencarral-El Pardo,2,Fuentelarreina,082,1135,59,44,56,29,46,49,15,9
2021,8,Fuencarral-El Pardo,3,Peñagrande,083,17118,1085,1014,1648,813,859,194,348,93
2021,8,Fuencarral-El Pardo,4,Pilar,084,19496,1514,1430,2303,901,696,110,300,45
2021,8,Fuencarral-El Pardo,5,La Paz,085,12522,490,454,901,451,591,127,161,36
2021,8,Fuencarral-El Pardo,6,Valverde,086,22939,1714,2066,2716,1965,2671,726,863,273
2021,8,Fuencarral-El Pardo,7,Mirasierra,087,11038,598,631,904,717,1053,559,335,95
2021,8,Fuencarral-El Pardo,8,El Goloso,088,5845,477,531,603,672,1080,381,347,117
2021,9,Moncloa-Aravaca,1,Casa de Campo,091,5588,459,567,740,248,208,25,98,16
2021,9,Moncloa-Aravaca,2,Argüelles,092,10411,1206,1206,1406,394,322,97,144,36
2021,9,Moncloa-Aravaca,3,Ciudad Universitaria,093,6193,500,520,636,240,302,85,102,33
2021,9,Moncloa-Aravaca,4,Valdezarza,094,12508,973,911,1460,683,569,103,270,53
2021,9,Moncloa-Aravaca,5,Valdemarín,095,1986,131,172,162,98,174,115,86,23
2021,9,Moncloa-Aravaca,6,El Plantío,096,905,45,51,76,36,64,32,16,9
2021,9,Moncloa-Aravaca,7,Aravaca,097,8770,479,492,779,509,617,301,245,55
2021,10,Latina,1,Los Cármenes,101,6629,502,556,861,334,244,65,137,21
2021,10,Latina,2,Puerta del Angel,102,17566,1800,1799,2510,778,502,98,290,52
2021,10,Latina,3,Lucero,103,14237,1014,1104,1539,700,535,104,236,40
2021,10,Latina,4,Aluche,104,26839,1576,1553,2553,1191,911,146,402,65
2021,10,Latina,5,Campamento,105,7428,494,527,799,355,261,70,114,29
2021,10,Latina,6,Cuatro Vientos,106,2213,280,294,298,250,292,35,100,26
2021,10,Latina,7,Águilas,107,20844,1189,1337,2105,1106,863,112,368,50
2021,11,Carabanchel,1,Comillas,111,9617,887,871,1223,457,279,56,174,26
2021,11,Carabanchel,2,Opañel,112,13209,1185,1077,1653,597,400,89,217,36
2021,11,Carabanchel,3,San Isidro,113,15311,1380,1310,1934,812,522,128,298,36
2021,11,Carabanchel,4,Vista Alegre,114,17469,1230,1096,1882,789,529,103,295,43
2021,11,Carabanchel,5,Puerta Bonita,115,12708,898,919,1473,722,477,133,282,30
2021,11,Carabanchel,6,Buenavista,116,17437,1353,1561,2090,1515,1722,250,557,98
2021,11,Carabanchel,7,Abrantes,117,11120,744,730,1135,606,608,118,243,38
2021,12,Usera,1,Orcasitas,121,8437,464,502,814,585,595,90,194,35
2021,12,Usera,2,Orcasur,122,4772,323,391,632,273,217,63,103,19
2021,12,Usera,3,San Fermín,123,8296,506,629,969,581,466,110,234,42
2021,12,Usera,4,Almendrales,124,7907,575,597,947,478,347,57,165,17
2021,12,Usera,5,Moscardó,125,9808,739,745,1194,445,290,67,180,15
2021,12,Usera,6,Zofío,126,5049,325,345,607,220,161,43,111,8
2021,12,Usera,7,Pradolongo,127,6016,392,414,648,323,158,51,122,12
2021,13,Puente de Vallecas,1,Entrevías,131,12749,757,861,1423,630,473,143,261,44
2021,13,Puente de Vallecas,2,San Diego,132,16125,1489,1767,2289,836,541,173,376,39
2021,13,Puente de Vallecas,3,Palomeras Bajas,133,15130,1159,1104,1870,746,558,116,314,49
2021,13,Puente de Vallecas,4,Palomeras Sureste,134,16074,1032,1172,2026,899,754,140,332,51
2021,13,Puente de Vallecas,5,Portazgo,135,10842,733,782,1299,545,389,109,224,28
2021,13,Puente de Vallecas,6,Numancia,136,18371,1571,1667,2436,886,527,140,374,50
2021,14,Moratalaz,1,Pavones,141,3300,172,171,346,159,138,23,53,11
2021,14,Moratalaz,2,Horcajo,142,2181,160,130,263,127,147,30,65,14
2021,14,Moratalaz,3,Marroquina,143,10815,653,567,1038,438,363,78,166,31
2021,14,Moratalaz,4,Media Legua,144,7163,492,431,724,305,224,51,137,23
2021,14,Moratalaz,5,Fontarrón,145,6899,454,495,757,320,248,46,145,16
2021,14,Moratalaz,6,Vinateros,146,7215,556,482,750,359,267,35,120,21
2021,15,Ciudad Lineal,1,Ventas,151,19993,1852,1591,2332,973,627,95,339,50
2021,15,Ciudad Lineal,2,Pueblo Nuevo,152,24178,1820,1735,2845,1127,872,119,397,70
2021,15,Ciudad Lineal,3,Quintana,153,10367,1063,932,1405,491,304,38,168,22
2021,15,Ciudad Lineal,4,La Concepción,154,9088,948,783,1124,454,335,57,169,41
2021,15,Ciudad Lineal,5,San Pascual,155,7509,621,543,853,359,299,77,149,34
2021,15,Ciudad Lineal,6,San Juan Bautista,156,4903,389,410,495,264,309,83,126,28
2021,15,Ciudad Lineal,7,Colina,157,2602,260,229,289,155,131,36,76,22
2021,15,Ciudad Lineal,8,Atalaya,158,579,53,52,58,30,26,12,16,3
2021,15,Ciudad Lineal,9,Costillares,159,8006,505,468,713,348,422,197,170,54
2021,16,Hortaleza,1,Palomas,161,2246,102,119,184,153,183,78,51,21
2021,16,Hortaleza,2,Piovera,162,4882,320,327,476,273,394,145,123,19
2021,16,Hortaleza,3,Canillas,163,16129,1098,1036,1736,792,763,135,281,54
2021,16,Hortaleza,4,Pinar del Rey,164,21422,1507,1408,2377,1094,871,168,457,67
2021,16,Hortaleza,5,Apóstol Santiago,165,5827,350,435,660,271,229,62,93,23
2021,16,Hortaleza,6,Valdefuentes,166,21598,1774,2110,2717,2461,3266,812,928,327
2021,17,Villaverde,1,"Villaverde Alto, Casco Histórico de Villaverde",171,16592,1086,1267,1953,966,766,226,366,51
2021,17,Villaverde,2,San Cristóbal,172,5177,255,363,517,240,189,144,112,13
2021,17,Villaverde,3,Butarque,173,7254,497,657,1034,841,913,134,323,48
2021,17,Villaverde,4,Los Rosales,174,13258,766,881,1582,693,617,142,241,53
2021,17,Villaverde,5,Ángeles,175,12540,688,777,1291,620,424,98,255,33
2021,18,Villa de Vallecas,1,Casco Histórico de Vallecas,181,14886,1023,1219,1847,994,734,222,381,52
2021,18,Villa de Vallecas,2,Santa Eugenia,182,9050,413,422,948,473,445,60,133,25
2021,18,Villa de Vallecas,3,Ensanche de Vallecas,183,19797,2608,2917,3439,2468,2508,378,925,199
2021,19,Vicalvaro,1,Casco Histórico de Vicálvaro,191,13371,835,943,1523,760,611,189,293,37
2021,19,Vicalvaro,2,Valdebernardo,192,6109,402,403,757,351,269,58,106,26
2021,19,Vicalvaro,3,Valderrivas,193,6307,452,547,772,823,1163,108,288,67
2021,19,Vicalvaro,4,El Cañaveral,194,1804,179,306,437,288,217,26,49,8
2021,20,San Blas-Canillejas,1,Simancas,201,11044,960,1100,1543,677,601,84,271,44
2021,20,San Blas-Canillejas,2,Hellín,202,3703,236,294,408,175,142,23,61,7
2021,20,San Blas-Canillejas,3,Amposta,203,3393,243,296,382,177,134,27,96,8
2021,20,San Blas-Canillejas,4,Arcos,204,9076,538,681,1127,565,477,93,196,31
2021,20,San Blas-Canillejas,5,Rosas,205,11112,648,667,1217,764,821,105,260,51
2021,20,San Blas-Canillejas,6,Rejas,206,6825,721,862,1035,587,619,108,237,53
2021,20,San Blas-Canillejas,7,Canillejas,207,11039,668,740,1272,561,434,85,206,32
2021,20,San Blas-Canillejas,8,El Salvador,208,4359,302,282,462,224,202,34,83,17
2021,21,Barajas,1,Alameda de Osuna,211,7359,338,372,610,465,604,113,171,46
2021,21,Barajas,2,Aeropuerto,212,704,37,72,87,53,37,13,15,7
2021,21,Barajas,3,Casco Histórico de Barajas,213,3160,337,343,520,178,99,18,49,10
2021,21,Barajas,4,Timón,214,4933,474,475,673,548,491,97,194,41
2021,21,Barajas,5,Corralejos,215,2600,190,204,294,233,334,73,105,37
2022,1,Centro,1,Palacio,011,11683,1844,2110,2182,358,211,36,147,39
2022,1,Centro,2,Embajadores,012,22704,3976,4574,4533,710,377,80,309,56
2022,1,Centro,3,Cortes,013,5595,996,1090,1116,145,81,13,56,10
2022,1,Centro,4,Justicia,014,8991,1477,1928,1769,275,146,29,103,19
2022,1,Centro,5,Universidad,015,16983,3036,3519,3412,490,293,46,189,46
2022,1,Centro,6,Sol,016,3971,623,835,813,118,33,9,36,10
2022,2,Arganzuela,1,Imperial,021,9643,1019,928,1397,453,437,54,134,18
2022,2,Arganzuela,2,Acacias,022,15492,1712,1317,2040,716,577,104,239,53
2022,2,Arganzuela,3,Chopera,023,8662,996,824,1296,426,301,43,124,20
2022,2,Arganzuela,4,Legazpi,024,7688,814,907,1322,630,661,124,198,44
2022,2,Arganzuela,5,Delicias,025,11936,1362,1319,1810,746,712,99,218,49
2022,2,Arganzuela,6,Palos de la Frontera,026,11680,1565,1612,1916,468,328,63,156,29
2022,2,Arganzuela,7,Atocha,027,624,68,77,108,51,53,12,12,4
2022,3,Retiro,1,Pacífico,031,14675,1550,1333,1934,598,507,87,218,44
2022,3,Retiro,2,Adelfas,032,7880,782,748,1131,452,372,81,157,33
2022,3,Retiro,3,Estrella,033,8722,441,438,665,341,439,165,107,28
2022,3,Retiro,4,Ibiza,034,9366,1037,893,1140,433,395,104,159,39
2022,3,Retiro,5,Los Jerónimos,035,2761,235,259,281,85,116,42,36,14
2022,3,Retiro,6,Niño Jesús,036,5669,365,328,447,258,279,119,87,19
2022,4,Salamanca,1,Recoletos,041,6680,950,837,812,195,186,67,88,23
2022,4,Salamanca,2,Goya,042,13198,1735,1340,1916,521,428,108,163,51
2022,4,Salamanca,3,Fuente del Berro,043,9268,1157,864,1246,396,367,68,131,31
2022,4,Salamanca,4,Guindalera,044,17869,2107,1701,2374,748,731,196,250,60
2022,4,Salamanca,5,Lista,045,9231,1235,921,1241,331,257,104,128,33
2022,4,Salamanca,6,Castellana,046,6992,929,810,860,173,156,87,69,18
2022,5,Chamartin,1,El Viso,051,6158,541,526,648,220,216,119,79,27
2022,5,Chamartin,2,Prosperidad,052,16024,1826,1513,2107,724,614,137,237,63
2022,5,Chamartin,3,Ciudad Jardín,053,8067,932,828,1115,378,331,88,138,22
2022,5,Chamartin,4,Hispanoamérica,054,12473,1148,1034,1298,579,589,204,201,41
2022,5,Chamartin,5,Nueva España,055,9216,973,836,931,372,454,252,157,37
2022,5,Chamartin,6,Castilla,056,6706,624,604,830,264,270,136,82,29
2022,6,Tetuan,1,Bellas Vistas,061,12039,1460,1440,1742,519,358,68,193,30
2022,6,Tetuan,2,Cuatro Caminos,062,15211,1944,1778,2047,574,496,134,193,53
2022,6,Tetuan,3,Castillejos,063,9367,1275,1201,1301,337,268,64,122,32
2022,6,Tetuan,4,Almenara,064,9398,1003,1058,1481,426,292,77,181,26
2022,6,Tetuan,5,Valdeacederas,065,10872,1369,1366,1865,597,326,73,216,30
2022,6,Tetuan,6,Berruguete,066,10423,1321,1275,1679,466,342,55,189,31
2022,7,Chamberi,1,Gaztambide,071,10457,1422,1186,1342,356,329,82,112,30
2022,7,Chamberi,2,Arapiles,072,11196,1528,1276,1586,446,341,77,153,38
2022,7,Chamberi,3,Trafalgar,073,11743,1877,1622,1819,436,344,87,175,43
2022,7,Chamberi,4,Almagro,074,8050,972,926,985,276,263,87,119,33
2022,7,Chamberi,5,Ríos Rosas,075,12086,1630,1330,1598,494,440,130,173,45
2022,7,Chamberi,6,Vallehermoso,076,8380,927,770,846,274,339,118,94,26
2022,8,Fuencarral-El Pardo,1,El Pardo,081,1305,82,110,120,69,72,10,25,13
2022,8,Fuencarral-El Pardo,2,Fuentelarreina,082,1138,64,47,57,27,49,57,14,8
2022,8,Fuencarral-El Pardo,3,Peñagrande,083,17123,1096,1012,1660,832,860,207,334,92
2022,8,Fuencarral-El Pardo,4,Pilar,084,19458,1554,1436,2356,895,694,107,308,49
2022,8,Fuencarral-El Pardo,5,La Paz,085,12495,518,463,856,483,600,153,155,43
2022,8,Fuencarral-El Pardo,6,Valverde,086,23067,1763,2104,2826,1948,2561,679,839,259
2022,8,Fuencarral-El Pardo,7,Mirasierra,087,11294,635,632,888,738,1105,592,323,104
2022,8,Fuencarral-El Pardo,8,El Goloso,088,5930,476,550,599,691,1048,365,343,118
2022,9,Moncloa-Aravaca,1,Casa de Campo,091,5579,500,568,721,241,215,25,112,13
2022,9,Moncloa-Aravaca,2,Argüelles,092,10534,1231,1270,1485,376,329,93,145,40
2022,9,Moncloa-Aravaca,3,Ciudad Universitaria,093,6207,467,540,612,233,303,94,97,26
2022,9,Moncloa-Aravaca,4,Valdezarza,094,12497,974,975,1451,694,563,107,270,50
2022,9,Moncloa-Aravaca,5,Valdemarín,095,2036,127,166,155,102,189,127,75,24
2022,9,Moncloa-Aravaca,6,El Plantío,096,936,41,51,73,43,76,33,21,9
2022,9,Moncloa-Aravaca,7,Aravaca,097,8855,512,537,762,495,588,284,234,62
2022,10,Latina,1,Los Cármenes,101,6667,508,581,882,344,222,69,157,26
2022,10,Latina,2,Puerta del Angel,102,17613,1896,1894,2537,781,488,102,309,42
2022,10,Latina,3,Lucero,103,14274,1045,1176,1596,676,509,102,256,33
2022,10,Latina,4,Aluche,104,26858,1676,1626,2623,1196,927,148,408,64
2022,10,Latina,5,Campamento,105,7455,510,567,801,338,254,80,118,26
2022,10,Latina,6,Cuatro Vientos,106,2246,278,294,304,248,267,37,101,29
2022,10,Latina,7,Águilas,107,20858,1242,1387,2126,1080,838,126,366,51
2022,11,Carabanchel,1,Comillas,111,9577,872,910,1240,462,266,50,172,35
2022,11,Carabanchel,2,Opañel,112,13278,1184,1098,1755,610,374,90,220,34
2022,11,Carabanchel,3,San Isidro,113,15391,1391,1385,1979,804,498,130,303,36
2022,11,Carabanchel,4,Vista Alegre,114,17561,1237,1168,1949,804,526,108,301,50
2022,11,Carabanchel,5,Puerta Bonita,115,12741,915,956,1538,714,455,131,290,33
2022,11,Carabanchel,6,Buenavista,116,17555,1383,1603,2131,1488,1647,218,554,102
2022,11,Carabanchel,7,Abrantes,117,11161,745,753,1206,595,577,102,236,39
2022,12,Usera,1,Orcasitas,121,8472,462,514,873,572,541,93,201,34
2022,12,Usera,2,Orcasur,122,4803,323,400,614,277,213,68,101,17
2022,12,Usera,3,San Fermín,123,8310,509,653,1016,540,406,109,238,40
2022,12,Usera,4,Almendrales,124,8083,625,647,983,505,388,71,170,18
2022,12,Usera,5,Moscardó,125,9836,758,791,1186,464,279,62,186,23
2022,12,Usera,6,Zofío,126,5035,337,337,638,225,166,42,98,7
2022,12,Usera,7,Pradolongo,127,6004,406,432,671,317,163,51,133,16
2022,13,Puente de Vallecas,1,Entrevías,131,12723,782,913,1454,648,476,144,278,36
2022,13,Puente de Vallecas,2,San Diego,132,16277,1559,1812,2367,866,543,194,418,39
2022,13,Puente de Vallecas,3,Palomeras Bajas,133,15141,1165,1147,1895,738,499,118,321,44
2022,13,Puente de Vallecas,4,Palomeras Sureste,134,16157,1055,1210,2121,910,736,137,362,52
2022,13,Puente de Vallecas,5,Portazgo,135,10854,775,829,1272,561,395,111,236,36
2022,13,Puente de Vallecas,6,Numancia,136,18438,1622,1724,2500,874,538,150,378,51
2022,14,Moratalaz,1,Pavones,141,3283,173,174,392,147,125,24,46,15
2022,14,Moratalaz,2,Horcajo,142,2190,154,139,269,130,127,28,58,15
2022,14,Moratalaz,3,Marroquina,143,10803,661,573,1042,467,367,77,153,32
2022,14,Moratalaz,4,Media Legua,144,7149,501,451,720,289,212,58,122,17
2022,14,Moratalaz,5,Fontarrón,145,6889,460,512,784,332,249,41,140,20
2022,14,Moratalaz,6,Vinateros,146,7216,570,521,762,351,249,37,121,19
2022,15,Ciudad Lineal,1,Ventas,151,20000,1804,1665,2489,938,591,79,336,58
2022,15,Ciudad Lineal,2,Pueblo Nuevo,152,24195,1817,1833,2857,1184,802,135,421,69
2022,15,Ciudad Lineal,3,Quintana,153,10378,1113,981,1426,470,277,40,182,25
2022,15,Ciudad Lineal,4,La Concepción,154,9042,935,798,1141,461,299,57,177,41
2022,15,Ciudad Lineal,5,San Pascual,155,7506,634,581,833,333,311,68,150,32
2022,15,Ciudad Lineal,6,San Juan Bautista,156,4888,383,407,498,263,315,82,112,31
2022,15,Ciudad Lineal,7,Colina,157,2628,259,228,301,150,139,36,81,25
2022,15,Ciudad Lineal,8,Atalaya,158,598,57,60,59,23,34,12,20,8
2022,15,Ciudad Lineal,9,Costillares,159,8005,512,477,742,339,404,203,156,60
2022,16,Hortaleza,1,Palomas,161,2281,93,129,193,144,184,71,58,16
2022,16,Hortaleza,2,Piovera,162,4952,294,351,476,289,386,147,112,23
2022,16,Hortaleza,3,Canillas,163,16069,1136,1048,1698,801,736,131,285,47
2022,16,Hortaleza,4,Pinar del Rey,164,21434,1522,1498,2443,1092,852,153,441,66
2022,16,Hortaleza,5,Apóstol Santiago,165,5843,333,436,677,247,230,61,111,29
2022,16,Hortaleza,6,Valdefuentes,166,22710,1807,2257,2846,2614,3355,858,955,307
2022,17,Villaverde,1,"Villaverde Alto, Casco Histórico de Villaverde",171,16642,1155,1317,1989,940,711,222,400,56
2022,17,Villaverde,2,San Cristóbal,172,5180,254,405,568,244,169,148,127,11
2022,17,Villaverde,3,Butarque,173,7349,512,664,1048,861,852,124,304,46
2022,17,Villaverde,4,Los Rosales,174,13284,780,875,1637,678,550,146,262,43
2022,17,Villaverde,5,Ángeles,175,12836,736,839,1400,654,472,92,252,42
2022,18,Villa de Vallecas,1,Casco Histórico de Vallecas,181,14874,1030,1226,1868,985,720,208,391,47
2022,18,Villa de Vallecas,2,Santa Eugenia,182,9055,414,438,959,462,425,63,132,25
2022,18,Villa de Vallecas,3,Ensanche de Vallecas,183,20240,2661,2979,3461,2464,2513,379,931,222
2022,19,Vicalvaro,1,Casco Histórico de Vicálvaro,191,13392,872,1005,1594,775,590,179,303,37
2022,19,Vicalvaro,2,Valdebernardo,192,6095,387,375,771,299,234,56,95,29
2022,19,Vicalvaro,3,Valderrivas,193,6305,446,532,789,804,1019,95,265,56
2022,19,Vicalvaro,4,El Cañaveral,194,3615,373,585,901,533,425,56,103,23
2022,20,San Blas-Canillejas,1,Simancas,201,11128,981,1127,1631,679,538,91,271,47
2022,20,San Blas-Canillejas,2,Hellín,202,3698,231,305,428,195,145,24,73,4
2022,20,San Blas-Canillejas,3,Amposta,203,3396,255,311,387,163,129,35,86,11
2022,20,San Blas-Canillejas,4,Arcos,204,9232,558,725,1131,583,488,95,206,32
2022,20,San Blas-Canillejas,5,Rosas,205,11076,644,667,1238,706,733,91,240,52
2022,20,San Blas-Canillejas,6,Rejas,206,6809,730,854,1042,564,593,86,237,60
2022,20,San Blas-Canillejas,7,Canillejas,207,11032,687,743,1290,559,427,93,229,32
2022,20,San Blas-Canillejas,8,El Salvador,208,4367,293,286,473,228,212,27,76,15
2022,21,Barajas,1,Alameda de Osuna,211,7428,344,378,609,452,597,122,178,44
2022,21,Barajas,2,Aeropuerto,212,689,42,63,86,45,31,16,13,8
2022,21,Barajas,3,Casco Histórico de Barajas,213,3155,333,341,518,186,84,20,50,16
2022,21,Barajas,4,Timón,214,4462,437,410,612,413,409,72,161,35
2022,21,Barajas,5,Corralejos,215,2611,195,220,289,228,304,64,95,34
2023,1,Centro,1,Palacio,011,11768,1870,2122,2203,352,199,36,151,38
2023,1,Centro,2,Embajadores,012,22794,4085,4682,4510,689,379,81,296,55
2023,1,Centro,3,Cortes,013,5580,982,1080,1127,143,76,14,50,13
2023,1,Centro,4,Justicia,014,9132,1551,1949,1794,243,157,30,108,21
2023,1,Centro,5,Universidad,015,17046,3134,3607,3369,480,282,37,168,46
2023,1,Centro,6,Sol,016,3998,635,835,837,113,37,8,30,12
2023,2,Arganzuela,1,Imperial,021,9720,1008,961,1444,452,421,52,138,27
2023,2,Arganzuela,2,Acacias,022,15624,1724,1381,2072,716,572,98,237,49
2023,2,Arganzuela,3,Chopera,023,8724,986,822,1396,415,307,37,146,21
2023,2,Arganzuela,4,Legazpi,024,7777,837,906,1324,628,613,123,189,45
2023,2,Arganzuela,5,Delicias,025,12142,1406,1322,1920,722,696,96,205,59
2023,2,Arganzuela,6,Palos de la Frontera,026,11762,1568,1607,1992,466,300,66,161,30
2023,2,Arganzuela,7,Atocha,027,743,73,78,146,60,59,18,19,6
2023,3,Retiro,1,Pacífico,031,14847,1589,1368,1963,607,526,90,209,37
2023,3,Retiro,2,Adelfas,032,7959,792,742,1181,449,370,77,142,31
2023,3,Retiro,3,Estrella,033,8720,462,416,683,343,435,156,109,34
2023,3,Retiro,4,Ibiza,034,9378,1031,896,1129,414,395,104,158,39
2023,3,Retiro,5,Los Jerónimos,035,2744,203,257,298,90,102,39,36,12
2023,3,Retiro,6,Niño Jesús,036,5695,365,357,461,248,278,111,87,20
2023,4,Salamanca,1,Recoletos,041,6716,1005,850,805,183,170,66,87,25
2023,4,Salamanca,2,Goya,042,13279,1851,1344,1848,482,406,107,180,41
2023,4,Salamanca,3,Fuente del Berro,043,9345,1167,922,1296,408,357,74,130,27
2023,4,Salamanca,4,Guindalera,044,18143,2177,1754,2484,745,733,204,232,57
2023,4,Salamanca,5,Lista,045,9340,1287,936,1293,313,251,112,130,28
2023,4,Salamanca,6,Castellana,046,7054,983,865,864,168,162,92,71,17
2023,5,Chamartin,1,El Viso,051,6195,553,544,642,232,220,129,72,35
2023,5,Chamartin,2,Prosperidad,052,16211,1875,1543,2226,709,602,133,235,62
2023,5,Chamartin,3,Ciudad Jardín,053,8148,953,821,1169,374,322,82,133,29
2023,5,Chamartin,4,Hispanoamérica,054,12547,1162,1038,1298,595,578,207,210,38
2023,5,Chamartin,5,Nueva España,055,9275,991,868,916,400,450,241,148,45
2023,5,Chamartin,6,Castilla,056,6757,609,638,824,287,268,136,88,37
2023,6,Tetuan,1,Bellas Vistas,061,12185,1515,1431,1810,513,346,66,176,36
2023,6,Tetuan,2,Cuatro Caminos,062,15324,1987,1792,2106,568,487,126,203,45
2023,6,Tetuan,3,Castillejos,063,9525,1350,1222,1371,347,275,60,109,35
2023,6,Tetuan,4,Almenara,064,9560,1032,1134,1487,400,289,75,197,29
2023,6,Tetuan,5,Valdeacederas,065,11061,1418,1438,1909,593,312,55,214,42
2023,6,Tetuan,6,Berruguete,066,10656,1398,1323,1718,463,330,56,202,35
2023,7,Chamberi,1,Gaztambide,071,10610,1457,1234,1386,389,315,82,102,28
2023,7,Chamberi,2,Arapiles,072,11347,1563,1314,1631,437,354,82,147,40
2023,7,Chamberi,3,Trafalgar,073,11905,1914,1700,1875,432,355,75,174,46
2023,7,Chamberi,4,Almagro,074,8109,1000,933,1019,267,258,91,108,35
2023,7,Chamberi,5,Ríos Rosas,075,12253,1682,1361,1661,499,451,117,176,43
2023,7,Chamberi,6,Vallehermoso,076,8443,935,775,895,278,361,116,90,26
2023,8,Fuencarral-El Pardo,1,El Pardo,081,1316,91,107,129,67,69,14,24,13
2023,8,Fuencarral-El Pardo,2,Fuentelarreina,082,1158,58,45,58,29,47,67,14,14
2023,8,Fuencarral-El Pardo,3,Peñagrande,083,17370,1089,1035,1717,849,864,226,342,82
2023,8,Fuencarral-El Pardo,4,Pilar,084,19653,1600,1445,2459,872,716,107,319,53
2023,8,Fuencarral-El Pardo,5,La Paz,085,12517,487,484,827,465,602,157,156,44
2023,8,Fuencarral-El Pardo,6,Valverde,086,23483,1795,2124,2987,1944,2434,620,821,257
2023,8,Fuencarral-El Pardo,7,Mirasierra,087,11425,587,641,915,705,1111,628,306,106
2023,8,Fuencarral-El Pardo,8,El Goloso,088,5965,479,533,597,689,994,353,325,112
2023,9,Moncloa-Aravaca,1,Casa de Campo,091,5615,497,596,750,252,213,22,102,13
2023,9,Moncloa-Aravaca,2,Argüelles,092,10711,1282,1345,1516,383,340,91,137,37
2023,9,Moncloa-Aravaca,3,Ciudad Universitaria,093,6277,467,569,621,240,306,99,99,32
2023,9,Moncloa-Aravaca,4,Valdezarza,094,12715,1018,1011,1486,687,562,102,287,52
2023,9,Moncloa-Aravaca,5,Valdemarín,095,2078,132,176,152,100,183,112,74,30
2023,9,Moncloa-Aravaca,6,El Plantío,096,953,47,55,71,40,73,40,18,8
2023,9,Moncloa-Aravaca,7,Aravaca,097,8930,511,518,740,488,577,287,235,63
2023,10,Latina,1,Los Cármenes,101,6760,492,597,929,346,230,66,146,17
2023,10,Latina,2,Puerta del Angel,102,18239,2000,2016,2826,750,454,108,296,43
2023,10,Latina,3,Lucero,103,14396,1091,1195,1624,651,489,95,250,32
2023,10,Latina,4,Aluche,104,27043,1717,1700,2637,1197,882,141,431,68
2023,10,Latina,5,Campamento,105,7505,512,544,833,330,245,72,121,23
2023,10,Latina,6,Cuatro Vientos,106,2342,305,313,327,256,237,33,92,28
2023,10,Latina,7,Águilas,107,20965,1235,1391,2225,1011,779,131,366,61
2023,11,Carabanchel,1,Comillas,111,9679,909,921,1299,461,249,53,185,30
2023,11,Carabanchel,2,Opañel,112,13463,1295,1161,1780,606,351,91,232,34
2023,11,Carabanchel,3,San Isidro,113,15593,1404,1400,2056,774,474,134,307,31
2023,11,Carabanchel,4,Vista Alegre,114,17773,1273,1193,2017,793,502,111,280,44
2023,11,Carabanchel,5,Puerta Bonita,115,12904,944,964,1498,704,446,123,281,27
2023,11,Carabanchel,6,Buenavista,116,17942,1423,1661,2191,1409,1530,214,562,101
2023,11,Carabanchel,7,Abrantes,117,11237,752,716,1242,595,519,106,232,36
2023,12,Usera,1,Orcasitas,121,8512,477,525,890,563,484,82,187,35
2023,12,Usera,2,Orcasur,122,4835,342,397,612,255,211,69,99,15
2023,12,Usera,3,San Fermín,123,8343,513,667,1081,481,355,104,232,33
2023,12,Usera,4,Almendrales,124,8129,639,688,1012,466,354,73,178,29
2023,12,Usera,5,Moscardó,125,9937,750,816,1239,499,263,63,221,19
2023,12,Usera,6,Zofío,126,5107,357,335,650,207,153,37,108,12
2023,12,Usera,7,Pradolongo,127,6095,409,433,703,294,184,50,139,12
2023,13,Puente de Vallecas,1,Entrevías,131,12790,799,951,1427,616,454,156,302,34
2023,13,Puente de Vallecas,2,San Diego,132,16743,1603,1902,2454,864,523,200,471,46
2023,13,Puente de Vallecas,3,Palomeras Bajas,133,15269,1167,1144,1930,706,478,120,319,42
2023,13,Puente de Vallecas,4,Palomeras Sureste,134,16410,1095,1264,2193,859,728,125,372,56
2023,13,Puente de Vallecas,5,Portazgo,135,10941,810,814,1320,536,375,121,238,32
2023,13,Puente de Vallecas,6,Numancia,136,18715,1656,1767,2518,814,497,137,387,50
2023,14,Moratalaz,1,Pavones,141,3298,172,188,388,143,123,19,49,16
2023,14,Moratalaz,2,Horcajo,142,2200,168,141,269,105,114,30,56,10
2023,14,Moratalaz,3,Marroquina,143,10837,653,605,1075,435,363,76,147,29
2023,14,Moratalaz,4,Media Legua,144,7142,513,469,744,263,226,65,133,13
2023,14,Moratalaz,5,Fontarrón,145,6957,469,548,801,342,230,49,134,19
2023,14,Moratalaz,6,Vinateros,146,7244,579,517,808,335,242,25,123,20
2023,15,Ciudad Lineal,1,Ventas,151,20841,1833,1842,2882,910,585,71,306,48
2023,15,Ciudad Lineal,2,Pueblo Nuevo,152,24463,1887,1902,3020,1166,745,129,390,71
2023,15,Ciudad Lineal,3,Quintana,153,10680,1125,1005,1563,482,284,54,162,32
2023,15,Ciudad Lineal,4,La Concepción,154,9241,957,857,1198,447,296,55,180,38
2023,15,Ciudad Lineal,5,San Pascual,155,7838,696,626,938,378,320,65,128,26
2023,15,Ciudad Lineal,6,San Juan Bautista,156,4967,407,414,531,269,311,82,111,27
2023,15,Ciudad Lineal,7,Colina,157,2726,283,256,336,146,138,31,77,20
2023,15,Ciudad Lineal,8,Atalaya,158,604,61,57,58,24,40,15,17,6
2023,15,Ciudad Lineal,9,Costillares,159,8107,532,474,729,341,397,200,151,59
2023,16,Hortaleza,1,Palomas,161,2300,96,126,179,144,192,65,56,22
2023,16,Hortaleza,2,Piovera,162,5025,310,340,512,282,388,134,96,31
2023,16,Hortaleza,3,Canillas,163,16218,1175,1116,1743,775,743,129,291,53
2023,16,Hortaleza,4,Pinar del Rey,164,21565,1569,1545,2480,1080,808,150,445,76
2023,16,Hortaleza,5,Apóstol Santiago,165,5881,349,452,653,252,226,68,96,30
2023,16,Hortaleza,6,Valdefuentes,166,23751,1818,2308,3049,2704,3442,872,947,317
2023,17,Villaverde,1,"Villaverde Alto, Casco Histórico de Villaverde",171,16874,1106,1326,2024,910,650,234,379,51
2023,17,Villaverde,2,San Cristóbal,172,5220,264,392,557,207,184,162,122,12
2023,17,Villaverde,3,Butarque,173,7464,541,639,1067,829,761,103,294,42
2023,17,Villaverde,4,Los Rosales,174,13365,795,880,1562,678,507,132,256,31
2023,17,Villaverde,5,Ángeles,175,13423,833,906,1492,702,477,92,283,31
2023,18,Villa de Vallecas,1,Casco Histórico de Vallecas,181,15035,1067,1245,1917,941,673,232,399,48
2023,18,Villa de Vallecas,2,Santa Eugenia,182,9075,426,451,939,463,406,60,139,27
2023,18,Villa de Vallecas,3,Ensanche de Vallecas,183,20925,2699,2995,3680,2468,2455,359,943,209
2023,19,Vicalvaro,1,Casco Histórico de Vicálvaro,191,13509,888,1028,1645,758,589,176,294,41
2023,19,Vicalvaro,2,Valdebernardo,192,6137,376,362,788,269,228,48,88,25
2023,19,Vicalvaro,3,Valderrivas,193,6328,475,521,818,737,812,79,244,59
2023,19,Vicalvaro,4,El Cañaveral,194,5169,480,816,1269,818,585,82,145,47
2023,20,San Blas-Canillejas,1,Simancas,201,11275,1014,1154,1663,702,475,80,268,52
2023,20,San Blas-Canillejas,2,Hellín,202,3696,225,290,410,205,127,24,83,9
2023,20,San Blas-Canillejas,3,Amposta,203,3471,267,312,404,169,117,33,94,3
2023,20,San Blas-Canillejas,4,Arcos,204,9317,577,739,1158,557,457,84,214,37
2023,20,San Blas-Canillejas,5,Rosas,205,11122,653,647,1295,655,677,81,223,48
2023,20,San Blas-Canillejas,6,Rejas,206,6963,726,892,1035,575,544,88,238,63
2023,20,San Blas-Canillejas,7,Canillejas,207,11156,693,771,1303,560,407,86,215,30
2023,20,San Blas-Canillejas,8,El Salvador,208,4374,309,292,474,213,217,25,68,22
2023,21,Barajas,1,Alameda de Osuna,211,7458,355,378,606,461,564,114,152,39
2023,21,Barajas,2,Aeropuerto,212,702,52,62,85,52,30,13,13,9
2023,21,Barajas,3,Casco Histórico de Barajas,213,3187,352,354,512,185,73,21,55,13
2023,21,Barajas,4,Timón,214,4520,450,397,629,401,419,59,153,37
2023,21,Barajas,5,Corralejos,215,2651,209,218,312,223,277,59,90,33
2024,1,Centro,1,Palacio,011,12415,2130,2408,2279,358,202,37,155,41
2024,1,Centro,2,Embajadores,012,24315,4664,5262,4701,708,382,82,307,53
2024,1,Centro,3,Cortes,013,5968,1198,1224,1116,155,73,14,60,16
2024,1,Centro,4,Justicia,014,9737,1841,2227,1800,240,151,36,114,19
2024,1,Centro,5,Universidad,015,18090,3553,4058,3513,490,278,34,180,46
2024,1,Centro,6,Sol,016,4293,777,945,835,113,40,9,36,19
2024,2,Arganzuela,1,Imperial,021,10011,1102,1088,1454,453,407,52,139,30
2024,2,Arganzuela,2,Acacias,022,16075,1813,1543,2127,720,571,89,240,49
2024,2,Arganzuela,3,Chopera,023,9066,1115,947,1454,438,296,39,144,24
2024,2,Arganzuela,4,Legazpi,024,8077,914,970,1425,617,593,112,202,46
2024,2,Arganzuela,5,Delicias,025,12635,1555,1436,2058,721,680,102,219,54
2024,2,Arganzuela,6,Palos de la Frontera,026,12254,1718,1829,2035,486,297,54,174,29
2024,2,Arganzuela,7,Atocha,027,793,82,77,153,81,54,17,21,6
2024,3,Retiro,1,Pacífico,031,15350,1718,1466,2055,629,538,90,228,60
2024,3,Retiro,2,Adelfas,032,8155,852,789,1250,451,381,84,143,35
2024,3,Retiro,3,Estrella,033,8903,513,490,693,342,455,151,117,38
2024,3,Retiro,4,Ibiza,034,9784,1185,978,1196,446,400,101,161,41
2024,3,Retiro,5,Los Jerónimos,035,2861,252,295,311,99,113,40,35,14
2024,3,Retiro,6,Niño Jesús,036,5872,392,413,494,253,292,113,95,20
2024,4,Salamanca,1,Recoletos,041,7154,1173,985,898,189,167,77,89,33
2024,4,Salamanca,2,Goya,042,14100,2175,1619,1942,503,410,111,197,41
2024,4,Salamanca,3,Fuente del Berro,043,9701,1303,1025,1314,431,352,75,138,28
2024,4,Salamanca,4,Guindalera,044,18907,2416,2050,2560,770,772,199,243,55
2024,4,Salamanca,5,Lista,045,9893,1536,1144,1374,325,254,113,125,25
2024,4,Salamanca,6,Castellana,046,7795,1255,1159,950,186,167,77,91,20
2024,5,Chamartin,1,El Viso,051,6497,668,657,655,230,249,145,76,34
2024,5,Chamartin,2,Prosperidad,052,16895,2108,1731,2289,757,614,130,245,66
2024,5,Chamartin,3,Ciudad Jardín,053,8504,1106,934,1178,399,346,72,142,30
2024,5,Chamartin,4,Hispanoamérica,054,12953,1260,1139,1348,633,615,211,214,48
2024,5,Chamartin,5,Nueva España,055,9677,1123,977,935,403,502,244,158,53
2024,5,Chamartin,6,Castilla,056,7047,685,700,847,289,289,166,97,39
2024,6,Tetuan,1,Bellas Vistas,061,12795,1655,1666,1890,507,342,73,183,33
2024,6,Tetuan,2,Cuatro Caminos,062,15984,2201,2054,2177,607,522,124,222,53
2024,6,Tetuan,3,Castillejos,063,10007,1477,1386,1488,364,264,64,121,29
2024,6,Tetuan,4,Almenara,064,9946,1161,1269,1508,404,298,85,186,33
2024,6,Tetuan,5,Valdeacederas,065,11714,1579,1665,2042,569,304,61,224,41
2024,6,Tetuan,6,Berruguete,066,11255,1524,1491,1846,474,326,61,205,37
2024,7,Chamberi,1,Gaztambide,071,11128,1675,1413,1445,382,331,84,109,29
2024,7,Chamberi,2,Arapiles,072,11909,1745,1514,1718,464,362,80,162,36
2024,7,Chamberi,3,Trafalgar,073,12577,2234,1966,1933,456,360,82,186,54
2024,7,Chamberi,4,Almagro,074,8584,1176,1072,1056,305,261,90,121,44
2024,7,Chamberi,5,Ríos Rosas,075,12871,1896,1574,1739,496,474,129,182,43
2024,7,Chamberi,6,Vallehermoso,076,8797,1047,911,937,310,363,116,105,31
2024,8,Fuencarral-El Pardo,1,El Pardo,081,1369,92,114,137,71,67,14,27,10
2024,8,Fuencarral-El Pardo,2,Fuentelarreina,082,1201,66,50,61,33,57,69,18,9
2024,8,Fuencarral-El Pardo,3,Peñagrande,083,17769,1155,1138,1712,841,887,226,363,101
2024,8,Fuencarral-El Pardo,4,Pilar,084,20231,1767,1615,2607,947,685,120,317,53
2024,8,Fuencarral-El Pardo,5,La Paz,085,12759,523,533,852,482,622,152,151,49
2024,8,Fuencarral-El Pardo,6,Valverde,086,24496,1994,2375,3129,2020,2388,635,813,246
2024,8,Fuencarral-El Pardo,7,Mirasierra,087,11910,649,673,949,724,1140,665,319,108
2024,8,Fuencarral-El Pardo,8,El Goloso,088,6217,507,569,620,691,965,346,343,117
2024,9,Moncloa-Aravaca,1,Casa de Campo,091,5752,554,623,751,272,216,24,96,17
2024,9,Moncloa-Aravaca,2,Argüelles,092,11181,1435,1491,1615,397,349,91,142,38
2024,9,Moncloa-Aravaca,3,Ciudad Universitaria,093,6503,545,616,657,253,310,97,98,30
2024,9,Moncloa-Aravaca,4,Valdezarza,094,13216,1097,1135,1587,708,613,106,284,47
2024,9,Moncloa-Aravaca,5,Valdemarín,095,2218,152,203,178,115,183,124,69,29
2024,9,Moncloa-Aravaca,6,El Plantío,096,1001,48,57,69,43,85,42,21,9
2024,9,Moncloa-Aravaca,7,Aravaca,097,9330,572,587,785,515,576,303,232,63
2024,10,Latina,1,Los Cármenes,101,7018,540,680,990,331,225,67,142,19
2024,10,Latina,2,Puerta del Angel,102,19256,2210,2341,2999,768,428,103,302,46
2024,10,Latina,3,Lucero,103,14890,1182,1314,1693,652,490,96,253,38
2024,10,Latina,4,Aluche,104,27765,1818,1859,2730,1231,864,155,448,52
2024,10,Latina,5,Campamento,105,7763,539,598,833,345,259,76,123,20
2024,10,Latina,6,Cuatro Vientos,106,2448,311,341,339,242,239,33,96,24
2024,10,Latina,7,Águilas,107,21455,1371,1523,2305,996,777,127,356,57
2024,11,Carabanchel,1,Comillas,111,10045,1017,1050,1372,467,262,54,173,20
2024,11,Carabanchel,2,Opañel,112,14016,1393,1342,1879,600,362,89,231,37
2024,11,Carabanchel,3,San Isidro,113,16223,1557,1563,2154,814,459,122,318,28
2024,11,Carabanchel,4,Vista Alegre,114,18468,1393,1348,2075,802,485,108,284,42
2024,11,Carabanchel,5,Puerta Bonita,115,13465,970,1118,1565,697,429,135,305,32
2024,11,Carabanchel,6,Buenavista,116,18677,1524,1821,2306,1420,1383,199,533,109
2024,11,Carabanchel,7,Abrantes,117,11653,825,793,1256,575,468,106,233,37
2024,12,Usera,1,Orcasitas,121,8642,508,550,893,563,449,75,169,32
2024,12,Usera,2,Orcasur,122,5006,349,453,624,253,194,58,101,16
2024,12,Usera,3,San Fermín,123,8618,564,715,1101,462,328,102,223,31
2024,12,Usera,4,Almendrales,124,8485,677,773,1052,466,350,76,184,34
2024,12,Usera,5,Moscardó,125,10413,838,947,1311,526,259,62,214,22
2024,12,Usera,6,Zofío,126,5331,361,393,672,217,151,40,110,10
2024,12,Usera,7,Pradolongo,127,6416,427,530,753,291,172,51,147,7
2024,13,Puente de Vallecas,1,Entrevías,131,13157,855,1042,1457,613,441,170,313,35
2024,13,Puente de Vallecas,2,San Diego,132,17988,1740,2060,2672,930,553,221,550,57
2024,13,Puente de Vallecas,3,Palomeras Bajas,133,15759,1246,1229,1960,676,506,124,319,36
2024,13,Puente de Vallecas,4,Palomeras Sureste,134,16908,1183,1413,2247,886,686,125,372,54
2024,13,Puente de Vallecas,5,Portazgo,135,11263,864,880,1328,530,381,104,261,35
2024,13,Puente de Vallecas,6,Numancia,136,19494,1825,1980,2578,825,502,149,405,45
2024,14,Moratalaz,1,Pavones,141,3360,170,212,371,153,112,20,56,15
2024,14,Moratalaz,2,Horcajo,142,2234,162,139,263,109,103,34,54,11
2024,14,Moratalaz,3,Marroquina,143,11011,704,635,1082,452,359,69,157,31
2024,14,Moratalaz,4,Media Legua,144,7324,544,498,758,281,222,63,140,19
2024,14,Moratalaz,5,Fontarrón,145,7188,509,589,834,346,235,52,143,21
2024,14,Moratalaz,6,Vinateros,146,7418,630,563,859,334,242,25,139,24
2024,15,Ciudad Lineal,1,Ventas,151,21624,2025,2112,2968,934,584,74,302,54
2024,15,Ciudad Lineal,2,Pueblo Nuevo,152,25500,2037,2141,3256,1161,733,131,376,81
2024,15,Ciudad Lineal,3,Quintana,153,11234,1244,1118,1676,543,296,46,161,34
2024,15,Ciudad Lineal,4,La Concepción,154,9848,1070,1044,1291,496,310,54,176,43
2024,15,Ciudad Lineal,5,San Pascual,155,8228,784,704,1029,392,344,61,120,25
2024,15,Ciudad Lineal,6,San Juan Bautista,156,5302,456,488,607,289,318,83,112,28
2024,15,Ciudad Lineal,7,Colina,157,2875,324,281,353,151,152,31,76,18
2024,15,Ciudad Lineal,8,Atalaya,158,633,61,63,67,32,37,15,15,5
2024,15,Ciudad Lineal,9,Costillares,159,8372,574,532,756,358,409,211,146,48
2024,16,Hortaleza,1,Palomas,161,2380,105,147,173,156,195,63,60,19
2024,16,Hortaleza,2,Piovera,162,5272,344,371,523,295,400,136,107,35
2024,16,Hortaleza,3,Canillas,163,16576,1223,1219,1778,804,715,132,295,51
2024,16,Hortaleza,4,Pinar del Rey,164,22134,1720,1700,2530,1092,798,153,461,61
2024,16,Hortaleza,5,Apóstol Santiago,165,6053,379,473,685,260,231,65,106,31
2024,16,Hortaleza,6,Valdefuentes,166,25458,2035,2564,3259,2893,3558,899,997,331
2024,17,Villaverde,1,"Villaverde Alto, Casco Histórico de Villaverde",171,17552,1159,1458,2104,909,659,251,377,54
2024,17,Villaverde,2,San Cristóbal,172,5549,300,460,566,207,193,166,122,16
2024,17,Villaverde,3,Butarque,173,7875,598,704,1129,793,706,113,291,46
2024,17,Villaverde,4,Los Rosales,174,13861,831,961,1587,664,466,135,239,30
2024,17,Villaverde,5,Ángeles,175,14065,943,995,1640,731,485,85,271,33
2024,18,Villa de Vallecas,1,Casco Histórico de Vallecas,181,15672,1160,1412,2022,917,666,231,408,47
2024,18,Villa de Vallecas,2,Santa Eugenia,182,9274,461,500,933,465,413,66,136,30
2024,18,Villa de Vallecas,3,Ensanche de Vallecas,183,22232,2862,3221,3924,2577,2410,361,966,199
2024,19,Vicalvaro,1,Casco Histórico de Vicálvaro,191,14078,992,1160,1693,771,583,174,313,40
2024,19,Vicalvaro,2,Valdebernardo,192,6241,383,366,794,250,196,49,89,19
2024,19,Vicalvaro,3,Valderrivas,193,6413,483,548,840,672,679,70,216,49
2024,19,Vicalvaro,4,El Cañaveral,194,6705,628,994,1602,1073,734,105,190,59
2024,20,San Blas-Canillejas,1,Simancas,201,11739,1058,1292,1730,736,447,84,276,46
2024,20,San Blas-Canillejas,2,Hellín,202,3816,243,316,427,206,146,22,82,8
2024,20,San Blas-Canillejas,3,Amposta,203,3631,295,342,412,179,109,40,93,6
2024,20,San Blas-Canillejas,4,Arcos,204,9633,596,808,1190,583,443,95,208,36
2024,20,San Blas-Canillejas,5,Rosas,205,11296,685,704,1303,636,642,85,209,50
2024,20,San Blas-Canillejas,6,Rejas,206,7362,789,994,1146,598,532,83,228,58
2024,20,San Blas-Canillejas,7,Canillejas,207,11546,796,878,1348,541,394,90,223,28
2024,20,San Blas-Canillejas,8,El Salvador,208,4487,320,306,466,217,214,35,69,26
2024,21,Barajas,1,Alameda de Osuna,211,7639,392,418,649,443,537,116,162,50
2024,21,Barajas,2,Aeropuerto,212,718,49,65,90,47,32,13,14,4
2024,21,Barajas,3,Casco Histórico de Barajas,213,3334,404,385,546,187,69,21,63,12
2024,21,Barajas,4,Timón,214,4697,465,432,659,399,408,58,163,36
2024,21,Barajas,5,Corralejos,215,2753,223,254,320,217,282,53,89,36
2025,1,Centro,1,Palacio,011,12343,2118,2315,2249,362,186,34,144,47
2025,1,Centro,2,Embajadores,012,24611,4731,5298,4674,745,393,82,291,52
2025,1,Centro,3,Cortes,013,5954,1167,1204,1160,155,71,13,65,15
2025,1,Centro,4,Justicia,014,9788,1889,2216,1806,246,141,29,111,13
2025,1,Centro,5,Universidad,015,18161,3599,4043,3445,478,257,42,170,50
2025,1,Centro,6,Sol,016,4302,790,941,835,100,47,10,41,14
2025,2,Arganzuela,1,Imperial,021,10507,1130,1177,1621,499,427,50,133,36
2025,2,Arganzuela,2,Acacias,022,16219,1826,1543,2171,733,547,86,243,58
2025,2,Arganzuela,3,Chopera,023,9181,1113,948,1529,446,307,49,135,23
2025,2,Arganzuela,4,Legazpi,024,8166,945,956,1407,598,571,96,188,47
2025,2,Arganzuela,5,Delicias,025,12736,1533,1450,2094,674,649,96,222,54
2025,2,Arganzuela,6,Palos de la Frontera,026,12452,1746,1862,2074,500,277,52,160,29
2025,2,Arganzuela,7,Atocha,027,867,80,89,185,83,54,16,17,5
2025,3,Retiro,1,Pacífico,031,15529,1747,1451,2116,657,524,88,242,62
2025,3,Retiro,2,Adelfas,032,8217,861,779,1254,469,366,81,144,36
2025,3,Retiro,3,Estrella,033,8988,529,507,714,351,455,149,110,30
2025,3,Retiro,4,Ibiza,034,9904,1199,1024,1252,429,396,94,168,44
2025,3,Retiro,5,Los Jerónimos,035,2845,219,316,319,96,109,38,38,13
2025,3,Retiro,6,Niño Jesús,036,5881,395,401,482,254,294,111,95,22
2025,4,Salamanca,1,Recoletos,041,7180,1233,1016,878,195,153,73,106,30
2025,4,Salamanca,2,Goya,042,14239,2168,1623,2056,483,417,100,192,49
2025,4,Salamanca,3,Fuente del Berro,043,9841,1340,1030,1378,454,356,71,140,27
2025,4,Salamanca,4,Guindalera,044,19175,2416,2078,2695,779,764,194,244,57
2025,4,Salamanca,5,Lista,045,9989,1553,1175,1384,302,248,123,128,28
2025,4,Salamanca,6,Castellana,046,7831,1318,1117,978,177,172,68,84,20
2025,5,Chamartin,1,El Viso,051,6542,694,637,675,232,249,138,94,39
2025,5,Chamartin,2,Prosperidad,052,17045,2066,1758,2334,753,624,126,243,67
2025,5,Chamartin,3,Ciudad Jardín,053,8644,1138,975,1190,404,364,72,136,29
2025,5,Chamartin,4,Hispanoamérica,054,13095,1311,1177,1329,609,629,214,207,56
2025,5,Chamartin,5,Nueva España,055,9753,1097,1013,972,406,471,238,163,47
2025,5,Chamartin,6,Castilla,056,7166,687,716,914,306,306,161,95,42
2025,6,Tetuan,1,Bellas Vistas,061,13025,1702,1720,1974,490,347,73,182,35
2025,6,Tetuan,2,Cuatro Caminos,062,16199,2263,2095,2243,594,523,131,227,56
2025,6,Tetuan,3,Castillejos,063,10128,1474,1387,1505,386,276,66,118,36
2025,6,Tetuan,4,Almenara,064,10095,1155,1250,1620,407,281,84,182,30
2025,6,Tetuan,5,Valdeacederas,065,12149,1639,1772,2158,553,277,65,242,45
2025,6,Tetuan,6,Berruguete,066,11428,1567,1481,1862,515,327,59,204,32
2025,7,Chamberi,1,Gaztambide,071,11350,1705,1461,1490,386,319,82,114,33
2025,7,Chamberi,2,Arapiles,072,12126,1820,1556,1765,478,347,73,165,39
2025,7,Chamberi,3,Trafalgar,073,12721,2292,1958,1995,467,351,79,175,47
2025,7,Chamberi,4,Almagro,074,8623,1169,1092,1104,290,265,92,109,40
2025,7,Chamberi,5,Ríos Rosas,075,13142,1995,1658,1774,510,474,137,174,48
2025,7,Chamberi,6,Vallehermoso,076,8913,1068,916,989,301,364,119,114,32
2025,8,Fuencarral-El Pardo,1,El Pardo,081,1367,90,114,142,75,72,17,24,10
2025,8,Fuencarral-El Pardo,2,Fuentelarreina,082,1210,63,45,69,31,70,68,17,6
2025,8,Fuencarral-El Pardo,3,Peñagrande,083,17993,1180,1163,1728,862,878,228,359,109
2025,8,Fuencarral-El Pardo,4,Pilar,084,20405,1743,1639,2714,944,676,108,315,53
2025,8,Fuencarral-El Pardo,5,La Paz,085,12805,529,528,851,483,626,145,145,60
2025,8,Fuencarral-El Pardo,6,Valverde,086,24947,2016,2427,3233,2019,2249,599,786,224
2025,8,Fuencarral-El Pardo,7,Mirasierra,087,12147,616,660,952,728,1177,674,295,106
2025,8,Fuencarral-El Pardo,8,El Goloso,088,6306,513,558,655,697,889,326,325,101
2025,9,Moncloa-Aravaca,1,Casa de Campo,091,5848,594,636,763,267,227,23,101,19
2025,9,Moncloa-Aravaca,2,Argüelles,092,11258,1433,1428,1690,390,334,95,142,46
2025,9,Moncloa-Aravaca,3,Ciudad Universitaria,093,6596,583,619,660,269,308,99,92,33
2025,9,Moncloa-Aravaca,4,Valdezarza,094,13330,1105,1128,1646,722,596,87,274,46
2025,9,Moncloa-Aravaca,5,Valdemarín,095,2272,160,197,182,112,190,132,69,24
2025,9,Moncloa-Aravaca,6,El Plantío,096,1006,50,59,78,39,78,35,16,10
2025,9,Moncloa-Aravaca,7,Aravaca,097,9429,555,599,795,465,574,288,219,64
2025,10,Latina,1,Los Cármenes,101,7087,561,651,990,342,217,67,139,20
2025,10,Latina,2,Puerta del Angel,102,19478,2249,2326,3117,787,439,91,281,46
2025,10,Latina,3,Lucero,103,15087,1185,1358,1756,631,472,81,255,37
2025,10,Latina,4,Aluche,104,28016,1862,1914,2811,1220,834,156,433,60
2025,10,Latina,5,Campamento,105,7877,548,626,828,328,247,73,118,17
2025,10,Latina,6,Cuatro Vientos,106,2509,302,338,360,231,226,32,90,21
2025,10,Latina,7,Águilas,107,21540,1365,1504,2398,970,759,115,331,50
2025,11,Carabanchel,1,Comillas,111,10173,1042,1104,1412,434,264,51,181,24
2025,11,Carabanchel,2,Opañel,112,14291,1428,1407,1919,601,354,80,226,33
2025,11,Carabanchel,3,San Isidro,113,16516,1561,1615,2250,774,445,129,323,33
2025,11,Carabanchel,4,Vista Alegre,114,18743,1424,1368,2084,782,467,110,282,46
2025,11,Carabanchel,5,Puerta Bonita,115,13701,1026,1116,1619,650,415,124,305,34
2025,11,Carabanchel,6,Buenavista,116,19139,1590,1843,2418,1381,1238,200,505,96
2025,11,Carabanchel,7,Abrantes,117,11795,776,801,1289,571,423,110,211,48
2025,12,Usera,1,Orcasitas,121,8710,521,542,919,527,414,79,165,33
2025,12,Usera,2,Orcasur,122,5100,386,435,648,261,184,68,101,12
2025,12,Usera,3,San Fermín,123,8700,562,722,1088,472,283,100,227,29
2025,12,Usera,4,Almendrales,124,8752,688,816,1130,452,342,80,171,27
2025,12,Usera,5,Moscardó,125,10802,862,992,1406,491,264,65,195,23
2025,12,Usera,6,Zofío,126,5424,379,415,668,222,151,52,92,12
2025,12,Usera,7,Pradolongo,127,6591,438,543,780,291,166,49,149,13
2025,13,Puente de Vallecas,1,Entrevías,131,13349,855,1067,1474,589,435,167,329,44
2025,13,Puente de Vallecas,2,San Diego,132,18408,1757,2114,2711,895,546,232,556,52
2025,13,Puente de Vallecas,3,Palomeras Bajas,133,15982,1215,1235,1997,655,492,117,318,34
2025,13,Puente de Vallecas,4,Palomeras Sureste,134,17098,1166,1425,2236,875,639,116,372,50
2025,13,Puente de Vallecas,5,Portazgo,135,11428,849,891,1364,540,379,102,242,33
2025,13,Puente de Vallecas,6,Numancia,136,19772,1792,2044,2605,783,496,155,380,39
2025,14,Moratalaz,1,Pavones,141,3379,179,209,398,135,117,19,50,11
2025,14,Moratalaz,2,Horcajo,142,2258,163,146,270,110,98,29,44,8
2025,14,Moratalaz,3,Marroquina,143,11067,686,656,1073,447,356,73,137,32
2025,14,Moratalaz,4,Media Legua,144,7367,543,511,741,291,212,69,125,24
2025,14,Moratalaz,5,Fontarrón,145,7267,515,587,845,358,239,41,147,21
2025,14,Moratalaz,6,Vinateros,146,7485,659,604,868,342,233,25,123,21
2025,15,Ciudad Lineal,1,Ventas,151,21941,2062,2129,3000,962,549,80,300,48
2025,15,Ciudad Lineal,2,Pueblo Nuevo,152,25972,2125,2162,3292,1197,714,115,382,86
2025,15,Ciudad Lineal,3,Quintana,153,11487,1281,1167,1752,540,298,45,153,31
2025,15,Ciudad Lineal,4,La Concepción,154,10029,1066,1059,1402,507,323,50,164,42
2025,15,Ciudad Lineal,5,San Pascual,155,8318,755,748,1044,406,311,65,123,35
2025,15,Ciudad Lineal,6,San Juan Bautista,156,5389,459,470,627,309,322,87,113,31
2025,15,Ciudad Lineal,7,Colina,157,2935,322,304,366,156,152,33,74,18
2025,15,Ciudad Lineal,8,Atalaya,158,658,66,69,65,33,39,16,13,4
2025,15,Ciudad Lineal,9,Costillares,159,8473,585,572,754,362,391,210,140,42
2025,16,Hortaleza,1,Palomas,161,2407,104,144,168,156,190,67,61,17
2025,16,Hortaleza,2,Piovera,162,5347,330,361,531,304,383,144,109,31
2025,16,Hortaleza,3,Canillas,163,16792,1288,1242,1781,789,732,130,292,58
2025,16,Hortaleza,4,Pinar del Rey,164,22435,1753,1737,2638,1155,763,147,443,61
2025,16,Hortaleza,5,Apóstol Santiago,165,6126,378,483,701,268,220,69,108,24
2025,16,Hortaleza,6,Valdefuentes,166,26380,2075,2621,3315,2994,3537,873,962,327
2025,17,Villaverde,1,"Villaverde Alto, Casco Histórico de Villaverde",171,17930,1222,1467,2131,882,637,252,373,48
2025,17,Villaverde,2,San Cristóbal,172,5680,292,458,551,223,178,185,117,10
2025,17,Villaverde,3,Butarque,173,8137,604,729,1174,790,637,96,286,43
2025,17,Villaverde,4,Los Rosales,174,14044,862,974,1584,629,439,123,222,32
2025,17,Villaverde,5,Ángeles,175,14371,969,1033,1718,751,495,102,270,42
2025,18,Villa de Vallecas,1,Casco Histórico de Vallecas,181,16130,1173,1427,2068,900,681,242,436,51
2025,18,Villa de Vallecas,2,Santa Eugenia,182,9330,442,534,943,456,405,64,129,29
2025,18,Villa de Vallecas,3,Ensanche de Vallecas,183,23141,2964,3216,4106,2569,2341,359,958,211
2025,19,Vicalvaro,1,Casco Histórico de Vicálvaro,191,14425,1019,1224,1790,750,520,167,316,39
2025,19,Vicalvaro,2,Valdebernardo,192,6250,373,354,806,235,176,45,76,20
2025,19,Vicalvaro,3,Valderrivas,193,6441,473,536,850,618,593,55,199,44
2025,19,Vicalvaro,4,El Cañaveral,194,8140,730,1108,1796,1337,939,156,226,77
2025,20,San Blas-Canillejas,1,Simancas,201,11965,1089,1305,1747,716,435,72,260,49
2025,20,San Blas-Canillejas,2,Hellín,202,3855,231,314,431,210,138,25,69,12
2025,20,San Blas-Canillejas,3,Amposta,203,3691,291,352,411,167,103,41,90,7
2025,20,San Blas-Canillejas,4,Arcos,204,9704,606,791,1198,593,422,85,196,36
2025,20,San Blas-Canillejas,5,Rosas,205,11416,715,724,1327,621,585,70,208,47
2025,20,San Blas-Canillejas,6,Rejas,206,7573,798,1084,1141,587,488,85,204,56
2025,20,San Blas-Canillejas,7,Canillejas,207,11720,780,895,1369,552,378,75,216,34
2025,20,San Blas-Canillejas,8,El Salvador,208,4529,316,307,477,213,213,36,64,26
2025,21,Barajas,1,Alameda de Osuna,211,7729,396,426,640,453,535,108,161,47
2025,21,Barajas,2,Aeropuerto,212,720,45,71,88,46,38,13,15,5
2025,21,Barajas,3,Casco Histórico de Barajas,213,3592,445,411,610,204,80,28,54,8
2025,21,Barajas,4,Timón,214,4795,486,462,653,391,381,57,162,36
2025,21,Barajas,5,Corralejos,215,2789,228,265,347,204,257,47,80,28
