ventana,anio_t0,anio_t1,codigo_barrio,barrio_nombre,indice_gentrificacion
A,2017,2019,011,Palacio,0.6954042599359995
A,2017,2019,012,Embajadores,0.841246909904745
A,2017,2019,013,Cortes,1.064485891962043
A,2017,2019,014,Justicia,0.9541020588970075
A,2017,2019,015,Universidad,1.0078787439030514
A,2017,2019,016,Sol,0.9202388640034082
A,2017,2019,021,Imperial,0.11633287604051396
A,2017,2019,022,Acacias,0.1746974203413908
A,2017,2019,023,Chopera,0.17123270936588827
A,2017,2019,024,Legazpi,0.11693178739095203
A,2017,2019,025,Delicias,0.11978365140835084
A,2017,2019,026,Palos de la Frontera,0.41150169815521515
A,2017,2019,027,Atocha,-0.028562815837877745
A,2017,2019,031,Pacífico,0.17470404991717198
A,2017,2019,032,Adelfas,0.13021537784417317
A,2017,2019,033,Estrella,-0.11673364221201374
A,2017,2019,034,Ibiza,0.38758720580577655
A,2017,2019,035,Los Jerónimos,0.3072230479128381
A,2017,2019,036,Niño Jesús,0.11207752673332995
A,2017,2019,041,Recoletos,0.657651251181017
A,2017,2019,042,Goya,0.5215434538331527
A,2017,2019,043,Fuente del Berro,0.346113821752111
A,2017,2019,044,Guindalera,0.2862640312974797
A,2017,2019,045,Lista,0.4804415630860682
A,2017,2019,046,Castellana,0.7817214547279815
A,2017,2019,051,El Viso,0.27546567075623346
A,2017,2019,052,Prosperidad,0.2586261333990142
A,2017,2019,053,Ciudad Jardín,0.29373541260245795
A,2017,2019,054,Hispanoamérica,0.20423515606981868
A,2017,2019,055,Nueva España,0.3170000369162719
A,2017,2019,056,Castilla,0.22022791768898206
A,2017,2019,061,Bellas Vistas,0.23242920454484942
A,2017,2019,062,Cuatro Caminos,0.3513334230930082
A,2017,2019,063,Castillejos,0.3942855460963127
A,2017,2019,064,Almenara,0.16486977978038006
A,2017,2019,065,Valdeacederas,0.26690104573002904
A,2017,2019,066,Berruguete,0.23000146324617232
A,2017,2019,071,Gaztambide,0.49333653717911014
A,2017,2019,072,Arapiles,0.5010248205736859
A,2017,2019,073,Trafalgar,0.582849351245869
A,2017,2019,074,Almagro,0.46278773049774086
A,2017,2019,075,Ríos Rosas,0.4673888447977687
A,2017,2019,076,Vallehermoso,0.26982377300106847
A,2017,2019,081,El Pardo,0.05452672296835414
A,2017,2019,082,Fuentelarreina,-0.09908666545534232
A,2017,2019,083,Peñagrande,-0.14149003665276932
A,2017,2019,084,Pilar,-0.02720072522501611
A,2017,2019,085,La Paz,-0.1634686314473955
A,2017,2019,086,Valverde,-0.06212518075622975
A,2017,2019,087,Mirasierra,-0.10952207965995232
A,2017,2019,088,El Goloso,-0.010484636710352607
A,2017,2019,091,Casa de Campo,0.10182609891952958
A,2017,2019,092,Argüelles,0.3458096831871643
A,2017,2019,093,Ciudad Universitaria,0.08141302321386357
A,2017,2019,094,Valdezarza,-0.07358265060129374
A,2017,2019,095,Valdemarín,0.005456248667672664
A,2017,2019,096,El Plantío,-0.026813264133569343
A,2017,2019,097,Aravaca,-0.015127718809602496
A,2017,2019,101,Los Cármenes,-0.09242043818395163
A,2017,2019,102,Puerta del Angel,0.09895108743378546
A,2017,2019,103,Lucero,-0.07514451816080535
A,2017,2019,104,Aluche,-0.1597817745605807
A,2017,2019,105,Campamento,-0.09991448164438277
A,2017,2019,106,Cuatro Vientos,-0.0557089765480924
A,2017,2019,107,Águilas,-0.20541286137270512
A,2017,2019,111,Comillas,0.09495166353336806
A,2017,2019,112,Opañel,-0.04205794992569821
A,2017,2019,113,San Isidro,-0.04376676291383748
A,2017,2019,114,Vista Alegre,-0.14593236083009237
A,2017,2019,115,Puerta Bonita,-0.102268884425383
A,2017,2019,116,Buenavista,-0.1545994876156783
A,2017,2019,117,Abrantes,-0.19277697365821705
A,2017,2019,121,Orcasitas,-0.35455748369990225
A,2017,2019,122,Orcasur,-0.2415741249622429
A,2017,2019,123,San Fermín,-0.1838057541747199
A,2017,2019,124,Almendrales,-0.15822547417787766
A,2017,2019,125,Moscardó,-0.10419445172828161
A,2017,2019,126,Zofío,-0.15822222928701404
A,2017,2019,127,Pradolongo,-0.20300592506135365
A,2017,2019,131,Entrevías,-0.18560114211886786
A,2017,2019,132,San Diego,0.036410427071415286
A,2017,2019,133,Palomeras Bajas,-0.16670879021027424
A,2017,2019,134,Palomeras Sureste,-0.15307283077758377
A,2017,2019,135,Portazgo,-0.15574315637659306
A,2017,2019,136,Numancia,-0.02053657458188198
A,2017,2019,141,Pavones,-0.23817199041628517
A,2017,2019,142,Horcajo,-0.3469273695397582
A,2017,2019,143,Marroquina,-0.18861156261947062
A,2017,2019,144,Media Legua,-0.13737910762937725
A,2017,2019,145,Fontarrón,-0.10745091701061103
A,2017,2019,146,Vinateros,-0.13773985666033778
A,2017,2019,151,Ventas,0.014806054525409708
A,2017,2019,152,Pueblo Nuevo,-0.04146376551040197
A,2017,2019,153,Quintana,0.15501217473983
A,2017,2019,154,La Concepción,0.12302316297320601
A,2017,2019,155,San Pascual,-0.07149606789314428
A,2017,2019,156,San Juan Bautista,0.10337811339546209
A,2017,2019,157,Colina,0.22634498305202172
A,2017,2019,158,Atalaya,0.1605724860820955
A,2017,2019,159,Costillares,-0.042536797451088106
A,2017,2019,161,Palomas,0.1331529387654816
A,2017,2019,162,Piovera,0.36514381212652847
A,2017,2019,163,Canillas,-0.04320418023183266
A,2017,2019,164,Pinar del Rey,-0.11668997072605258
A,2017,2019,165,Apóstol Santiago,-0.08224919075270377
A,2017,2019,166,Valdefuentes,0.07406869305783638
A,2017,2019,171,"Villaverde Alto, Casco Histórico de Villaverde",-0.11455225670857404
A,2017,2019,172,San Cristóbal,-0.2272832285596736
A,2017,2019,173,Butarque,-0.1839924905961749
A,2017,2019,174,Los Rosales,-0.19683153105425566
A,2017,2019,175,Ángeles,-0.1891405163092474
A,2017,2019,182,Santa Eugenia,-0.0908708652857587
A,2017,2019,201,Simancas,0.05937645611426698
A,2017,2019,202,Hellín,-0.13603726901418042
A,2017,2019,203,Amposta,-0.07856145109654328
A,2017,2019,204,Arcos,-0.20262240042677768
A,2017,2019,205,Rosas,-0.23407200233861353
A,2017,2019,206,Rejas,0.1621020974201984
A,2017,2019,207,Canillejas,-0.04324131918882032
A,2017,2019,208,El Salvador,-0.0031908268656103225
A,2017,2019,211,Alameda de Osuna,-0.24541796769996327
A,2017,2019,212,Aeropuerto,-0.004534301964969525
A,2017,2019,213,Casco Histórico de Barajas,0.1198026822210317
A,2017,2019,214,Timón,-0.0031866947636106403
A,2017,2019,215,Corralejos,-0.06829426450954619
B,2018,2020,011,Palacio,0.7585048355659575
B,2018,2020,012,Embajadores,0.8627729800540411
B,2018,2020,013,Cortes,0.964229621571202
B,2018,2020,014,Justicia,1.0897073234782109
B,2018,2020,015,Universidad,0.9877558719076049
B,2018,2020,016,Sol,1.3889206475661091
B,2018,2020,021,Imperial,0.06826914458587531
B,2018,2020,022,Acacias,0.12601880717737918
B,2018,2020,023,Chopera,0.18688711457350657
B,2018,2020,024,Legazpi,0.18532806009058805
B,2018,2020,025,Delicias,0.24925753567732542
B,2018,2020,026,Palos de la Frontera,0.3931857440197137
B,2018,2020,027,Atocha,-0.08181822203371579
B,2018,2020,031,Pacífico,0.14319682724182736
B,2018,2020,032,Adelfas,0.05900137832335404
B,2018,2020,033,Estrella,-0.11811715102178999
B,2018,2020,034,Ibiza,0.4574488137316592
B,2018,2020,035,Los Jerónimos,0.3942508365559981
B,2018,2020,036,Niño Jesús,0.052304322553766595
B,2018,2020,041,Recoletos,0.8210471444856066
B,2018,2020,042,Goya,0.5411111748615991
B,2018,2020,043,Fuente del Berro,0.35526082006841436
B,2018,2020,044,Guindalera,0.3215444832597582
B,2018,2020,045,Lista,0.6033352533978946
B,2018,2020,046,Castellana,0.7568266625580737
B,2018,2020,051,El Viso,0.4689599060813127
B,2018,2020,052,Prosperidad,0.2326413408748465
B,2018,2020,053,Ciudad Jardín,0.2897630022085961
B,2018,2020,054,Hispanoamérica,0.167257435689773
B,2018,2020,055,Nueva España,0.3357530949151521
B,2018,2020,056,Castilla,0.17475524726107702
B,2018,2020,061,Bellas Vistas,0.20691533634169124
B,2018,2020,062,Cuatro Caminos,0.3538442132936501
B,2018,2020,063,Castillejos,0.36655338630969375
B,2018,2020,064,Almenara,0.0849030887003663
B,2018,2020,065,Valdeacederas,0.24474645035703102
B,2018,2020,066,Berruguete,0.21086514906135304
B,2018,2020,071,Gaztambide,0.5215062252408527
B,2018,2020,072,Arapiles,0.4954241279909958
B,2018,2020,073,Trafalgar,0.6837336740948803
B,2018,2020,074,Almagro,0.575944935464658
B,2018,2020,075,Ríos Rosas,0.41007286749711236
B,2018,2020,076,Vallehermoso,0.247847239149617
B,2018,2020,081,El Pardo,-0.08819738698241213
B,2018,2020,082,Fuentelarreina,-0.06347544318714309
B,2018,2020,083,Peñagrande,-0.16724786055972823
B,2018,2020,084,Pilar,-0.04451130389217816
B,2018,2020,085,La Paz,-0.2273484909316857
B,2018,2020,086,Valverde,-0.01126091564599392
B,2018,2020,087,Mirasierra,-0.06382092121103235
B,2018,2020,088,El Goloso,0.056529886626263064
B,2018,2020,091,Casa de Campo,0.06386227873217641
B,2018,2020,092,Argüelles,0.48317422228786344
B,2018,2020,093,Ciudad Universitaria,0.02784627044393398
B,2018,2020,094,Valdezarza,-0.05800345260118929
B,2018,2020,095,Valdemarín,0.040367384909345175
B,2018,2020,096,El Plantío,0.0780782552323178
B,2018,2020,097,Aravaca,-0.0012182703370090069
B,2018,2020,101,Los Cármenes,-0.10660746858084807
B,2018,2020,102,Puerta del Angel,0.09765090385740915
B,2018,2020,103,Lucero,-0.10619982440731292
B,2018,2020,104,Aluche,-0.11956589872280657
B,2018,2020,105,Campamento,-0.052020516555284564
B,2018,2020,106,Cuatro Vientos,-0.1925373923396511
B,2018,2020,107,Águilas,-0.2200909288680922
B,2018,2020,111,Comillas,0.10894210932318178
B,2018,2020,112,Opañel,-0.030821798091092475
B,2018,2020,113,San Isidro,7.765471391479942e-4
B,2018,2020,114,Vista Alegre,-0.1415934178595733
B,2018,2020,115,Puerta Bonita,-0.09113005828927874
B,2018,2020,116,Buenavista,-0.1793501869150598
B,2018,2020,117,Abrantes,-0.17079228868736798
B,2018,2020,121,Orcasitas,-0.3706344933493215
B,2018,2020,122,Orcasur,-0.2789429491787667
B,2018,2020,123,San Fermín,-0.2172948768327188
B,2018,2020,124,Almendrales,-0.09781182881216101
B,2018,2020,125,Moscardó,-0.1492950670231255
B,2018,2020,126,Zofío,-0.18741722296015295
B,2018,2020,127,Pradolongo,-0.23442823378922223
B,2018,2020,131,Entrevías,-0.21642951907601882
B,2018,2020,132,San Diego,0.014428753532457256
B,2018,2020,133,Palomeras Bajas,-0.16076769244993086
B,2018,2020,134,Palomeras Sureste,-0.2008346904304849
B,2018,2020,135,Portazgo,-0.20530247559998754
B,2018,2020,136,Numancia,-0.026405736087262096
B,2018,2020,141,Pavones,0.04256536786005625
B,2018,2020,142,Horcajo,-0.255580486470933
B,2018,2020,143,Marroquina,-0.1855333099831347
B,2018,2020,144,Media Legua,-0.11227469942551349
B,2018,2020,145,Fontarrón,-0.1282567682113398
B,2018,2020,146,Vinateros,-0.11889457013176816
B,2018,2020,151,Ventas,0.018661778604798784
B,2018,2020,152,Pueblo Nuevo,-0.052214621662028664
B,2018,2020,153,Quintana,0.1822008397268995
B,2018,2020,154,La Concepción,0.09576132048074269
B,2018,2020,155,San Pascual,-0.010300982468399271
B,2018,2020,156,San Juan Bautista,0.23393532038373197
B,2018,2020,157,Colina,0.19609312990344813
B,2018,2020,158,Atalaya,0.11732550615028386
B,2018,2020,159,Costillares,-0.026917684083987897
B,2018,2020,161,Palomas,0.15026383645722347
B,2018,2020,162,Piovera,0.394389712898381
B,2018,2020,163,Canillas,-0.07954501493557056
B,2018,2020,164,Pinar del Rey,-0.09267888179363358
B,2018,2020,165,Apóstol Santiago,0.022900034801737187
B,2018,2020,166,Valdefuentes,0.051933362210351545
B,2018,2020,171,"Villaverde Alto, Casco Histórico de Villaverde",-0.13376692176344948
B,2018,2020,172,San Cristóbal,-0.25815269126009804
B,2018,2020,173,Butarque,-0.18017718844079736
B,2018,2020,174,Los Rosales,-0.22920192931465302
B,2018,2020,175,Ángeles,-0.18653280732668107
B,2018,2020,181,Casco Histórico de Vallecas,-0.17473396453718848
B,2018,2020,182,Santa Eugenia,-0.12046245796632106
B,2018,2020,183,Ensanche de Vallecas,0.06584082524571268
B,2018,2020,191,Casco Histórico de Vicálvaro,-0.0378546608061029
B,2018,2020,192,Valdebernardo,-0.6761836768107017
B,2018,2020,193,Valderrivas,-0.6676407242162717
B,2018,2020,201,Simancas,0.040538425805932435
B,2018,2020,202,Hellín,-0.16361178745021338
B,2018,2020,203,Amposta,-0.08268522846581908
B,2018,2020,204,Arcos,-0.13798927654038548
B,2018,2020,205,Rosas,-0.2157866591785999
B,2018,2020,206,Rejas,-0.6818148132011176
B,2018,2020,207,Canillejas,-0.05262863845421313
B,2018,2020,208,El Salvador,-0.023347141921664382
B,2018,2020,211,Alameda de Osuna,-0.1356685454704513
B,2018,2020,212,Aeropuerto,-0.16039825886955042
B,2018,2020,213,Casco Histórico de Barajas,0.04147564142874836
B,2018,2020,214,Timón,-0.07615521684439863
B,2018,2020,215,Corralejos,-0.12646162534153474
C,2019,2021,011,Palacio,0.7673947735137258
C,2019,2021,012,Embajadores,0.9067495716316547
C,2019,2021,013,Cortes,1.0560965507150604
C,2019,2021,014,Justicia,1.1987895343625574
C,2019,2021,015,Universidad,1.034145426284688
C,2019,2021,016,Sol,1.0679301252082594
C,2019,2021,021,Imperial,0.09032714337858144
C,2019,2021,022,Acacias,0.07817268921237099
C,2019,2021,023,Chopera,0.08909788202392425
C,2019,2021,024,Legazpi,0.10446265606400736
C,2019,2021,025,Delicias,0.24596030929691862
C,2019,2021,026,Palos de la Frontera,0.364677949402719
C,2019,2021,027,Atocha,0.37434630876432395
C,2019,2021,031,Pacífico,0.1404740789540676
C,2019,2021,032,Adelfas,0.06462731298808308
C,2019,2021,033,Estrella,-0.1360251998170698
C,2019,2021,034,Ibiza,0.413496716964343
C,2019,2021,035,Los Jerónimos,0.3916684921924534
C,2019,2021,036,Niño Jesús,0.05664527117677024
C,2019,2021,041,Recoletos,0.913460585852609
C,2019,2021,042,Goya,0.6235481729383003
C,2019,2021,043,Fuente del Berro,0.37295403437944663
C,2019,2021,044,Guindalera,0.3065407520748081
C,2019,2021,045,Lista,0.5736087109048515
C,2019,2021,046,Castellana,0.7222471690583743
C,2019,2021,051,El Viso,0.47199506746921943
C,2019,2021,052,Prosperidad,0.18160268782136726
C,2019,2021,053,Ciudad Jardín,0.31676209614773965
C,2019,2021,054,Hispanoamérica,0.18461872675256016
C,2019,2021,055,Nueva España,0.31987536381745857
C,2019,2021,056,Castilla,0.2612985876862492
C,2019,2021,061,Bellas Vistas,0.1713086576210627
C,2019,2021,062,Cuatro Caminos,0.35096492031016446
C,2019,2021,063,Castillejos,0.36014235037949505
C,2019,2021,064,Almenara,0.07980015001616475
C,2019,2021,065,Valdeacederas,0.1811830880784275
C,2019,2021,066,Berruguete,0.18514984181622163
C,2019,2021,071,Gaztambide,0.49073756410429653
C,2019,2021,072,Arapiles,0.46180415697149263
C,2019,2021,073,Trafalgar,0.6670842148524454
C,2019,2021,074,Almagro,0.6690272291293308
C,2019,2021,075,Ríos Rosas,0.47083484352350663
C,2019,2021,076,Vallehermoso,0.18139743423450416
C,2019,2021,081,El Pardo,-0.36246291261610436
C,2019,2021,082,Fuentelarreina,-0.14001690417428678
C,2019,2021,083,Peñagrande,-0.16697050431823401
C,2019,2021,084,Pilar,-0.08744408135015919
C,2019,2021,085,La Paz,-0.22768606987996107
C,2019,2021,086,Valverde,0.018592978035485777
C,2019,2021,087,Mirasierra,0.02251322436845001
C,2019,2021,088,El Goloso,0.008731854754615445
C,2019,2021,091,Casa de Campo,0.06384801740376138
C,2019,2021,092,Argüelles,0.639437207548829
C,2019,2021,093,Ciudad Universitaria,0.13743999997051315
C,2019,2021,094,Valdezarza,-0.11659969930118448
C,2019,2021,095,Valdemarín,0.156178731858053
C,2019,2021,096,El Plantío,0.17584276049781483
C,2019,2021,097,Aravaca,-0.0014462326318641615
C,2019,2021,101,Los Cármenes,-0.12246126647121078
C,2019,2021,102,Puerta del Angel,0.1028918061875299
C,2019,2021,103,Lucero,-0.15840693923491997
C,2019,2021,104,Aluche,-0.19361863012700506
C,2019,2021,105,Campamento,-0.15069995308918394
C,2019,2021,106,Cuatro Vientos,-0.2087155033883745
C,2019,2021,107,Águilas,-0.28099909268008194
C,2019,2021,111,Comillas,0.0736373450198063
C,2019,2021,112,Opañel,-0.05323066083388532
C,2019,2021,113,San Isidro,-0.01384923950859078
C,2019,2021,114,Vista Alegre,-0.16507115506850167
C,2019,2021,115,Puerta Bonita,-0.15145364176275167
C,2019,2021,116,Buenavista,-0.2104560280877098
C,2019,2021,117,Abrantes,-0.20544932621385126
C,2019,2021,121,Orcasitas,-0.36760302802004885
C,2019,2021,122,Orcasur,-0.2616472917845992
C,2019,2021,123,San Fermín,-0.26816451350212006
C,2019,2021,124,Almendrales,-0.1634848306455927
C,2019,2021,125,Moscardó,-0.17131011088622805
C,2019,2021,126,Zofío,-0.23400441991226467
C,2019,2021,127,Pradolongo,-0.25841009017741823
C,2019,2021,131,Entrevías,-0.2855430548283577
C,2019,2021,132,San Diego,-0.05562051522450696
C,2019,2021,133,Palomeras Bajas,-0.20323869559475932
C,2019,2021,134,Palomeras Sureste,-0.23769806994671483
C,2019,2021,135,Portazgo,-0.2656721590204781
C,2019,2021,136,Numancia,-0.11879086492250157
C,2019,2021,141,Pavones,-0.3157236905109028
C,2019,2021,142,Horcajo,-0.08034661767578663
C,2019,2021,143,Marroquina,-0.22275158576195814
C,2019,2021,144,Media Legua,-0.22464202003601041
C,2019,2021,145,Fontarrón,-0.16228220216002606
C,2019,2021,146,Vinateros,-0.16003101801007424
C,2019,2021,151,Ventas,-0.031137913342774774
C,2019,2021,152,Pueblo Nuevo,-0.10554286265673424
C,2019,2021,153,Quintana,0.11630974579989718
C,2019,2021,154,La Concepción,0.018364316790860282
C,2019,2021,155,San Pascual,-0.02783741428420958
C,2019,2021,156,San Juan Bautista,0.21255103138711073
C,2019,2021,157,Colina,0.1410236193048324
C,2019,2021,158,Atalaya,0.29062356750308166
C,2019,2021,159,Costillares,-0.05674300033440965
C,2019,2021,161,Palomas,0.09608398587841796
C,2019,2021,162,Piovera,0.40105605722536947
C,2019,2021,163,Canillas,-0.0931944761563984
C,2019,2021,164,Pinar del Rey,-0.11614919807923926
C,2019,2021,165,Apóstol Santiago,-0.22034979489182732
C,2019,2021,166,Valdefuentes,0.12654841623681706
C,2019,2021,171,"Villaverde Alto, Casco Histórico de Villaverde",-0.17312984894019434
C,2019,2021,172,San Cristóbal,-0.32071683728058115
C,2019,2021,173,Butarque,-0.18985972417875094
C,2019,2021,174,Los Rosales,-0.27753216052771396
C,2019,2021,175,Ángeles,-0.21216917732731136
C,2019,2021,181,Casco Histórico de Vallecas,-0.2180185436681436
C,2019,2021,182,Santa Eugenia,-0.15966842263754416
C,2019,2021,183,Ensanche de Vallecas,0.06525799836157631
C,2019,2021,191,Casco Histórico de Vicálvaro,-0.030108779893672773
C,2019,2021,192,Valdebernardo,-0.24029226545482865
C,2019,2021,193,Valderrivas,-0.33931052760232994
C,2019,2021,201,Simancas,0.0017979584391305252
C,2019,2021,202,Hellín,-0.1527331698990789
C,2019,2021,203,Amposta,-0.22688852428049017
C,2019,2021,204,Arcos,-0.12024613086486567
C,2019,2021,205,Rosas,-0.24191477825278523
C,2019,2021,206,Rejas,0.25859775225130865
C,2019,2021,207,Canillejas,-0.14767165447104091
C,2019,2021,208,El Salvador,0.052587182536821146
C,2019,2021,211,Alameda de Osuna,-0.2189466383172146
C,2019,2021,212,Aeropuerto,-0.04137676061121874
C,2019,2021,213,Casco Histórico de Barajas,0.15063380343746324
C,2019,2021,214,Timón,-0.0012830982449372052
C,2019,2021,215,Corralejos,-0.09030297389825892
D,2020,2022,011,Palacio,0.547138217161777
D,2020,2022,012,Embajadores,0.6190772849397744
D,2020,2022,013,Cortes,0.8551205448386401
D,2020,2022,014,Justicia,0.8887527994497484
D,2020,2022,015,Universidad,0.7694503191139611
D,2020,2022,016,Sol,0.4726885478580972
D,2020,2022,021,Imperial,0.01490251571654097
D,2020,2022,022,Acacias,0.10087398768831937
D,2020,2022,023,Chopera,0.10297457499287477
D,2020,2022,024,Legazpi,0.04156121624077484
D,2020,2022,025,Delicias,0.11825065679489706
D,2020,2022,026,Palos de la Frontera,0.24027333108920812
D,2020,2022,027,Atocha,0.5436496844272973
D,2020,2022,031,Pacífico,0.05906440809500672
D,2020,2022,032,Adelfas,0.019191325898778124
D,2020,2022,033,Estrella,-0.09852956059058805
D,2020,2022,034,Ibiza,0.25486172226825604
D,2020,2022,035,Los Jerónimos,0.34416275537584223
D,2020,2022,036,Niño Jesús,0.020219214372999294
D,2020,2022,041,Recoletos,0.8052272559020499
D,2020,2022,042,Goya,0.45643068331927455
D,2020,2022,043,Fuente del Berro,0.1460894213862826
D,2020,2022,044,Guindalera,0.16868425207486815
D,2020,2022,045,Lista,0.39071637305199497
D,2020,2022,046,Castellana,0.5690202335231567
D,2020,2022,051,El Viso,0.21017304153556632
D,2020,2022,052,Prosperidad,0.149203834884743
D,2020,2022,053,Ciudad Jardín,0.18921928023733808
D,2020,2022,054,Hispanoamérica,0.15908336081567084
D,2020,2022,055,Nueva España,0.077598232865157
D,2020,2022,056,Castilla,0.2210065289231889
D,2020,2022,061,Bellas Vistas,0.1353913002980433
D,2020,2022,062,Cuatro Caminos,0.27277728761128134
D,2020,2022,063,Castillejos,0.29662758655486504
D,2020,2022,064,Almenara,0.059505738077851804
D,2020,2022,065,Valdeacederas,0.10034988747963934
D,2020,2022,066,Berruguete,0.12638652712702145
D,2020,2022,071,Gaztambide,0.2788695401091837
D,2020,2022,072,Arapiles,0.28698442445044997
D,2020,2022,073,Trafalgar,0.4790407379158662
D,2020,2022,074,Almagro,0.46606531598177064
D,2020,2022,075,Ríos Rosas,0.37515892581306526
D,2020,2022,076,Vallehermoso,0.15345842439107726
D,2020,2022,081,El Pardo,-0.2891209910933645
D,2020,2022,082,Fuentelarreina,-0.09605116992647879
D,2020,2022,083,Peñagrande,-0.1638780899168487
D,2020,2022,084,Pilar,-0.08437697364357596
D,2020,2022,085,La Paz,-0.20829989253314032
D,2020,2022,086,Valverde,-0.08320101185479396
D,2020,2022,087,Mirasierra,-0.1407482236471079
D,2020,2022,088,El Goloso,-0.07254562733618801
D,2020,2022,091,Casa de Campo,-0.005007072790992532
D,2020,2022,092,Argüelles,0.407855533850672
D,2020,2022,093,Ciudad Universitaria,0.08382931972230787
D,2020,2022,094,Valdezarza,-0.13400154092526556
D,2020,2022,095,Valdemarín,0.08567460176466045
D,2020,2022,096,El Plantío,0.0019595039063666497
D,2020,2022,097,Aravaca,-3.3602577905605946e-5
D,2020,2022,101,Los Cármenes,-0.05432720980792855
D,2020,2022,102,Puerta del Angel,0.08808239206460433
D,2020,2022,103,Lucero,-0.14245277361780423
D,2020,2022,104,Aluche,-0.22241474084071233
D,2020,2022,105,Campamento,-0.13166964617474652
D,2020,2022,106,Cuatro Vientos,-0.04172886228688619
D,2020,2022,107,Águilas,-0.24778415756934927
D,2020,2022,111,Comillas,0.06480517949255978
D,2020,2022,112,Opañel,0.00830003478849322
D,2020,2022,113,San Isidro,-0.023429266066426063
D,2020,2022,114,Vista Alegre,-0.05017376716654408
D,2020,2022,115,Puerta Bonita,-0.05998801549376188
D,2020,2022,116,Buenavista,-0.08973538356642924
D,2020,2022,117,Abrantes,-0.05033888810665732
D,2020,2022,121,Orcasitas,-0.3043946928186884
D,2020,2022,122,Orcasur,-0.06417554220203267
D,2020,2022,123,San Fermín,-0.21426638987568772
D,2020,2022,124,Almendrales,-0.03890502857862678
D,2020,2022,125,Moscardó,-0.0314522336093381
D,2020,2022,126,Zofío,-0.09047819570220553
D,2020,2022,127,Pradolongo,0.017098936321104194
D,2020,2022,131,Entrevías,-0.23014526335997498
D,2020,2022,132,San Diego,0.022893703767529233
D,2020,2022,133,Palomeras Bajas,-0.15860720085047808
D,2020,2022,134,Palomeras Sureste,-0.14779630052022308
D,2020,2022,135,Portazgo,-0.19717945219394273
D,2020,2022,136,Numancia,-0.10777528244353458
D,2020,2022,141,Pavones,-0.5416838922815517
D,2020,2022,142,Horcajo,-0.06162331583014627
D,2020,2022,143,Marroquina,-0.2387636133391327
D,2020,2022,144,Media Legua,-0.22302161362737344
D,2020,2022,145,Fontarrón,-0.10183707914957132
D,2020,2022,146,Vinateros,-0.14962544634703367
D,2020,2022,151,Ventas,0.011009916206154713
D,2020,2022,152,Pueblo Nuevo,-0.05503030330654028
D,2020,2022,153,Quintana,0.12000238465282274
D,2020,2022,154,La Concepción,0.004354135589381145
D,2020,2022,155,San Pascual,-0.09704763432616453
D,2020,2022,156,San Juan Bautista,0.07603187213707886
D,2020,2022,157,Colina,0.07033664322440963
D,2020,2022,158,Atalaya,0.33429034553583165
D,2020,2022,159,Costillares,-0.10581738723264844
D,2020,2022,161,Palomas,-0.10457091706777485
D,2020,2022,162,Piovera,0.19397358905362005
D,2020,2022,163,Canillas,-0.16114237487532032
D,2020,2022,164,Pinar del Rey,-0.15511761205637362
D,2020,2022,165,Apóstol Santiago,-0.2590108389413785
D,2020,2022,166,Valdefuentes,0.012067511274899722
D,2020,2022,171,"Villaverde Alto, Casco Histórico de Villaverde",-0.10071722295770157
D,2020,2022,172,San Cristóbal,-0.1473672910136071
D,2020,2022,173,Butarque,-0.1873155742100069
D,2020,2022,174,Los Rosales,-0.1753418063782793
D,2020,2022,175,Ángeles,-0.05967209966359769
D,2020,2022,181,Casco Histórico de Vallecas,-0.162113687335732
D,2020,2022,182,Santa Eugenia,-0.26379328889429704
D,2020,2022,183,Ensanche de Vallecas,-0.00780059559951912
D,2020,2022,191,Casco Histórico de Vicálvaro,-0.1716384310085429
D,2020,2022,192,Valdebernardo,-0.2601955928872667
D,2020,2022,193,Valderrivas,-0.32085366669705645
D,2020,2022,201,Simancas,0.00452848128663894
D,2020,2022,202,Hellín,-0.05213329984427059
D,2020,2022,203,Amposta,-0.088989556849505
D,2020,2022,204,Arcos,-0.2701932632731316
D,2020,2022,205,Rosas,-0.19053375094794636
D,2020,2022,206,Rejas,0.05199485115788813
D,2020,2022,207,Canillejas,-0.15507615328141386
D,2020,2022,208,El Salvador,1.3591624366407717e-4
D,2020,2022,211,Alameda de Osuna,-0.31383523461034357
D,2020,2022,212,Aeropuerto,0.012221583885106536
D,2020,2022,213,Casco Histórico de Barajas,0.14395489340421258
D,2020,2022,214,Timón,-0.12484892240924671
D,2020,2022,215,Corralejos,-0.1116171322949977
