anio,distrito_num,distrito_nombre,barrio_num,barrio_nombre,codigo_barrio,presupuesto_gasto_distrito,gasto_real_distrito,poblacion_total_distrito,intensidad_inversion_presupuesto_distrito,intensidad_inversion_real_distrito
2017,1,Centro,1,Palacio,011,29324768.17,11890433.47,132418,221.45605710703984,89.79469158271534
2017,1,Centro,2,Embajadores,012,29324768.17,11890433.47,132418,221.45605710703984,89.79469158271534
2017,1,Centro,3,Cortes,013,29324768.17,11890433.47,132418,221.45605710703984,89.79469158271534
2017,1,Centro,4,Justicia,014,29324768.17,11890433.47,132418,221.45605710703984,89.79469158271534
2017,1,Centro,5,Universidad,015,29324768.17,11890433.47,132418,221.45605710703984,89.79469158271534
2017,1,Centro,6,Sol,016,29324768.17,11890433.47,132418,221.45605710703984,89.79469158271534
2017,2,Arganzuela,1,Imperial,021,19135752.52,4908600.86,152331,125.61955557306129,32.22325632996567
2017,2,Arganzuela,2,Acacias,022,19135752.52,4908600.86,152331,125.61955557306129,32.22325632996567
2017,2,Arganzuela,3,Chopera,023,19135752.52,4908600.86,152331,125.61955557306129,32.22325632996567
2017,2,Arganzuela,4,Legazpi,024,19135752.52,4908600.86,152331,125.61955557306129,32.22325632996567
2017,2,Arganzuela,5,Delicias,025,19135752.52,4908600.86,152331,125.61955557306129,32.22325632996567
2017,2,Arganzuela,6,Palos de la Frontera,026,19135752.52,4908600.86,152331,125.61955557306129,32.22325632996567
2017,2,Arganzuela,7,Atocha,027,19135752.52,4908600.86,152331,125.61955557306129,32.22325632996567
2017,3,Retiro,1,Pacífico,031,11594969.19,4418290.29,118801,97.59992920935008,37.19068265418641
2017,3,Retiro,2,Adelfas,032,11594969.19,4418290.29,118801,97.59992920935008,37.19068265418641
2017,3,Retiro,3,Estrella,033,11594969.19,4418290.29,118801,97.59992920935008,37.19068265418641
2017,3,Retiro,4,Ibiza,034,11594969.19,4418290.29,118801,97.59992920935008,37.19068265418641
2017,3,Retiro,5,Los Jerónimos,035,11594969.19,4418290.29,118801,97.59992920935008,37.19068265418641
2017,3,Retiro,6,Niño Jesús,036,11594969.19,4418290.29,118801,97.59992920935008,37.19068265418641
2017,4,Salamanca,1,Recoletos,041,11871832.96,2941420.28,144248,82.30154289834175,20.39141118074427
2017,4,Salamanca,2,Goya,042,11871832.96,2941420.28,144248,82.30154289834175,20.39141118074427
2017,4,Salamanca,3,Fuente del Berro,043,11871832.96,2941420.28,144248,82.30154289834175,20.39141118074427
2017,4,Salamanca,4,Guindalera,044,11871832.96,2941420.28,144248,82.30154289834175,20.39141118074427
2017,4,Salamanca,5,Lista,045,11871832.96,2941420.28,144248,82.30154289834175,20.39141118074427
2017,4,Salamanca,6,Castellana,046,11871832.96,2941420.28,144248,82.30154289834175,20.39141118074427
2017,5,Chamartin,1,El Viso,051,8222650.9,4071180.44,143798,57.181955938191074,28.31180155495904
2017,5,Chamartin,2,Prosperidad,052,8222650.9,4071180.44,143798,57.181955938191074,28.31180155495904
2017,5,Chamartin,3,Ciudad Jardín,053,8222650.9,4071180.44,143798,57.181955938191074,28.31180155495904
2017,5,Chamartin,4,Hispanoamérica,054,8222650.9,4071180.44,143798,57.181955938191074,28.31180155495904
2017,5,Chamartin,5,Nueva España,055,8222650.9,4071180.44,143798,57.181955938191074,28.31180155495904
2017,5,Chamartin,6,Castilla,056,8222650.9,4071180.44,143798,57.181955938191074,28.31180155495904
2017,6,Tetuan,1,Bellas Vistas,061,56490181.31,28344862.13,154206,366.32933420230086,183.81166835272296
2017,6,Tetuan,2,Cuatro Caminos,062,56490181.31,28344862.13,154206,366.32933420230086,183.81166835272296
2017,6,Tetuan,3,Castillejos,063,56490181.31,28344862.13,154206,366.32933420230086,183.81166835272296
2017,6,Tetuan,4,Almenara,064,56490181.31,28344862.13,154206,366.32933420230086,183.81166835272296
2017,6,Tetuan,5,Valdeacederas,065,56490181.31,28344862.13,154206,366.32933420230086,183.81166835272296
2017,6,Tetuan,6,Berruguete,066,56490181.31,28344862.13,154206,366.32933420230086,183.81166835272296
2017,7,Chamberi,1,Gaztambide,071,10916763,3964279.74,137934,79.14483013615207,28.740410196180783
2017,7,Chamberi,2,Arapiles,072,10916763,3964279.74,137934,79.14483013615207,28.740410196180783
2017,7,Chamberi,3,Trafalgar,073,10916763,3964279.74,137934,79.14483013615207,28.740410196180783
2017,7,Chamberi,4,Almagro,074,10916763,3964279.74,137934,79.14483013615207,28.740410196180783
2017,7,Chamberi,5,Ríos Rosas,075,10916763,3964279.74,137934,79.14483013615207,28.740410196180783
2017,7,Chamberi,6,Vallehermoso,076,10916763,3964279.74,137934,79.14483013615207,28.740410196180783
2017,8,Fuencarral-El Pardo,1,El Pardo,081,20830271.37,4223025.41,239178,87.0910843388606,17.65641242087483
2017,8,Fuencarral-El Pardo,2,Fuentelarreina,082,20830271.37,4223025.41,239178,87.0910843388606,17.65641242087483
2017,8,Fuencarral-El Pardo,3,Peñagrande,083,20830271.37,4223025.41,239178,87.0910843388606,17.65641242087483
2017,8,Fuencarral-El Pardo,4,Pilar,084,20830271.37,4223025.41,239178,87.0910843388606,17.65641242087483
2017,8,Fuencarral-El Pardo,5,La Paz,085,20830271.37,4223025.41,239178,87.0910843388606,17.65641242087483
2017,8,Fuencarral-El Pardo,6,Valverde,086,20830271.37,4223025.41,239178,87.0910843388606,17.65641242087483
2017,8,Fuencarral-El Pardo,7,Mirasierra,087,20830271.37,4223025.41,239178,87.0910843388606,17.65641242087483
2017,8,Fuencarral-El Pardo,8,El Goloso,088,20830271.37,4223025.41,239178,87.0910843388606,17.65641242087483
2017,9,Moncloa-Aravaca,1,Casa de Campo,091,38063294.65,9693039.07,117235,324.67517934064057,82.68042026698512
2017,9,Moncloa-Aravaca,2,Argüelles,092,38063294.65,9693039.07,117235,324.67517934064057,82.68042026698512
2017,9,Moncloa-Aravaca,3,Ciudad Universitaria,093,38063294.65,9693039.07,117235,324.67517934064057,82.68042026698512
2017,9,Moncloa-Aravaca,4,Valdezarza,094,38063294.65,9693039.07,117235,324.67517934064057,82.68042026698512
2017,9,Moncloa-Aravaca,5,Valdemarín,095,38063294.65,9693039.07,117235,324.67517934064057,82.68042026698512
2017,9,Moncloa-Aravaca,6,El Plantío,096,38063294.65,9693039.07,117235,324.67517934064057,82.68042026698512
2017,9,Moncloa-Aravaca,7,Aravaca,097,38063294.65,9693039.07,117235,324.67517934064057,82.68042026698512
2017,10,Latina,1,Los Cármenes,101,20646397.63,9212077.12,234481,88.05147380811238,39.28709413555895
2017,10,Latina,2,Puerta del Angel,102,20646397.63,9212077.12,234481,88.05147380811238,39.28709413555895
2017,10,Latina,3,Lucero,103,20646397.63,9212077.12,234481,88.05147380811238,39.28709413555895
2017,10,Latina,4,Aluche,104,20646397.63,9212077.12,234481,88.05147380811238,39.28709413555895
2017,10,Latina,5,Campamento,105,20646397.63,9212077.12,234481,88.05147380811238,39.28709413555895
2017,10,Latina,6,Cuatro Vientos,106,20646397.63,9212077.12,234481,88.05147380811238,39.28709413555895
2017,10,Latina,7,Águilas,107,20646397.63,9212077.12,234481,88.05147380811238,39.28709413555895
2017,11,Carabanchel,1,Comillas,111,26570776.52,14487291.06,244705,108.58289172677306,59.20308559285671
2017,11,Carabanchel,2,Opañel,112,26570776.52,14487291.06,244705,108.58289172677306,59.20308559285671
2017,11,Carabanchel,3,San Isidro,113,26570776.52,14487291.06,244705,108.58289172677306,59.20308559285671
2017,11,Carabanchel,4,Vista Alegre,114,26570776.52,14487291.06,244705,108.58289172677306,59.20308559285671
2017,11,Carabanchel,5,Puerta Bonita,115,26570776.52,14487291.06,244705,108.58289172677306,59.20308559285671
2017,11,Carabanchel,6,Buenavista,116,26570776.52,14487291.06,244705,108.58289172677306,59.20308559285671
2017,11,Carabanchel,7,Abrantes,117,26570776.52,14487291.06,244705,108.58289172677306,59.20308559285671
2017,12,Usera,1,Orcasitas,121,19169181.21,5219469.23,135182,141.80276375552958,38.61068211744168
2017,12,Usera,2,Orcasur,122,19169181.21,5219469.23,135182,141.80276375552958,38.61068211744168
2017,12,Usera,3,San Fermín,123,19169181.21,5219469.23,135182,141.80276375552958,38.61068211744168
2017,12,Usera,4,Almendrales,124,19169181.21,5219469.23,135182,141.80276375552958,38.61068211744168
2017,12,Usera,5,Moscardó,125,19169181.21,5219469.23,135182,141.80276375552958,38.61068211744168
2017,12,Usera,6,Zofío,126,19169181.21,5219469.23,135182,141.80276375552958,38.61068211744168
2017,12,Usera,7,Pradolongo,127,19169181.21,5219469.23,135182,141.80276375552958,38.61068211744168
2017,13,Puente de Vallecas,1,Entrevías,131,32168508.92,8138242.42,228223,140.95209036775435,35.65916853253178
2017,13,Puente de Vallecas,2,San Diego,132,32168508.92,8138242.42,228223,140.95209036775435,35.65916853253178
2017,13,Puente de Vallecas,3,Palomeras Bajas,133,32168508.92,8138242.42,228223,140.95209036775435,35.65916853253178
2017,13,Puente de Vallecas,4,Palomeras Sureste,134,32168508.92,8138242.42,228223,140.95209036775435,35.65916853253178
2017,13,Puente de Vallecas,5,Portazgo,135,32168508.92,8138242.42,228223,140.95209036775435,35.65916853253178
2017,13,Puente de Vallecas,6,Numancia,136,32168508.92,8138242.42,228223,140.95209036775435,35.65916853253178
2017,14,Moratalaz,1,Pavones,141,21488385.95,5759146.15,94495,227.40235938409438,60.94657018889889
2017,14,Moratalaz,2,Horcajo,142,21488385.95,5759146.15,94495,227.40235938409438,60.94657018889889
2017,14,Moratalaz,3,Marroquina,143,21488385.95,5759146.15,94495,227.40235938409438,60.94657018889889
2017,14,Moratalaz,4,Media Legua,144,21488385.95,5759146.15,94495,227.40235938409438,60.94657018889889
2017,14,Moratalaz,5,Fontarrón,145,21488385.95,5759146.15,94495,227.40235938409438,60.94657018889889
2017,14,Moratalaz,6,Vinateros,146,21488385.95,5759146.15,94495,227.40235938409438,60.94657018889889
2017,15,Ciudad Lineal,1,Ventas,151,13027153.72,4260659.34,213125,61.12447493255132,19.991363472140762
2017,15,Ciudad Lineal,2,Pueblo Nuevo,152,13027153.72,4260659.34,213125,61.12447493255132,19.991363472140762
2017,15,Ciudad Lineal,3,Quintana,153,13027153.72,4260659.34,213125,61.12447493255132,19.991363472140762
2017,15,Ciudad Lineal,4,La Concepción,154,13027153.72,4260659.34,213125,61.12447493255132,19.991363472140762
2017,15,Ciudad Lineal,5,San Pascual,155,13027153.72,4260659.34,213125,61.12447493255132,19.991363472140762
2017,15,Ciudad Lineal,6,San Juan Bautista,156,13027153.72,4260659.34,213125,61.12447493255132,19.991363472140762
2017,15,Ciudad Lineal,7,Colina,157,13027153.72,4260659.34,213125,61.12447493255132,19.991363472140762
2017,15,Ciudad Lineal,8,Atalaya,158,13027153.72,4260659.34,213125,61.12447493255132,19.991363472140762
2017,15,Ciudad Lineal,9,Costillares,159,13027153.72,4260659.34,213125,61.12447493255132,19.991363472140762
2017,16,Hortaleza,1,Palomas,161,31453316.31,6902840.13,180851,173.91839862649363,38.168658895997254
2017,16,Hortaleza,2,Piovera,162,31453316.31,6902840.13,180851,173.91839862649363,38.168658895997254
2017,16,Hortaleza,3,Canillas,163,31453316.31,6902840.13,180851,173.91839862649363,38.168658895997254
2017,16,Hortaleza,4,Pinar del Rey,164,31453316.31,6902840.13,180851,173.91839862649363,38.168658895997254
2017,16,Hortaleza,5,Apóstol Santiago,165,31453316.31,6902840.13,180851,173.91839862649363,38.168658895997254
2017,16,Hortaleza,6,Valdefuentes,166,31453316.31,6902840.13,180851,173.91839862649363,38.168658895997254
2017,17,Villaverde,1,"Villaverde Alto, Casco Histórico de Villaverde",171,23082374.92,4115057.44,143044,161.36555828975702,28.76777383182797
2017,17,Villaverde,2,San Cristóbal,172,23082374.92,4115057.44,143044,161.36555828975702,28.76777383182797
2017,17,Villaverde,3,Butarque,173,23082374.92,4115057.44,143044,161.36555828975702,28.76777383182797
2017,17,Villaverde,4,Los Rosales,174,23082374.92,4115057.44,143044,161.36555828975702,28.76777383182797
2017,17,Villaverde,5,Ángeles,175,23082374.92,4115057.44,143044,161.36555828975702,28.76777383182797
2017,18,Villa de Vallecas,1,Casco Histórico de Vallecas,181,31378811.47,16284176.75,104035,301.61783505551017,156.52594559523237
2017,18,Villa de Vallecas,2,Santa Eugenia,182,31378811.47,16284176.75,104035,301.61783505551017,156.52594559523237
2017,19,Vicalvaro,1,Casco Histórico de Vicálvaro,191,13076366.9,4454468.35,69992,186.82659303920448,63.642535575494335
2017,19,Vicalvaro,2,Valdebernardo,192,13076366.9,4454468.35,69992,186.82659303920448,63.642535575494335
2017,20,San Blas-Canillejas,1,Simancas,201,44615099.06,19652886.7,154775,288.2577874979809,126.97713907284768
2017,20,San Blas-Canillejas,2,Hellín,202,44615099.06,19652886.7,154775,288.2577874979809,126.97713907284768
2017,20,San Blas-Canillejas,3,Amposta,203,44615099.06,19652886.7,154775,288.2577874979809,126.97713907284768
2017,20,San Blas-Canillejas,4,Arcos,204,44615099.06,19652886.7,154775,288.2577874979809,126.97713907284768
2017,20,San Blas-Canillejas,5,Rosas,205,44615099.06,19652886.7,154775,288.2577874979809,126.97713907284768
2017,20,San Blas-Canillejas,6,Rejas,206,44615099.06,19652886.7,154775,288.2577874979809,126.97713907284768
2017,20,San Blas-Canillejas,7,Canillejas,207,44615099.06,19652886.7,154775,288.2577874979809,126.97713907284768
2017,20,San Blas-Canillejas,8,El Salvador,208,44615099.06,19652886.7,154775,288.2577874979809,126.97713907284768
2017,21,Barajas,1,Alameda de Osuna,211,12064730.11,4501301.82,46987,256.76740609104644,95.79887671057953
2017,21,Barajas,2,Aeropuerto,212,12064730.11,4501301.82,46987,256.76740609104644,95.79887671057953
2017,21,Barajas,3,Casco Histórico de Barajas,213,12064730.11,4501301.82,46987,256.76740609104644,95.79887671057953
2017,21,Barajas,4,Timón,214,12064730.11,4501301.82,46987,256.76740609104644,95.79887671057953
2017,21,Barajas,5,Corralejos,215,12064730.11,4501301.82,46987,256.76740609104644,95.79887671057953
2018,1,Centro,1,Palacio,011,53193457.92,22559165.84,132778,400.61951467863656,169.90138306044676
2018,1,Centro,2,Embajadores,012,53193457.92,22559165.84,132778,400.61951467863656,169.90138306044676
2018,1,Centro,3,Cortes,013,53193457.92,22559165.84,132778,400.61951467863656,169.90138306044676
2018,1,Centro,4,Justicia,014,53193457.92,22559165.84,132778,400.61951467863656,169.90138306044676
2018,1,Centro,5,Universidad,015,53193457.92,22559165.84,132778,400.61951467863656,169.90138306044676
2018,1,Centro,6,Sol,016,53193457.92,22559165.84,132778,400.61951467863656,169.90138306044676
2018,2,Arganzuela,1,Imperial,021,26391208.56,12054177.92,153341,172.10797216660904,78.61027331242134
2018,2,Arganzuela,2,Acacias,022,26391208.56,12054177.92,153341,172.10797216660904,78.61027331242134
2018,2,Arganzuela,3,Chopera,023,26391208.56,12054177.92,153341,172.10797216660904,78.61027331242134
2018,2,Arganzuela,4,Legazpi,024,26391208.56,12054177.92,153341,172.10797216660904,78.61027331242134
2018,2,Arganzuela,5,Delicias,025,26391208.56,12054177.92,153341,172.10797216660904,78.61027331242134
2018,2,Arganzuela,6,Palos de la Frontera,026,26391208.56,12054177.92,153341,172.10797216660904,78.61027331242134
2018,2,Arganzuela,7,Atocha,027,26391208.56,12054177.92,153341,172.10797216660904,78.61027331242134
2018,3,Retiro,1,Pacífico,031,23654278.23,8050591.8,119300,198.2755928751048,67.48190947191952
2018,3,Retiro,2,Adelfas,032,23654278.23,8050591.8,119300,198.2755928751048,67.48190947191952
2018,3,Retiro,3,Estrella,033,23654278.23,8050591.8,119300,198.2755928751048,67.48190947191952
2018,3,Retiro,4,Ibiza,034,23654278.23,8050591.8,119300,198.2755928751048,67.48190947191952
2018,3,Retiro,5,Los Jerónimos,035,23654278.23,8050591.8,119300,198.2755928751048,67.48190947191952
2018,3,Retiro,6,Niño Jesús,036,23654278.23,8050591.8,119300,198.2755928751048,67.48190947191952
2018,4,Salamanca,1,Recoletos,041,17330749.11,8943841.56,145691,118.95552305907708,61.38911504485521
2018,4,Salamanca,2,Goya,042,17330749.11,8943841.56,145691,118.95552305907708,61.38911504485521
2018,4,Salamanca,3,Fuente del Berro,043,17330749.11,8943841.56,145691,118.95552305907708,61.38911504485521
2018,4,Salamanca,4,Guindalera,044,17330749.11,8943841.56,145691,118.95552305907708,61.38911504485521
2018,4,Salamanca,5,Lista,045,17330749.11,8943841.56,145691,118.95552305907708,61.38911504485521
2018,4,Salamanca,6,Castellana,046,17330749.11,8943841.56,145691,118.95552305907708,61.38911504485521
2018,5,Chamartin,1,El Viso,051,16654056.2,3086192.27,145327,114.59712372786888,21.236193343287894
2018,5,Chamartin,2,Prosperidad,052,16654056.2,3086192.27,145327,114.59712372786888,21.236193343287894
2018,5,Chamartin,3,Ciudad Jardín,053,16654056.2,3086192.27,145327,114.59712372786888,21.236193343287894
2018,5,Chamartin,4,Hispanoamérica,054,16654056.2,3086192.27,145327,114.59712372786888,21.236193343287894
2018,5,Chamartin,5,Nueva España,055,16654056.2,3086192.27,145327,114.59712372786888,21.236193343287894
2018,5,Chamartin,6,Castilla,056,16654056.2,3086192.27,145327,114.59712372786888,21.236193343287894
2018,6,Tetuan,1,Bellas Vistas,061,23958449.92,12887475.98,156451,153.13708394321546,82.37388051210922
2018,6,Tetuan,2,Cuatro Caminos,062,23958449.92,12887475.98,156451,153.13708394321546,82.37388051210922
2018,6,Tetuan,3,Castillejos,063,23958449.92,12887475.98,156451,153.13708394321546,82.37388051210922
2018,6,Tetuan,4,Almenara,064,23958449.92,12887475.98,156451,153.13708394321546,82.37388051210922
2018,6,Tetuan,5,Valdeacederas,065,23958449.92,12887475.98,156451,153.13708394321546,82.37388051210922
2018,6,Tetuan,6,Berruguete,066,23958449.92,12887475.98,156451,153.13708394321546,82.37388051210922
2018,7,Chamberi,1,Gaztambide,071,27566914.03,8110523.68,138838,198.55453139630362,58.41717454875466
2018,7,Chamberi,2,Arapiles,072,27566914.03,8110523.68,138838,198.55453139630362,58.41717454875466
2018,7,Chamberi,3,Trafalgar,073,27566914.03,8110523.68,138838,198.55453139630362,58.41717454875466
2018,7,Chamberi,4,Almagro,074,27566914.03,8110523.68,138838,198.55453139630362,58.41717454875466
2018,7,Chamberi,5,Ríos Rosas,075,27566914.03,8110523.68,138838,198.55453139630362,58.41717454875466
2018,7,Chamberi,6,Vallehermoso,076,27566914.03,8110523.68,138838,198.55453139630362,58.41717454875466
2018,8,Fuencarral-El Pardo,1,El Pardo,081,49931212.45,29114968.52,243530,205.03105346363898,119.5539297827783
2018,8,Fuencarral-El Pardo,2,Fuentelarreina,082,49931212.45,29114968.52,243530,205.03105346363898,119.5539297827783
2018,8,Fuencarral-El Pardo,3,Peñagrande,083,49931212.45,29114968.52,243530,205.03105346363898,119.5539297827783
2018,8,Fuencarral-El Pardo,4,Pilar,084,49931212.45,29114968.52,243530,205.03105346363898,119.5539297827783
2018,8,Fuencarral-El Pardo,5,La Paz,085,49931212.45,29114968.52,243530,205.03105346363898,119.5539297827783
2018,8,Fuencarral-El Pardo,6,Valverde,086,49931212.45,29114968.52,243530,205.03105346363898,119.5539297827783
2018,8,Fuencarral-El Pardo,7,Mirasierra,087,49931212.45,29114968.52,243530,205.03105346363898,119.5539297827783
2018,8,Fuencarral-El Pardo,8,El Goloso,088,49931212.45,29114968.52,243530,205.03105346363898,119.5539297827783
2018,9,Moncloa-Aravaca,1,Casa de Campo,091,82268842.32,27479756.83,118159,696.2554043280663,232.56592244348715
2018,9,Moncloa-Aravaca,2,Argüelles,092,82268842.32,27479756.83,118159,696.2554043280663,232.56592244348715
2018,9,Moncloa-Aravaca,3,Ciudad Universitaria,093,82268842.32,27479756.83,118159,696.2554043280663,232.56592244348715
2018,9,Moncloa-Aravaca,4,Valdezarza,094,82268842.32,27479756.83,118159,696.2554043280663,232.56592244348715
2018,9,Moncloa-Aravaca,5,Valdemarín,095,82268842.32,27479756.83,118159,696.2554043280663,232.56592244348715
2018,9,Moncloa-Aravaca,6,El Plantío,096,82268842.32,27479756.83,118159,696.2554043280663,232.56592244348715
2018,9,Moncloa-Aravaca,7,Aravaca,097,82268842.32,27479756.83,118159,696.2554043280663,232.56592244348715
2018,10,Latina,1,Los Cármenes,101,29942908.35,13791174.36,236444,126.63847824432001,58.32744480722708
2018,10,Latina,2,Puerta del Angel,102,29942908.35,13791174.36,236444,126.63847824432001,58.32744480722708
2018,10,Latina,3,Lucero,103,29942908.35,13791174.36,236444,126.63847824432001,58.32744480722708
2018,10,Latina,4,Aluche,104,29942908.35,13791174.36,236444,126.63847824432001,58.32744480722708
2018,10,Latina,5,Campamento,105,29942908.35,13791174.36,236444,126.63847824432001,58.32744480722708
2018,10,Latina,6,Cuatro Vientos,106,29942908.35,13791174.36,236444,126.63847824432001,58.32744480722708
2018,10,Latina,7,Águilas,107,29942908.35,13791174.36,236444,126.63847824432001,58.32744480722708
2018,11,Carabanchel,1,Comillas,111,18575206.48,11719526.56,248938,74.61780234435884,47.07809398324081
2018,11,Carabanchel,2,Opañel,112,18575206.48,11719526.56,248938,74.61780234435884,47.07809398324081
2018,11,Carabanchel,3,San Isidro,113,18575206.48,11719526.56,248938,74.61780234435884,47.07809398324081
2018,11,Carabanchel,4,Vista Alegre,114,18575206.48,11719526.56,248938,74.61780234435884,47.07809398324081
2018,11,Carabanchel,5,Puerta Bonita,115,18575206.48,11719526.56,248938,74.61780234435884,47.07809398324081
2018,11,Carabanchel,6,Buenavista,116,18575206.48,11719526.56,248938,74.61780234435884,47.07809398324081
2018,11,Carabanchel,7,Abrantes,117,18575206.48,11719526.56,248938,74.61780234435884,47.07809398324081
2018,12,Usera,1,Orcasitas,121,24359422.67,9546120.04,137397,177.29224560943837,69.47837318136494
2018,12,Usera,2,Orcasur,122,24359422.67,9546120.04,137397,177.29224560943837,69.47837318136494
2018,12,Usera,3,San Fermín,123,24359422.67,9546120.04,137397,177.29224560943837,69.47837318136494
2018,12,Usera,4,Almendrales,124,24359422.67,9546120.04,137397,177.29224560943837,69.47837318136494
2018,12,Usera,5,Moscardó,125,24359422.67,9546120.04,137397,177.29224560943837,69.47837318136494
2018,12,Usera,6,Zofío,126,24359422.67,9546120.04,137397,177.29224560943837,69.47837318136494
2018,12,Usera,7,Pradolongo,127,24359422.67,9546120.04,137397,177.29224560943837,69.47837318136494
2018,13,Puente de Vallecas,1,Entrevías,131,45313167.68,14494365.57,231149,196.03445258253333,62.70572474897144
2018,13,Puente de Vallecas,2,San Diego,132,45313167.68,14494365.57,231149,196.03445258253333,62.70572474897144
2018,13,Puente de Vallecas,3,Palomeras Bajas,133,45313167.68,14494365.57,231149,196.03445258253333,62.70572474897144
2018,13,Puente de Vallecas,4,Palomeras Sureste,134,45313167.68,14494365.57,231149,196.03445258253333,62.70572474897144
2018,13,Puente de Vallecas,5,Portazgo,135,45313167.68,14494365.57,231149,196.03445258253333,62.70572474897144
2018,13,Puente de Vallecas,6,Numancia,136,45313167.68,14494365.57,231149,196.03445258253333,62.70572474897144
2018,14,Moratalaz,1,Pavones,141,27029388.34,12294909.32,94521,285.9617263888448,130.07595476137578
2018,14,Moratalaz,2,Horcajo,142,27029388.34,12294909.32,94521,285.9617263888448,130.07595476137578
2018,14,Moratalaz,3,Marroquina,143,27029388.34,12294909.32,94521,285.9617263888448,130.07595476137578
2018,14,Moratalaz,4,Media Legua,144,27029388.34,12294909.32,94521,285.9617263888448,130.07595476137578
2018,14,Moratalaz,5,Fontarrón,145,27029388.34,12294909.32,94521,285.9617263888448,130.07595476137578
2018,14,Moratalaz,6,Vinateros,146,27029388.34,12294909.32,94521,285.9617263888448,130.07595476137578
2018,15,Ciudad Lineal,1,Ventas,151,14311768.42,6300997.87,215092,66.53789271567516,29.294431545571197
2018,15,Ciudad Lineal,2,Pueblo Nuevo,152,14311768.42,6300997.87,215092,66.53789271567516,29.294431545571197
2018,15,Ciudad Lineal,3,Quintana,153,14311768.42,6300997.87,215092,66.53789271567516,29.294431545571197
2018,15,Ciudad Lineal,4,La Concepción,154,14311768.42,6300997.87,215092,66.53789271567516,29.294431545571197
2018,15,Ciudad Lineal,5,San Pascual,155,14311768.42,6300997.87,215092,66.53789271567516,29.294431545571197
2018,15,Ciudad Lineal,6,San Juan Bautista,156,14311768.42,6300997.87,215092,66.53789271567516,29.294431545571197
2018,15,Ciudad Lineal,7,Colina,157,14311768.42,6300997.87,215092,66.53789271567516,29.294431545571197
2018,15,Ciudad Lineal,8,Atalaya,158,14311768.42,6300997.87,215092,66.53789271567516,29.294431545571197
2018,15,Ciudad Lineal,9,Costillares,159,14311768.42,6300997.87,215092,66.53789271567516,29.294431545571197
2018,16,Hortaleza,1,Palomas,161,41148437.5,8510491.83,184307,223.2603075303705,46.17562995436961
2018,16,Hortaleza,2,Piovera,162,41148437.5,8510491.83,184307,223.2603075303705,46.17562995436961
2018,16,Hortaleza,3,Canillas,163,41148437.5,8510491.83,184307,223.2603075303705,46.17562995436961
2018,16,Hortaleza,4,Pinar del Rey,164,41148437.5,8510491.83,184307,223.2603075303705,46.17562995436961
2018,16,Hortaleza,5,Apóstol Santiago,165,41148437.5,8510491.83,184307,223.2603075303705,46.17562995436961
2018,16,Hortaleza,6,Valdefuentes,166,41148437.5,8510491.83,184307,223.2603075303705,46.17562995436961
2018,17,Villaverde,1,"Villaverde Alto, Casco Histórico de Villaverde",171,41450852.51,20207860.58,145988,283.93328568101487,138.4213810724169
2018,17,Villaverde,2,San Cristóbal,172,41450852.51,20207860.58,145988,283.93328568101487,138.4213810724169
2018,17,Villaverde,3,Butarque,173,41450852.51,20207860.58,145988,283.93328568101487,138.4213810724169
2018,17,Villaverde,4,Los Rosales,174,41450852.51,20207860.58,145988,283.93328568101487,138.4213810724169
2018,17,Villaverde,5,Ángeles,175,41450852.51,20207860.58,145988,283.93328568101487,138.4213810724169
2018,18,Villa de Vallecas,1,Casco Histórico de Vallecas,181,22888007.95,12097477.9,107391,213.1278035403339,112.64889888351911
2018,18,Villa de Vallecas,2,Santa Eugenia,182,22888007.95,12097477.9,107391,213.1278035403339,112.64889888351911
2018,18,Villa de Vallecas,3,Ensanche de Vallecas,183,22888007.95,12097477.9,107391,213.1278035403339,112.64889888351911
2018,19,Vicalvaro,1,Casco Histórico de Vicálvaro,191,23318845.7,5717435.22,70963,328.6056916984908,80.56924340853683
2018,19,Vicalvaro,2,Valdebernardo,192,23318845.7,5717435.22,70963,328.6056916984908,80.56924340853683
2018,19,Vicalvaro,3,Valderrivas,193,23318845.7,5717435.22,70963,328.6056916984908,80.56924340853683
2018,19,Vicalvaro,4,El Cañaveral,194,23318845.7,5717435.22,70963,328.6056916984908,80.56924340853683
2018,20,San Blas-Canillejas,1,Simancas,201,35937495.35,10553021.39,156627,229.44636205762737,67.3767702248016
2018,20,San Blas-Canillejas,2,Hellín,202,35937495.35,10553021.39,156627,229.44636205762737,67.3767702248016
2018,20,San Blas-Canillejas,3,Amposta,203,35937495.35,10553021.39,156627,229.44636205762737,67.3767702248016
2018,20,San Blas-Canillejas,4,Arcos,204,35937495.35,10553021.39,156627,229.44636205762737,67.3767702248016
2018,20,San Blas-Canillejas,5,Rosas,205,35937495.35,10553021.39,156627,229.44636205762737,67.3767702248016
2018,20,San Blas-Canillejas,6,Rejas,206,35937495.35,10553021.39,156627,229.44636205762737,67.3767702248016
2018,20,San Blas-Canillejas,7,Canillejas,207,35937495.35,10553021.39,156627,229.44636205762737,67.3767702248016
2018,20,San Blas-Canillejas,8,El Salvador,208,35937495.35,10553021.39,156627,229.44636205762737,67.3767702248016
2018,21,Barajas,1,Alameda de Osuna,211,16475952.68,6434784.31,47909,343.9009931328143,134.31264083992568
2018,21,Barajas,2,Aeropuerto,212,16475952.68,6434784.31,47909,343.9009931328143,134.31264083992568
2018,21,Barajas,3,Casco Histórico de Barajas,213,16475952.68,6434784.31,47909,343.9009931328143,134.31264083992568
2018,21,Barajas,4,Timón,214,16475952.68,6434784.31,47909,343.9009931328143,134.31264083992568
2018,21,Barajas,5,Corralejos,215,16475952.68,6434784.31,47909,343.9009931328143,134.31264083992568
2019,1,Centro,1,Palacio,011,51244363.57,22884043.81,135314,378.7070337880781,169.11807950396854
2019,1,Centro,2,Embajadores,012,51244363.57,22884043.81,135314,378.7070337880781,169.11807950396854
2019,1,Centro,3,Cortes,013,51244363.57,22884043.81,135314,378.7070337880781,169.11807950396854
2019,1,Centro,4,Justicia,014,51244363.57,22884043.81,135314,378.7070337880781,169.11807950396854
2019,1,Centro,5,Universidad,015,51244363.57,22884043.81,135314,378.7070337880781,169.11807950396854
2019,1,Centro,6,Sol,016,51244363.57,22884043.81,135314,378.7070337880781,169.11807950396854
2019,2,Arganzuela,1,Imperial,021,35023150.25,12123012.61,154260,227.03973972513938,78.58817976144172
2019,2,Arganzuela,2,Acacias,022,35023150.25,12123012.61,154260,227.03973972513938,78.58817976144172
2019,2,Arganzuela,3,Chopera,023,35023150.25,12123012.61,154260,227.03973972513938,78.58817976144172
2019,2,Arganzuela,4,Legazpi,024,35023150.25,12123012.61,154260,227.03973972513938,78.58817976144172
2019,2,Arganzuela,5,Delicias,025,35023150.25,12123012.61,154260,227.03973972513938,78.58817976144172
2019,2,Arganzuela,6,Palos de la Frontera,026,35023150.25,12123012.61,154260,227.03973972513938,78.58817976144172
2019,2,Arganzuela,7,Atocha,027,35023150.25,12123012.61,154260,227.03973972513938,78.58817976144172
2019,3,Retiro,1,Pacífico,031,33087890.86,11277737.85,119687,276.45350673005424,94.2269239767059
2019,3,Retiro,2,Adelfas,032,33087890.86,11277737.85,119687,276.45350673005424,94.2269239767059
2019,3,Retiro,3,Estrella,033,33087890.86,11277737.85,119687,276.45350673005424,94.2269239767059
2019,3,Retiro,4,Ibiza,034,33087890.86,11277737.85,119687,276.45350673005424,94.2269239767059
2019,3,Retiro,5,Los Jerónimos,035,33087890.86,11277737.85,119687,276.45350673005424,94.2269239767059
2019,3,Retiro,6,Niño Jesús,036,33087890.86,11277737.85,119687,276.45350673005424,94.2269239767059
2019,4,Salamanca,1,Recoletos,041,10888383.27,4583967.72,146578,74.28388482582652,31.27323145356056
2019,4,Salamanca,2,Goya,042,10888383.27,4583967.72,146578,74.28388482582652,31.27323145356056
2019,4,Salamanca,3,Fuente del Berro,043,10888383.27,4583967.72,146578,74.28388482582652,31.27323145356056
2019,4,Salamanca,4,Guindalera,044,10888383.27,4583967.72,146578,74.28388482582652,31.27323145356056
2019,4,Salamanca,5,Lista,045,10888383.27,4583967.72,146578,74.28388482582652,31.27323145356056
2019,4,Salamanca,6,Castellana,046,10888383.27,4583967.72,146578,74.28388482582652,31.27323145356056
2019,5,Chamartin,1,El Viso,051,17568846.76,11457995.07,146211,120.16090964428122,78.36616307938527
2019,5,Chamartin,2,Prosperidad,052,17568846.76,11457995.07,146211,120.16090964428122,78.36616307938527
2019,5,Chamartin,3,Ciudad Jardín,053,17568846.76,11457995.07,146211,120.16090964428122,78.36616307938527
2019,5,Chamartin,4,Hispanoamérica,054,17568846.76,11457995.07,146211,120.16090964428122,78.36616307938527
2019,5,Chamartin,5,Nueva España,055,17568846.76,11457995.07,146211,120.16090964428122,78.36616307938527
2019,5,Chamartin,6,Castilla,056,17568846.76,11457995.07,146211,120.16090964428122,78.36616307938527
2019,6,Tetuan,1,Bellas Vistas,061,19550689.87,6370277.96,158493,123.35364886777334,40.19280321528395
2019,6,Tetuan,2,Cuatro Caminos,062,19550689.87,6370277.96,158493,123.35364886777334,40.19280321528395
2019,6,Tetuan,3,Castillejos,063,19550689.87,6370277.96,158493,123.35364886777334,40.19280321528395
2019,6,Tetuan,4,Almenara,064,19550689.87,6370277.96,158493,123.35364886777334,40.19280321528395
2019,6,Tetuan,5,Valdeacederas,065,19550689.87,6370277.96,158493,123.35364886777334,40.19280321528395
2019,6,Tetuan,6,Berruguete,066,19550689.87,6370277.96,158493,123.35364886777334,40.19280321528395
2019,7,Chamberi,1,Gaztambide,071,28430229,21641854.65,139912,203.20079049688377,154.68190469723825
2019,7,Chamberi,2,Arapiles,072,28430229,21641854.65,139912,203.20079049688377,154.68190469723825
2019,7,Chamberi,3,Trafalgar,073,28430229,21641854.65,139912,203.20079049688377,154.68190469723825
2019,7,Chamberi,4,Almagro,074,28430229,21641854.65,139912,203.20079049688377,154.68190469723825
2019,7,Chamberi,5,Ríos Rosas,075,28430229,21641854.65,139912,203.20079049688377,154.68190469723825
2019,7,Chamberi,6,Vallehermoso,076,28430229,21641854.65,139912,203.20079049688377,154.68190469723825
2019,8,Fuencarral-El Pardo,1,El Pardo,081,37601717.69,19284470.83,246625,152.46515028890013,78.19349550937658
2019,8,Fuencarral-El Pardo,2,Fuentelarreina,082,37601717.69,19284470.83,246625,152.46515028890013,78.19349550937658
2019,8,Fuencarral-El Pardo,3,Peñagrande,083,37601717.69,19284470.83,246625,152.46515028890013,78.19349550937658
2019,8,Fuencarral-El Pardo,4,Pilar,084,37601717.69,19284470.83,246625,152.46515028890013,78.19349550937658
2019,8,Fuencarral-El Pardo,5,La Paz,085,37601717.69,19284470.83,246625,152.46515028890013,78.19349550937658
2019,8,Fuencarral-El Pardo,6,Valverde,086,37601717.69,19284470.83,246625,152.46515028890013,78.19349550937658
2019,8,Fuencarral-El Pardo,7,Mirasierra,087,37601717.69,19284470.83,246625,152.46515028890013,78.19349550937658
2019,8,Fuencarral-El Pardo,8,El Goloso,088,37601717.69,19284470.83,246625,152.46515028890013,78.19349550937658
2019,9,Moncloa-Aravaca,1,Casa de Campo,091,67048297.91,38963373.73,119749,559.9069546301013,325.37535787355216
2019,9,Moncloa-Aravaca,2,Argüelles,092,67048297.91,38963373.73,119749,559.9069546301013,325.37535787355216
2019,9,Moncloa-Aravaca,3,Ciudad Universitaria,093,67048297.91,38963373.73,119749,559.9069546301013,325.37535787355216
2019,9,Moncloa-Aravaca,4,Valdezarza,094,67048297.91,38963373.73,119749,559.9069546301013,325.37535787355216
2019,9,Moncloa-Aravaca,5,Valdemarín,095,67048297.91,38963373.73,119749,559.9069546301013,325.37535787355216
2019,9,Moncloa-Aravaca,6,El Plantío,096,67048297.91,38963373.73,119749,559.9069546301013,325.37535787355216
2019,9,Moncloa-Aravaca,7,Aravaca,097,67048297.91,38963373.73,119749,559.9069546301013,325.37535787355216
2019,10,Latina,1,Los Cármenes,101,31832355.16,17184510.42,238894,133.2488683683977,71.93362085276316
2019,10,Latina,2,Puerta del Angel,102,31832355.16,17184510.42,238894,133.2488683683977,71.93362085276316
2019,10,Latina,3,Lucero,103,31832355.16,17184510.42,238894,133.2488683683977,71.93362085276316
2019,10,Latina,4,Aluche,104,31832355.16,17184510.42,238894,133.2488683683977,71.93362085276316
2019,10,Latina,5,Campamento,105,31832355.16,17184510.42,238894,133.2488683683977,71.93362085276316
2019,10,Latina,6,Cuatro Vientos,106,31832355.16,17184510.42,238894,133.2488683683977,71.93362085276316
2019,10,Latina,7,Águilas,107,31832355.16,17184510.42,238894,133.2488683683977,71.93362085276316
2019,11,Carabanchel,1,Comillas,111,29495996,12589911.49,253794,116.22022585246302,49.606812966421586
2019,11,Carabanchel,2,Opañel,112,29495996,12589911.49,253794,116.22022585246302,49.606812966421586
2019,11,Carabanchel,3,San Isidro,113,29495996,12589911.49,253794,116.22022585246302,49.606812966421586
2019,11,Carabanchel,4,Vista Alegre,114,29495996,12589911.49,253794,116.22022585246302,49.606812966421586
2019,11,Carabanchel,5,Puerta Bonita,115,29495996,12589911.49,253794,116.22022585246302,49.606812966421586
2019,11,Carabanchel,6,Buenavista,116,29495996,12589911.49,253794,116.22022585246302,49.606812966421586
2019,11,Carabanchel,7,Abrantes,117,29495996,12589911.49,253794,116.22022585246302,49.606812966421586
2019,12,Usera,1,Orcasitas,121,31776150.45,9804681.64,139903,227.1298717682966,70.08199709798933
2019,12,Usera,2,Orcasur,122,31776150.45,9804681.64,139903,227.1298717682966,70.08199709798933
2019,12,Usera,3,San Fermín,123,31776150.45,9804681.64,139903,227.1298717682966,70.08199709798933
2019,12,Usera,4,Almendrales,124,31776150.45,9804681.64,139903,227.1298717682966,70.08199709798933
2019,12,Usera,5,Moscardó,125,31776150.45,9804681.64,139903,227.1298717682966,70.08199709798933
2019,12,Usera,6,Zofío,126,31776150.45,9804681.64,139903,227.1298717682966,70.08199709798933
2019,12,Usera,7,Pradolongo,127,31776150.45,9804681.64,139903,227.1298717682966,70.08199709798933
2019,13,Puente de Vallecas,1,Entrevías,131,71754368.55,35273554.63,235412,304.803359854213,149.83753857067612
2019,13,Puente de Vallecas,2,San Diego,132,71754368.55,35273554.63,235412,304.803359854213,149.83753857067612
2019,13,Puente de Vallecas,3,Palomeras Bajas,133,71754368.55,35273554.63,235412,304.803359854213,149.83753857067612
2019,13,Puente de Vallecas,4,Palomeras Sureste,134,71754368.55,35273554.63,235412,304.803359854213,149.83753857067612
2019,13,Puente de Vallecas,5,Portazgo,135,71754368.55,35273554.63,235412,304.803359854213,149.83753857067612
2019,13,Puente de Vallecas,6,Numancia,136,71754368.55,35273554.63,235412,304.803359854213,149.83753857067612
2019,14,Moratalaz,1,Pavones,141,30350139.94,12398633.17,94818,320.0883792106984,130.7624414140775
2019,14,Moratalaz,2,Horcajo,142,30350139.94,12398633.17,94818,320.0883792106984,130.7624414140775
2019,14,Moratalaz,3,Marroquina,143,30350139.94,12398633.17,94818,320.0883792106984,130.7624414140775
2019,14,Moratalaz,4,Media Legua,144,30350139.94,12398633.17,94818,320.0883792106984,130.7624414140775
2019,14,Moratalaz,5,Fontarrón,145,30350139.94,12398633.17,94818,320.0883792106984,130.7624414140775
2019,14,Moratalaz,6,Vinateros,146,30350139.94,12398633.17,94818,320.0883792106984,130.7624414140775
2019,15,Ciudad Lineal,1,Ventas,151,18791593.34,5794949.87,216858,86.65390873290356,26.722324608730137
2019,15,Ciudad Lineal,2,Pueblo Nuevo,152,18791593.34,5794949.87,216858,86.65390873290356,26.722324608730137
2019,15,Ciudad Lineal,3,Quintana,153,18791593.34,5794949.87,216858,86.65390873290356,26.722324608730137
2019,15,Ciudad Lineal,4,La Concepción,154,18791593.34,5794949.87,216858,86.65390873290356,26.722324608730137
2019,15,Ciudad Lineal,5,San Pascual,155,18791593.34,5794949.87,216858,86.65390873290356,26.722324608730137
2019,15,Ciudad Lineal,6,San Juan Bautista,156,18791593.34,5794949.87,216858,86.65390873290356,26.722324608730137
2019,15,Ciudad Lineal,7,Colina,157,18791593.34,5794949.87,216858,86.65390873290356,26.722324608730137
2019,15,Ciudad Lineal,8,Atalaya,158,18791593.34,5794949.87,216858,86.65390873290356,26.722324608730137
2019,15,Ciudad Lineal,9,Costillares,159,18791593.34,5794949.87,216858,86.65390873290356,26.722324608730137
2019,16,Hortaleza,1,Palomas,161,51846057.89,19602857.89,188680,274.7830076849693,103.89473123807505
2019,16,Hortaleza,2,Piovera,162,51846057.89,19602857.89,188680,274.7830076849693,103.89473123807505
2019,16,Hortaleza,3,Canillas,163,51846057.89,19602857.89,188680,274.7830076849693,103.89473123807505
2019,16,Hortaleza,4,Pinar del Rey,164,51846057.89,19602857.89,188680,274.7830076849693,103.89473123807505
2019,16,Hortaleza,5,Apóstol Santiago,165,51846057.89,19602857.89,188680,274.7830076849693,103.89473123807505
2019,16,Hortaleza,6,Valdefuentes,166,51846057.89,19602857.89,188680,274.7830076849693,103.89473123807505
2019,17,Villaverde,1,"Villaverde Alto, Casco Histórico de Villaverde",171,40709197.39,20609881.11,149276,272.710934041641,138.0656040488759
2019,17,Villaverde,2,San Cristóbal,172,40709197.39,20609881.11,149276,272.710934041641,138.0656040488759
2019,17,Villaverde,3,Butarque,173,40709197.39,20609881.11,149276,272.710934041641,138.0656040488759
2019,17,Villaverde,4,Los Rosales,174,40709197.39,20609881.11,149276,272.710934041641,138.0656040488759
2019,17,Villaverde,5,Ángeles,175,40709197.39,20609881.11,149276,272.710934041641,138.0656040488759
2019,18,Villa de Vallecas,1,Casco Histórico de Vallecas,181,41382641.15,9825425.89,110635,374.0465598589958,88.80938120847833
2019,18,Villa de Vallecas,2,Santa Eugenia,182,41382641.15,9825425.89,110635,374.0465598589958,88.80938120847833
2019,18,Villa de Vallecas,3,Ensanche de Vallecas,183,41382641.15,9825425.89,110635,374.0465598589958,88.80938120847833
2019,19,Vicalvaro,1,Casco Histórico de Vicálvaro,191,22670447.11,13347219.54,72294,313.5868413699615,184.62416715080087
2019,19,Vicalvaro,2,Valdebernardo,192,22670447.11,13347219.54,72294,313.5868413699615,184.62416715080087
2019,19,Vicalvaro,3,Valderrivas,193,22670447.11,13347219.54,72294,313.5868413699615,184.62416715080087
2019,19,Vicalvaro,4,El Cañaveral,194,22670447.11,13347219.54,72294,313.5868413699615,184.62416715080087
2019,20,San Blas-Canillejas,1,Simancas,201,108122900.84,79656028.79,158599,681.7375950668037,502.24798889022003
2019,20,San Blas-Canillejas,2,Hellín,202,108122900.84,79656028.79,158599,681.7375950668037,502.24798889022003
2019,20,San Blas-Canillejas,3,Amposta,203,108122900.84,79656028.79,158599,681.7375950668037,502.24798889022003
2019,20,San Blas-Canillejas,4,Arcos,204,108122900.84,79656028.79,158599,681.7375950668037,502.24798889022003
2019,20,San Blas-Canillejas,5,Rosas,205,108122900.84,79656028.79,158599,681.7375950668037,502.24798889022003
2019,20,San Blas-Canillejas,6,Rejas,206,108122900.84,79656028.79,158599,681.7375950668037,502.24798889022003
2019,20,San Blas-Canillejas,7,Canillejas,207,108122900.84,79656028.79,158599,681.7375950668037,502.24798889022003
2019,20,San Blas-Canillejas,8,El Salvador,208,108122900.84,79656028.79,158599,681.7375950668037,502.24798889022003
2019,21,Barajas,1,Alameda de Osuna,211,21528649.77,8354725.34,49070,438.7334373344202,170.26136824943958
2019,21,Barajas,2,Aeropuerto,212,21528649.77,8354725.34,49070,438.7334373344202,170.26136824943958
2019,21,Barajas,3,Casco Histórico de Barajas,213,21528649.77,8354725.34,49070,438.7334373344202,170.26136824943958
2019,21,Barajas,4,Timón,214,21528649.77,8354725.34,49070,438.7334373344202,170.26136824943958
2019,21,Barajas,5,Corralejos,215,21528649.77,8354725.34,49070,438.7334373344202,170.26136824943958
2020,1,Centro,1,Palacio,011,27767983.24,19694502.15,140991,196.94862253619024,139.68623635551205
2020,1,Centro,2,Embajadores,012,27767983.24,19694502.15,140991,196.94862253619024,139.68623635551205
2020,1,Centro,3,Cortes,013,27767983.24,19694502.15,140991,196.94862253619024,139.68623635551205
2020,1,Centro,4,Justicia,014,27767983.24,19694502.15,140991,196.94862253619024,139.68623635551205
2020,1,Centro,5,Universidad,015,27767983.24,19694502.15,140991,196.94862253619024,139.68623635551205
2020,1,Centro,6,Sol,016,27767983.24,19694502.15,140991,196.94862253619024,139.68623635551205
2020,2,Arganzuela,1,Imperial,021,13326297.52,12038484,156171,85.33144770796115,77.08527191347946
2020,2,Arganzuela,2,Acacias,022,13326297.52,12038484,156171,85.33144770796115,77.08527191347946
2020,2,Arganzuela,3,Chopera,023,13326297.52,12038484,156171,85.33144770796115,77.08527191347946
2020,2,Arganzuela,4,Legazpi,024,13326297.52,12038484,156171,85.33144770796115,77.08527191347946
2020,2,Arganzuela,5,Delicias,025,13326297.52,12038484,156171,85.33144770796115,77.08527191347946
2020,2,Arganzuela,6,Palos de la Frontera,026,13326297.52,12038484,156171,85.33144770796115,77.08527191347946
2020,2,Arganzuela,7,Atocha,027,13326297.52,12038484,156171,85.33144770796115,77.08527191347946
2020,3,Retiro,1,Pacífico,031,17195378.42,12522308.88,120873,142.25987954299143,103.5988920602616
2020,3,Retiro,2,Adelfas,032,17195378.42,12522308.88,120873,142.25987954299143,103.5988920602616
2020,3,Retiro,3,Estrella,033,17195378.42,12522308.88,120873,142.25987954299143,103.5988920602616
2020,3,Retiro,4,Ibiza,034,17195378.42,12522308.88,120873,142.25987954299143,103.5988920602616
2020,3,Retiro,5,Los Jerónimos,035,17195378.42,12522308.88,120873,142.25987954299143,103.5988920602616
2020,3,Retiro,6,Niño Jesús,036,17195378.42,12522308.88,120873,142.25987954299143,103.5988920602616
2020,4,Salamanca,1,Recoletos,041,2608992.05,1848787.02,148405,17.580216636905764,12.457713823658233
2020,4,Salamanca,2,Goya,042,2608992.05,1848787.02,148405,17.580216636905764,12.457713823658233
2020,4,Salamanca,3,Fuente del Berro,043,2608992.05,1848787.02,148405,17.580216636905764,12.457713823658233
2020,4,Salamanca,4,Guindalera,044,2608992.05,1848787.02,148405,17.580216636905764,12.457713823658233
2020,4,Salamanca,5,Lista,045,2608992.05,1848787.02,148405,17.580216636905764,12.457713823658233
2020,4,Salamanca,6,Castellana,046,2608992.05,1848787.02,148405,17.580216636905764,12.457713823658233
2020,5,Chamartin,1,El Viso,051,14514439.4,13803217.97,148021,98.05662304672985,93.2517546158991
2020,5,Chamartin,2,Prosperidad,052,14514439.4,13803217.97,148021,98.05662304672985,93.2517546158991
2020,5,Chamartin,3,Ciudad Jardín,053,14514439.4,13803217.97,148021,98.05662304672985,93.2517546158991
2020,5,Chamartin,4,Hispanoamérica,054,14514439.4,13803217.97,148021,98.05662304672985,93.2517546158991
2020,5,Chamartin,5,Nueva España,055,14514439.4,13803217.97,148021,98.05662304672985,93.2517546158991
2020,5,Chamartin,6,Castilla,056,14514439.4,13803217.97,148021,98.05662304672985,93.2517546158991
2020,6,Tetuan,1,Bellas Vistas,061,10971310.93,9094916.03,161987,67.72957663269274,56.1459625155105
2020,6,Tetuan,2,Cuatro Caminos,062,10971310.93,9094916.03,161987,67.72957663269274,56.1459625155105
2020,6,Tetuan,3,Castillejos,063,10971310.93,9094916.03,161987,67.72957663269274,56.1459625155105
2020,6,Tetuan,4,Almenara,064,10971310.93,9094916.03,161987,67.72957663269274,56.1459625155105
2020,6,Tetuan,5,Valdeacederas,065,10971310.93,9094916.03,161987,67.72957663269274,56.1459625155105
2020,6,Tetuan,6,Berruguete,066,10971310.93,9094916.03,161987,67.72957663269274,56.1459625155105
2020,7,Chamberi,1,Gaztambide,071,8130251.53,7357486.09,141397,57.49946271844523,52.03424464451155
2020,7,Chamberi,2,Arapiles,072,8130251.53,7357486.09,141397,57.49946271844523,52.03424464451155
2020,7,Chamberi,3,Trafalgar,073,8130251.53,7357486.09,141397,57.49946271844523,52.03424464451155
2020,7,Chamberi,4,Almagro,074,8130251.53,7357486.09,141397,57.49946271844523,52.03424464451155
2020,7,Chamberi,5,Ríos Rosas,075,8130251.53,7357486.09,141397,57.49946271844523,52.03424464451155
2020,7,Chamberi,6,Vallehermoso,076,8130251.53,7357486.09,141397,57.49946271844523,52.03424464451155
2020,8,Fuencarral-El Pardo,1,El Pardo,081,16684974.47,8390174.63,250616,66.57585497334568,33.47820821495834
2020,8,Fuencarral-El Pardo,2,Fuentelarreina,082,16684974.47,8390174.63,250616,66.57585497334568,33.47820821495834
2020,8,Fuencarral-El Pardo,3,Peñagrande,083,16684974.47,8390174.63,250616,66.57585497334568,33.47820821495834
2020,8,Fuencarral-El Pardo,4,Pilar,084,16684974.47,8390174.63,250616,66.57585497334568,33.47820821495834
2020,8,Fuencarral-El Pardo,5,La Paz,085,16684974.47,8390174.63,250616,66.57585497334568,33.47820821495834
2020,8,Fuencarral-El Pardo,6,Valverde,086,16684974.47,8390174.63,250616,66.57585497334568,33.47820821495834
2020,8,Fuencarral-El Pardo,7,Mirasierra,087,16684974.47,8390174.63,250616,66.57585497334568,33.47820821495834
2020,8,Fuencarral-El Pardo,8,El Goloso,088,16684974.47,8390174.63,250616,66.57585497334568,33.47820821495834
2020,9,Moncloa-Aravaca,1,Casa de Campo,091,31267496.42,26174120.27,122124,256.0307263109626,214.3241317840883
2020,9,Moncloa-Aravaca,2,Argüelles,092,31267496.42,26174120.27,122124,256.0307263109626,214.3241317840883
2020,9,Moncloa-Aravaca,3,Ciudad Universitaria,093,31267496.42,26174120.27,122124,256.0307263109626,214.3241317840883
2020,9,Moncloa-Aravaca,4,Valdezarza,094,31267496.42,26174120.27,122124,256.0307263109626,214.3241317840883
2020,9,Moncloa-Aravaca,5,Valdemarín,095,31267496.42,26174120.27,122124,256.0307263109626,214.3241317840883
2020,9,Moncloa-Aravaca,6,El Plantío,096,31267496.42,26174120.27,122124,256.0307263109626,214.3241317840883
2020,9,Moncloa-Aravaca,7,Aravaca,097,31267496.42,26174120.27,122124,256.0307263109626,214.3241317840883
2020,10,Latina,1,Los Cármenes,101,20454590.45,18950778.64,242694,84.28140147675674,78.08507272532489
2020,10,Latina,2,Puerta del Angel,102,20454590.45,18950778.64,242694,84.28140147675674,78.08507272532489
2020,10,Latina,3,Lucero,103,20454590.45,18950778.64,242694,84.28140147675674,78.08507272532489
2020,10,Latina,4,Aluche,104,20454590.45,18950778.64,242694,84.28140147675674,78.08507272532489
2020,10,Latina,5,Campamento,105,20454590.45,18950778.64,242694,84.28140147675674,78.08507272532489
2020,10,Latina,6,Cuatro Vientos,106,20454590.45,18950778.64,242694,84.28140147675674,78.08507272532489
2020,10,Latina,7,Águilas,107,20454590.45,18950778.64,242694,84.28140147675674,78.08507272532489
2020,11,Carabanchel,1,Comillas,111,23191565.19,21920446.99,261115,88.8174374892289,83.94939773662945
2020,11,Carabanchel,2,Opañel,112,23191565.19,21920446.99,261115,88.8174374892289,83.94939773662945
2020,11,Carabanchel,3,San Isidro,113,23191565.19,21920446.99,261115,88.8174374892289,83.94939773662945
2020,11,Carabanchel,4,Vista Alegre,114,23191565.19,21920446.99,261115,88.8174374892289,83.94939773662945
2020,11,Carabanchel,5,Puerta Bonita,115,23191565.19,21920446.99,261115,88.8174374892289,83.94939773662945
2020,11,Carabanchel,6,Buenavista,116,23191565.19,21920446.99,261115,88.8174374892289,83.94939773662945
2020,11,Carabanchel,7,Abrantes,117,23191565.19,21920446.99,261115,88.8174374892289,83.94939773662945
2020,12,Usera,1,Orcasitas,121,13344190.64,9713245.44,143360,93.08168694196429,67.75422321428572
2020,12,Usera,2,Orcasur,122,13344190.64,9713245.44,143360,93.08168694196429,67.75422321428572
2020,12,Usera,3,San Fermín,123,13344190.64,9713245.44,143360,93.08168694196429,67.75422321428572
2020,12,Usera,4,Almendrales,124,13344190.64,9713245.44,143360,93.08168694196429,67.75422321428572
2020,12,Usera,5,Moscardó,125,13344190.64,9713245.44,143360,93.08168694196429,67.75422321428572
2020,12,Usera,6,Zofío,126,13344190.64,9713245.44,143360,93.08168694196429,67.75422321428572
2020,12,Usera,7,Pradolongo,127,13344190.64,9713245.44,143360,93.08168694196429,67.75422321428572
2020,13,Puente de Vallecas,1,Entrevías,131,27986661.45,21581691.74,241661,115.80959050074277,89.30564609101178
2020,13,Puente de Vallecas,2,San Diego,132,27986661.45,21581691.74,241661,115.80959050074277,89.30564609101178
2020,13,Puente de Vallecas,3,Palomeras Bajas,133,27986661.45,21581691.74,241661,115.80959050074277,89.30564609101178
2020,13,Puente de Vallecas,4,Palomeras Sureste,134,27986661.45,21581691.74,241661,115.80959050074277,89.30564609101178
2020,13,Puente de Vallecas,5,Portazgo,135,27986661.45,21581691.74,241661,115.80959050074277,89.30564609101178
2020,13,Puente de Vallecas,6,Numancia,136,27986661.45,21581691.74,241661,115.80959050074277,89.30564609101178
2020,14,Moratalaz,1,Pavones,141,21717981.43,19838373.89,95907,226.44834506344688,206.8501140688375
2020,14,Moratalaz,2,Horcajo,142,21717981.43,19838373.89,95907,226.44834506344688,206.8501140688375
2020,14,Moratalaz,3,Marroquina,143,21717981.43,19838373.89,95907,226.44834506344688,206.8501140688375
2020,14,Moratalaz,4,Media Legua,144,21717981.43,19838373.89,95907,226.44834506344688,206.8501140688375
2020,14,Moratalaz,5,Fontarrón,145,21717981.43,19838373.89,95907,226.44834506344688,206.8501140688375
2020,14,Moratalaz,6,Vinateros,146,21717981.43,19838373.89,95907,226.44834506344688,206.8501140688375
2020,15,Ciudad Lineal,1,Ventas,151,11141099.47,5809410.83,220593,50.505226684436956,26.33542691744525
2020,15,Ciudad Lineal,2,Pueblo Nuevo,152,11141099.47,5809410.83,220593,50.505226684436956,26.33542691744525
2020,15,Ciudad Lineal,3,Quintana,153,11141099.47,5809410.83,220593,50.505226684436956,26.33542691744525
2020,15,Ciudad Lineal,4,La Concepción,154,11141099.47,5809410.83,220593,50.505226684436956,26.33542691744525
2020,15,Ciudad Lineal,5,San Pascual,155,11141099.47,5809410.83,220593,50.505226684436956,26.33542691744525
2020,15,Ciudad Lineal,6,San Juan Bautista,156,11141099.47,5809410.83,220593,50.505226684436956,26.33542691744525
2020,15,Ciudad Lineal,7,Colina,157,11141099.47,5809410.83,220593,50.505226684436956,26.33542691744525
2020,15,Ciudad Lineal,8,Atalaya,158,11141099.47,5809410.83,220593,50.505226684436956,26.33542691744525
2020,15,Ciudad Lineal,9,Costillares,159,11141099.47,5809410.83,220593,50.505226684436956,26.33542691744525
2020,16,Hortaleza,1,Palomas,161,35769829.08,17336163.13,193819,184.55274807939364,89.44511699059431
2020,16,Hortaleza,2,Piovera,162,35769829.08,17336163.13,193819,184.55274807939364,89.44511699059431
2020,16,Hortaleza,3,Canillas,163,35769829.08,17336163.13,193819,184.55274807939364,89.44511699059431
2020,16,Hortaleza,4,Pinar del Rey,164,35769829.08,17336163.13,193819,184.55274807939364,89.44511699059431
2020,16,Hortaleza,5,Apóstol Santiago,165,35769829.08,17336163.13,193819,184.55274807939364,89.44511699059431
2020,16,Hortaleza,6,Valdefuentes,166,35769829.08,17336163.13,193819,184.55274807939364,89.44511699059431
2020,17,Villaverde,1,"Villaverde Alto, Casco Histórico de Villaverde",171,24911138.58,19378295.18,154914,160.80624462605059,125.09066436861742
2020,17,Villaverde,2,San Cristóbal,172,24911138.58,19378295.18,154914,160.80624462605059,125.09066436861742
2020,17,Villaverde,3,Butarque,173,24911138.58,19378295.18,154914,160.80624462605059,125.09066436861742
2020,17,Villaverde,4,Los Rosales,174,24911138.58,19378295.18,154914,160.80624462605059,125.09066436861742
2020,17,Villaverde,5,Ángeles,175,24911138.58,19378295.18,154914,160.80624462605059,125.09066436861742
2020,18,Villa de Vallecas,1,Casco Histórico de Vallecas,181,39102038.92,28084860.8,114820,340.5507657202578,244.59903152760845
2020,18,Villa de Vallecas,2,Santa Eugenia,182,39102038.92,28084860.8,114820,340.5507657202578,244.59903152760845
2020,18,Villa de Vallecas,3,Ensanche de Vallecas,183,39102038.92,28084860.8,114820,340.5507657202578,244.59903152760845
2020,19,Vicalvaro,1,Casco Histórico de Vicálvaro,191,29209447.66,15879230.82,74235,393.47272391728967,213.90490765811276
2020,19,Vicalvaro,2,Valdebernardo,192,29209447.66,15879230.82,74235,393.47272391728967,213.90490765811276
2020,19,Vicalvaro,3,Valderrivas,193,29209447.66,15879230.82,74235,393.47272391728967,213.90490765811276
2020,19,Vicalvaro,4,El Cañaveral,194,29209447.66,15879230.82,74235,393.47272391728967,213.90490765811276
2020,20,San Blas-Canillejas,1,Simancas,201,18162625.04,13123280.18,161669,112.34451280084616,81.17375736845035
2020,20,San Blas-Canillejas,2,Hellín,202,18162625.04,13123280.18,161669,112.34451280084616,81.17375736845035
2020,20,San Blas-Canillejas,3,Amposta,203,18162625.04,13123280.18,161669,112.34451280084616,81.17375736845035
2020,20,San Blas-Canillejas,4,Arcos,204,18162625.04,13123280.18,161669,112.34451280084616,81.17375736845035
2020,20,San Blas-Canillejas,5,Rosas,205,18162625.04,13123280.18,161669,112.34451280084616,81.17375736845035
2020,20,San Blas-Canillejas,6,Rejas,206,18162625.04,13123280.18,161669,112.34451280084616,81.17375736845035
2020,20,San Blas-Canillejas,7,Canillejas,207,18162625.04,13123280.18,161669,112.34451280084616,81.17375736845035
2020,20,San Blas-Canillejas,8,El Salvador,208,18162625.04,13123280.18,161669,112.34451280084616,81.17375736845035
2020,21,Barajas,1,Alameda de Osuna,211,10448303.33,7646390.39,50158,208.30781390805055,152.4460781929104
2020,21,Barajas,2,Aeropuerto,212,10448303.33,7646390.39,50158,208.30781390805055,152.4460781929104
2020,21,Barajas,3,Casco Histórico de Barajas,213,10448303.33,7646390.39,50158,208.30781390805055,152.4460781929104
2020,21,Barajas,4,Timón,214,10448303.33,7646390.39,50158,208.30781390805055,152.4460781929104
2020,21,Barajas,5,Corralejos,215,10448303.33,7646390.39,50158,208.30781390805055,152.4460781929104
2021,1,Centro,1,Palacio,011,48754009.26,44130326.55,142033,343.25832208007995,310.704741503735
2021,1,Centro,2,Embajadores,012,48754009.26,44130326.55,142033,343.25832208007995,310.704741503735
2021,1,Centro,3,Cortes,013,48754009.26,44130326.55,142033,343.25832208007995,310.704741503735
2021,1,Centro,4,Justicia,014,48754009.26,44130326.55,142033,343.25832208007995,310.704741503735
2021,1,Centro,5,Universidad,015,48754009.26,44130326.55,142033,343.25832208007995,310.704741503735
2021,1,Centro,6,Sol,016,48754009.26,44130326.55,142033,343.25832208007995,310.704741503735
2021,2,Arganzuela,1,Imperial,021,19607676.78,18073879.25,154992,126.5076699442552,116.61169124858057
2021,2,Arganzuela,2,Acacias,022,19607676.78,18073879.25,154992,126.5076699442552,116.61169124858057
2021,2,Arganzuela,3,Chopera,023,19607676.78,18073879.25,154992,126.5076699442552,116.61169124858057
2021,2,Arganzuela,4,Legazpi,024,19607676.78,18073879.25,154992,126.5076699442552,116.61169124858057
2021,2,Arganzuela,5,Delicias,025,19607676.78,18073879.25,154992,126.5076699442552,116.61169124858057
2021,2,Arganzuela,6,Palos de la Frontera,026,19607676.78,18073879.25,154992,126.5076699442552,116.61169124858057
2021,2,Arganzuela,7,Atocha,027,19607676.78,18073879.25,154992,126.5076699442552,116.61169124858057
2021,3,Retiro,1,Pacífico,031,16761072.01,12843147.34,119092,140.74053681187652,107.84223407113828
2021,3,Retiro,2,Adelfas,032,16761072.01,12843147.34,119092,140.74053681187652,107.84223407113828
2021,3,Retiro,3,Estrella,033,16761072.01,12843147.34,119092,140.74053681187652,107.84223407113828
2021,3,Retiro,4,Ibiza,034,16761072.01,12843147.34,119092,140.74053681187652,107.84223407113828
2021,3,Retiro,5,Los Jerónimos,035,16761072.01,12843147.34,119092,140.74053681187652,107.84223407113828
2021,3,Retiro,6,Niño Jesús,036,16761072.01,12843147.34,119092,140.74053681187652,107.84223407113828
2021,4,Salamanca,1,Recoletos,041,14249306.9,7953361.02,146667,97.15414442239904,54.227338256049414
2021,4,Salamanca,2,Goya,042,14249306.9,7953361.02,146667,97.15414442239904,54.227338256049414
2021,4,Salamanca,3,Fuente del Berro,043,14249306.9,7953361.02,146667,97.15414442239904,54.227338256049414
2021,4,Salamanca,4,Guindalera,044,14249306.9,7953361.02,146667,97.15414442239904,54.227338256049414
2021,4,Salamanca,5,Lista,045,14249306.9,7953361.02,146667,97.15414442239904,54.227338256049414
2021,4,Salamanca,6,Castellana,046,14249306.9,7953361.02,146667,97.15414442239904,54.227338256049414
2021,5,Chamartin,1,El Viso,051,27563489.11,25026249.59,146336,188.35754093319483,171.01909024436912
2021,5,Chamartin,2,Prosperidad,052,27563489.11,25026249.59,146336,188.35754093319483,171.01909024436912
2021,5,Chamartin,3,Ciudad Jardín,053,27563489.11,25026249.59,146336,188.35754093319483,171.01909024436912
2021,5,Chamartin,4,Hispanoamérica,054,27563489.11,25026249.59,146336,188.35754093319483,171.01909024436912
2021,5,Chamartin,5,Nueva España,055,27563489.11,25026249.59,146336,188.35754093319483,171.01909024436912
2021,5,Chamartin,6,Castilla,056,27563489.11,25026249.59,146336,188.35754093319483,171.01909024436912
2021,6,Tetuan,1,Bellas Vistas,061,15663394.8,8612802.4,160615,97.52136973508078,53.62389814151854
2021,6,Tetuan,2,Cuatro Caminos,062,15663394.8,8612802.4,160615,97.52136973508078,53.62389814151854
2021,6,Tetuan,3,Castillejos,063,15663394.8,8612802.4,160615,97.52136973508078,53.62389814151854
2021,6,Tetuan,4,Almenara,064,15663394.8,8612802.4,160615,97.52136973508078,53.62389814151854
2021,6,Tetuan,5,Valdeacederas,065,15663394.8,8612802.4,160615,97.52136973508078,53.62389814151854
2021,6,Tetuan,6,Berruguete,066,15663394.8,8612802.4,160615,97.52136973508078,53.62389814151854
2021,7,Chamberi,1,Gaztambide,071,13243024.77,10516252.51,139391,95.00631152656915,75.44427194008222
2021,7,Chamberi,2,Arapiles,072,13243024.77,10516252.51,139391,95.00631152656915,75.44427194008222
2021,7,Chamberi,3,Trafalgar,073,13243024.77,10516252.51,139391,95.00631152656915,75.44427194008222
2021,7,Chamberi,4,Almagro,074,13243024.77,10516252.51,139391,95.00631152656915,75.44427194008222
2021,7,Chamberi,5,Ríos Rosas,075,13243024.77,10516252.51,139391,95.00631152656915,75.44427194008222
2021,7,Chamberi,6,Vallehermoso,076,13243024.77,10516252.51,139391,95.00631152656915,75.44427194008222
2021,8,Fuencarral-El Pardo,1,El Pardo,081,40329105.53,35399693.39,248684,162.1700854498078,142.34809392642873
2021,8,Fuencarral-El Pardo,2,Fuentelarreina,082,40329105.53,35399693.39,248684,162.1700854498078,142.34809392642873
2021,8,Fuencarral-El Pardo,3,Peñagrande,083,40329105.53,35399693.39,248684,162.1700854498078,142.34809392642873
2021,8,Fuencarral-El Pardo,4,Pilar,084,40329105.53,35399693.39,248684,162.1700854498078,142.34809392642873
2021,8,Fuencarral-El Pardo,5,La Paz,085,40329105.53,35399693.39,248684,162.1700854498078,142.34809392642873
2021,8,Fuencarral-El Pardo,6,Valverde,086,40329105.53,35399693.39,248684,162.1700854498078,142.34809392642873
2021,8,Fuencarral-El Pardo,7,Mirasierra,087,40329105.53,35399693.39,248684,162.1700854498078,142.34809392642873
2021,8,Fuencarral-El Pardo,8,El Goloso,088,40329105.53,35399693.39,248684,162.1700854498078,142.34809392642873
2021,9,Moncloa-Aravaca,1,Casa de Campo,091,55709275.13,50366415.95,121368,459.0112313789467,414.9892554050491
2021,9,Moncloa-Aravaca,2,Argüelles,092,55709275.13,50366415.95,121368,459.0112313789467,414.9892554050491
2021,9,Moncloa-Aravaca,3,Ciudad Universitaria,093,55709275.13,50366415.95,121368,459.0112313789467,414.9892554050491
2021,9,Moncloa-Aravaca,4,Valdezarza,094,55709275.13,50366415.95,121368,459.0112313789467,414.9892554050491
2021,9,Moncloa-Aravaca,5,Valdemarín,095,55709275.13,50366415.95,121368,459.0112313789467,414.9892554050491
2021,9,Moncloa-Aravaca,6,El Plantío,096,55709275.13,50366415.95,121368,459.0112313789467,414.9892554050491
2021,9,Moncloa-Aravaca,7,Aravaca,097,55709275.13,50366415.95,121368,459.0112313789467,414.9892554050491
2021,10,Latina,1,Los Cármenes,101,21649116.11,16162383.75,241144,89.77671478452709,67.02378558040009
2021,10,Latina,2,Puerta del Angel,102,21649116.11,16162383.75,241144,89.77671478452709,67.02378558040009
2021,10,Latina,3,Lucero,103,21649116.11,16162383.75,241144,89.77671478452709,67.02378558040009
2021,10,Latina,4,Aluche,104,21649116.11,16162383.75,241144,89.77671478452709,67.02378558040009
2021,10,Latina,5,Campamento,105,21649116.11,16162383.75,241144,89.77671478452709,67.02378558040009
2021,10,Latina,6,Cuatro Vientos,106,21649116.11,16162383.75,241144,89.77671478452709,67.02378558040009
2021,10,Latina,7,Águilas,107,21649116.11,16162383.75,241144,89.77671478452709,67.02378558040009
2021,11,Carabanchel,1,Comillas,111,14112243.45,12850008.8,259757,54.328635801922566,49.46934558067733
2021,11,Carabanchel,2,Opañel,112,14112243.45,12850008.8,259757,54.328635801922566,49.46934558067733
2021,11,Carabanchel,3,San Isidro,113,14112243.45,12850008.8,259757,54.328635801922566,49.46934558067733
2021,11,Carabanchel,4,Vista Alegre,114,14112243.45,12850008.8,259757,54.328635801922566,49.46934558067733
2021,11,Carabanchel,5,Puerta Bonita,115,14112243.45,12850008.8,259757,54.328635801922566,49.46934558067733
2021,11,Carabanchel,6,Buenavista,116,14112243.45,12850008.8,259757,54.328635801922566,49.46934558067733
2021,11,Carabanchel,7,Abrantes,117,14112243.45,12850008.8,259757,54.328635801922566,49.46934558067733
2021,12,Usera,1,Orcasitas,121,22390785.88,17794520.78,143087,156.4837188563601,124.36154772970292
2021,12,Usera,2,Orcasur,122,22390785.88,17794520.78,143087,156.4837188563601,124.36154772970292
2021,12,Usera,3,San Fermín,123,22390785.88,17794520.78,143087,156.4837188563601,124.36154772970292
2021,12,Usera,4,Almendrales,124,22390785.88,17794520.78,143087,156.4837188563601,124.36154772970292
2021,12,Usera,5,Moscardó,125,22390785.88,17794520.78,143087,156.4837188563601,124.36154772970292
2021,12,Usera,6,Zofío,126,22390785.88,17794520.78,143087,156.4837188563601,124.36154772970292
2021,12,Usera,7,Pradolongo,127,22390785.88,17794520.78,143087,156.4837188563601,124.36154772970292
2021,13,Puente de Vallecas,1,Entrevías,131,29214427.23,21868155.26,240067,121.69280754955908,91.09188376578206
2021,13,Puente de Vallecas,2,San Diego,132,29214427.23,21868155.26,240067,121.69280754955908,91.09188376578206
2021,13,Puente de Vallecas,3,Palomeras Bajas,133,29214427.23,21868155.26,240067,121.69280754955908,91.09188376578206
2021,13,Puente de Vallecas,4,Palomeras Sureste,134,29214427.23,21868155.26,240067,121.69280754955908,91.09188376578206
2021,13,Puente de Vallecas,5,Portazgo,135,29214427.23,21868155.26,240067,121.69280754955908,91.09188376578206
2021,13,Puente de Vallecas,6,Numancia,136,29214427.23,21868155.26,240067,121.69280754955908,91.09188376578206
2021,14,Moratalaz,1,Pavones,141,12081786.57,11357128.21,94203,128.25267316327506,120.56015424137236
2021,14,Moratalaz,2,Horcajo,142,12081786.57,11357128.21,94203,128.25267316327506,120.56015424137236
2021,14,Moratalaz,3,Marroquina,143,12081786.57,11357128.21,94203,128.25267316327506,120.56015424137236
2021,14,Moratalaz,4,Media Legua,144,12081786.57,11357128.21,94203,128.25267316327506,120.56015424137236
2021,14,Moratalaz,5,Fontarrón,145,12081786.57,11357128.21,94203,128.25267316327506,120.56015424137236
2021,14,Moratalaz,6,Vinateros,146,12081786.57,11357128.21,94203,128.25267316327506,120.56015424137236
2021,15,Ciudad Lineal,1,Ventas,151,18832048.75,17177244.22,217816,86.45851888750138,78.8612600543578
2021,15,Ciudad Lineal,2,Pueblo Nuevo,152,18832048.75,17177244.22,217816,86.45851888750138,78.8612600543578
2021,15,Ciudad Lineal,3,Quintana,153,18832048.75,17177244.22,217816,86.45851888750138,78.8612600543578
2021,15,Ciudad Lineal,4,La Concepción,154,18832048.75,17177244.22,217816,86.45851888750138,78.8612600543578
2021,15,Ciudad Lineal,5,San Pascual,155,18832048.75,17177244.22,217816,86.45851888750138,78.8612600543578
2021,15,Ciudad Lineal,6,San Juan Bautista,156,18832048.75,17177244.22,217816,86.45851888750138,78.8612600543578
2021,15,Ciudad Lineal,7,Colina,157,18832048.75,17177244.22,217816,86.45851888750138,78.8612600543578
2021,15,Ciudad Lineal,8,Atalaya,158,18832048.75,17177244.22,217816,86.45851888750138,78.8612600543578
2021,15,Ciudad Lineal,9,Costillares,159,18832048.75,17177244.22,217816,86.45851888750138,78.8612600543578
2021,16,Hortaleza,1,Palomas,161,19953495.46,15083615.14,193910,102.90080686916612,77.78668010932907
2021,16,Hortaleza,2,Piovera,162,19953495.46,15083615.14,193910,102.90080686916612,77.78668010932907
2021,16,Hortaleza,3,Canillas,163,19953495.46,15083615.14,193910,102.90080686916612,77.78668010932907
2021,16,Hortaleza,4,Pinar del Rey,164,19953495.46,15083615.14,193910,102.90080686916612,77.78668010932907
2021,16,Hortaleza,5,Apóstol Santiago,165,19953495.46,15083615.14,193910,102.90080686916612,77.78668010932907
2021,16,Hortaleza,6,Valdefuentes,166,19953495.46,15083615.14,193910,102.90080686916612,77.78668010932907
2021,17,Villaverde,1,"Villaverde Alto, Casco Histórico de Villaverde",171,24723200.36,20348065.51,155450,159.04278134448376,130.8978160823416
2021,17,Villaverde,2,San Cristóbal,172,24723200.36,20348065.51,155450,159.04278134448376,130.8978160823416
2021,17,Villaverde,3,Butarque,173,24723200.36,20348065.51,155450,159.04278134448376,130.8978160823416
2021,17,Villaverde,4,Los Rosales,174,24723200.36,20348065.51,155450,159.04278134448376,130.8978160823416
2021,17,Villaverde,5,Ángeles,175,24723200.36,20348065.51,155450,159.04278134448376,130.8978160823416
2021,18,Villa de Vallecas,1,Casco Histórico de Vallecas,181,49972989.39,41939266.35,115175,433.8874702843499,364.13515389624484
2021,18,Villa de Vallecas,2,Santa Eugenia,182,49972989.39,41939266.35,115175,433.8874702843499,364.13515389624484
2021,18,Villa de Vallecas,3,Ensanche de Vallecas,183,49972989.39,41939266.35,115175,433.8874702843499,364.13515389624484
2021,19,Vicalvaro,1,Casco Histórico de Vicálvaro,191,31912251.44,24624196.57,75732,421.38397823905353,325.14916508213173
2021,19,Vicalvaro,2,Valdebernardo,192,31912251.44,24624196.57,75732,421.38397823905353,325.14916508213173
2021,19,Vicalvaro,3,Valderrivas,193,31912251.44,24624196.57,75732,421.38397823905353,325.14916508213173
2021,19,Vicalvaro,4,El Cañaveral,194,31912251.44,24624196.57,75732,421.38397823905353,325.14916508213173
2021,20,San Blas-Canillejas,1,Simancas,201,21782606.13,14483519.19,160951,135.33687973358352,89.98713391032052
2021,20,San Blas-Canillejas,2,Hellín,202,21782606.13,14483519.19,160951,135.33687973358352,89.98713391032052
2021,20,San Blas-Canillejas,3,Amposta,203,21782606.13,14483519.19,160951,135.33687973358352,89.98713391032052
2021,20,San Blas-Canillejas,4,Arcos,204,21782606.13,14483519.19,160951,135.33687973358352,89.98713391032052
2021,20,San Blas-Canillejas,5,Rosas,205,21782606.13,14483519.19,160951,135.33687973358352,89.98713391032052
2021,20,San Blas-Canillejas,6,Rejas,206,21782606.13,14483519.19,160951,135.33687973358352,89.98713391032052
2021,20,San Blas-Canillejas,7,Canillejas,207,21782606.13,14483519.19,160951,135.33687973358352,89.98713391032052
2021,20,San Blas-Canillejas,8,El Salvador,208,21782606.13,14483519.19,160951,135.33687973358352,89.98713391032052
2021,21,Barajas,1,Alameda de Osuna,211,13365568.02,10081104.93,50271,265.87034314018024,200.53519782777346
2021,21,Barajas,2,Aeropuerto,212,13365568.02,10081104.93,50271,265.87034314018024,200.53519782777346
2021,21,Barajas,3,Casco Histórico de Barajas,213,13365568.02,10081104.93,50271,265.87034314018024,200.53519782777346
2021,21,Barajas,4,Timón,214,13365568.02,10081104.93,50271,265.87034314018024,200.53519782777346
2021,21,Barajas,5,Corralejos,215,13365568.02,10081104.93,50271,265.87034314018024,200.53519782777346
2022,1,Centro,1,Palacio,011,48135292.09,41509868.37,140181,343.3795741933643,296.1162238106448
2022,1,Centro,2,Embajadores,012,48135292.09,41509868.37,140181,343.3795741933643,296.1162238106448
2022,1,Centro,3,Cortes,013,48135292.09,41509868.37,140181,343.3795741933643,296.1162238106448
2022,1,Centro,4,Justicia,014,48135292.09,41509868.37,140181,343.3795741933643,296.1162238106448
2022,1,Centro,5,Universidad,015,48135292.09,41509868.37,140181,343.3795741933643,296.1162238106448
2022,1,Centro,6,Sol,016,48135292.09,41509868.37,140181,343.3795741933643,296.1162238106448
2022,2,Arganzuela,1,Imperial,021,76150059.19,71674987.78,153024,497.63474481127145,468.39049939878714
2022,2,Arganzuela,2,Acacias,022,76150059.19,71674987.78,153024,497.63474481127145,468.39049939878714
2022,2,Arganzuela,3,Chopera,023,76150059.19,71674987.78,153024,497.63474481127145,468.39049939878714
2022,2,Arganzuela,4,Legazpi,024,76150059.19,71674987.78,153024,497.63474481127145,468.39049939878714
2022,2,Arganzuela,5,Delicias,025,76150059.19,71674987.78,153024,497.63474481127145,468.39049939878714
2022,2,Arganzuela,6,Palos de la Frontera,026,76150059.19,71674987.78,153024,497.63474481127145,468.39049939878714
2022,2,Arganzuela,7,Atocha,027,76150059.19,71674987.78,153024,497.63474481127145,468.39049939878714
2022,3,Retiro,1,Pacífico,031,39570958.97,27762898.85,117972,335.4267026921642,235.33464593293326
2022,3,Retiro,2,Adelfas,032,39570958.97,27762898.85,117972,335.4267026921642,235.33464593293326
2022,3,Retiro,3,Estrella,033,39570958.97,27762898.85,117972,335.4267026921642,235.33464593293326
2022,3,Retiro,4,Ibiza,034,39570958.97,27762898.85,117972,335.4267026921642,235.33464593293326
2022,3,Retiro,5,Los Jerónimos,035,39570958.97,27762898.85,117972,335.4267026921642,235.33464593293326
2022,3,Retiro,6,Niño Jesús,036,39570958.97,27762898.85,117972,335.4267026921642,235.33464593293326
2022,4,Salamanca,1,Recoletos,041,31249806.01,26766930.42,145941,214.12629768193997,183.4092573026086
2022,4,Salamanca,2,Goya,042,31249806.01,26766930.42,145941,214.12629768193997,183.4092573026086
2022,4,Salamanca,3,Fuente del Berro,043,31249806.01,26766930.42,145941,214.12629768193997,183.4092573026086
2022,4,Salamanca,4,Guindalera,044,31249806.01,26766930.42,145941,214.12629768193997,183.4092573026086
2022,4,Salamanca,5,Lista,045,31249806.01,26766930.42,145941,214.12629768193997,183.4092573026086
2022,4,Salamanca,6,Castellana,046,31249806.01,26766930.42,145941,214.12629768193997,183.4092573026086
2022,5,Chamartin,1,El Viso,051,33560479.98,30793406.08,144653,232.0068023476872,212.87775628573206
2022,5,Chamartin,2,Prosperidad,052,33560479.98,30793406.08,144653,232.0068023476872,212.87775628573206
2022,5,Chamartin,3,Ciudad Jardín,053,33560479.98,30793406.08,144653,232.0068023476872,212.87775628573206
2022,5,Chamartin,4,Hispanoamérica,054,33560479.98,30793406.08,144653,232.0068023476872,212.87775628573206
2022,5,Chamartin,5,Nueva España,055,33560479.98,30793406.08,144653,232.0068023476872,212.87775628573206
2022,5,Chamartin,6,Castilla,056,33560479.98,30793406.08,144653,232.0068023476872,212.87775628573206
2022,6,Tetuan,1,Bellas Vistas,061,27602833.89,24132819.68,157850,174.86749375989865,152.88450858409882
2022,6,Tetuan,2,Cuatro Caminos,062,27602833.89,24132819.68,157850,174.86749375989865,152.88450858409882
2022,6,Tetuan,3,Castillejos,063,27602833.89,24132819.68,157850,174.86749375989865,152.88450858409882
2022,6,Tetuan,4,Almenara,064,27602833.89,24132819.68,157850,174.86749375989865,152.88450858409882
2022,6,Tetuan,5,Valdeacederas,065,27602833.89,24132819.68,157850,174.86749375989865,152.88450858409882
2022,6,Tetuan,6,Berruguete,066,27602833.89,24132819.68,157850,174.86749375989865,152.88450858409882
2022,7,Chamberi,1,Gaztambide,071,13048267.07,10435079.27,137727,94.7400805216116,75.76640215789206
2022,7,Chamberi,2,Arapiles,072,13048267.07,10435079.27,137727,94.7400805216116,75.76640215789206
2022,7,Chamberi,3,Trafalgar,073,13048267.07,10435079.27,137727,94.7400805216116,75.76640215789206
2022,7,Chamberi,4,Almagro,074,13048267.07,10435079.27,137727,94.7400805216116,75.76640215789206
2022,7,Chamberi,5,Ríos Rosas,075,13048267.07,10435079.27,137727,94.7400805216116,75.76640215789206
2022,7,Chamberi,6,Vallehermoso,076,13048267.07,10435079.27,137727,94.7400805216116,75.76640215789206
2022,8,Fuencarral-El Pardo,1,El Pardo,081,57725347.25,49583797.37,246836,233.86113553128394,200.87749505744705
2022,8,Fuencarral-El Pardo,2,Fuentelarreina,082,57725347.25,49583797.37,246836,233.86113553128394,200.87749505744705
2022,8,Fuencarral-El Pardo,3,Peñagrande,083,57725347.25,49583797.37,246836,233.86113553128394,200.87749505744705
2022,8,Fuencarral-El Pardo,4,Pilar,084,57725347.25,49583797.37,246836,233.86113553128394,200.87749505744705
2022,8,Fuencarral-El Pardo,5,La Paz,085,57725347.25,49583797.37,246836,233.86113553128394,200.87749505744705
2022,8,Fuencarral-El Pardo,6,Valverde,086,57725347.25,49583797.37,246836,233.86113553128394,200.87749505744705
2022,8,Fuencarral-El Pardo,7,Mirasierra,087,57725347.25,49583797.37,246836,233.86113553128394,200.87749505744705
2022,8,Fuencarral-El Pardo,8,El Goloso,088,57725347.25,49583797.37,246836,233.86113553128394,200.87749505744705
2022,9,Moncloa-Aravaca,1,Casa de Campo,091,50041144.91,37060546.75,120707,414.56705004680754,307.0289771927063
2022,9,Moncloa-Aravaca,2,Argüelles,092,50041144.91,37060546.75,120707,414.56705004680754,307.0289771927063
2022,9,Moncloa-Aravaca,3,Ciudad Universitaria,093,50041144.91,37060546.75,120707,414.56705004680754,307.0289771927063
2022,9,Moncloa-Aravaca,4,Valdezarza,094,50041144.91,37060546.75,120707,414.56705004680754,307.0289771927063
2022,9,Moncloa-Aravaca,5,Valdemarín,095,50041144.91,37060546.75,120707,414.56705004680754,307.0289771927063
2022,9,Moncloa-Aravaca,6,El Plantío,096,50041144.91,37060546.75,120707,414.56705004680754,307.0289771927063
2022,9,Moncloa-Aravaca,7,Aravaca,097,50041144.91,37060546.75,120707,414.56705004680754,307.0289771927063
2022,10,Latina,1,Los Cármenes,101,25748281.69,19855467.49,237563,108.38506707694381,83.57979773786322
2022,10,Latina,2,Puerta del Angel,102,25748281.69,19855467.49,237563,108.38506707694381,83.57979773786322
2022,10,Latina,3,Lucero,103,25748281.69,19855467.49,237563,108.38506707694381,83.57979773786322
2022,10,Latina,4,Aluche,104,25748281.69,19855467.49,237563,108.38506707694381,83.57979773786322
2022,10,Latina,5,Campamento,105,25748281.69,19855467.49,237563,108.38506707694381,83.57979773786322
2022,10,Latina,6,Cuatro Vientos,106,25748281.69,19855467.49,237563,108.38506707694381,83.57979773786322
2022,10,Latina,7,Águilas,107,25748281.69,19855467.49,237563,108.38506707694381,83.57979773786322
2022,11,Carabanchel,1,Comillas,111,23423122.72,19680902.75,256279,91.39696471423721,76.79483199950054
2022,11,Carabanchel,2,Opañel,112,23423122.72,19680902.75,256279,91.39696471423721,76.79483199950054
2022,11,Carabanchel,3,San Isidro,113,23423122.72,19680902.75,256279,91.39696471423721,76.79483199950054
2022,11,Carabanchel,4,Vista Alegre,114,23423122.72,19680902.75,256279,91.39696471423721,76.79483199950054
2022,11,Carabanchel,5,Puerta Bonita,115,23423122.72,19680902.75,256279,91.39696471423721,76.79483199950054
2022,11,Carabanchel,6,Buenavista,116,23423122.72,19680902.75,256279,91.39696471423721,76.79483199950054
2022,11,Carabanchel,7,Abrantes,117,23423122.72,19680902.75,256279,91.39696471423721,76.79483199950054
2022,12,Usera,1,Orcasitas,121,33174673.08,21859015,141214,234.92481680286656,154.79354030053676
2022,12,Usera,2,Orcasur,122,33174673.08,21859015,141214,234.92481680286656,154.79354030053676
2022,12,Usera,3,San Fermín,123,33174673.08,21859015,141214,234.92481680286656,154.79354030053676
2022,12,Usera,4,Almendrales,124,33174673.08,21859015,141214,234.92481680286656,154.79354030053676
2022,12,Usera,5,Moscardó,125,33174673.08,21859015,141214,234.92481680286656,154.79354030053676
2022,12,Usera,6,Zofío,126,33174673.08,21859015,141214,234.92481680286656,154.79354030053676
2022,12,Usera,7,Pradolongo,127,33174673.08,21859015,141214,234.92481680286656,154.79354030053676
2022,13,Puente de Vallecas,1,Entrevías,131,40073072.76,32788017.34,236326,169.56692348704755,138.7406266767093
2022,13,Puente de Vallecas,2,San Diego,132,40073072.76,32788017.34,236326,169.56692348704755,138.7406266767093
2022,13,Puente de Vallecas,3,Palomeras Bajas,133,40073072.76,32788017.34,236326,169.56692348704755,138.7406266767093
2022,13,Puente de Vallecas,4,Palomeras Sureste,134,40073072.76,32788017.34,236326,169.56692348704755,138.7406266767093
2022,13,Puente de Vallecas,5,Portazgo,135,40073072.76,32788017.34,236326,169.56692348704755,138.7406266767093
2022,13,Puente de Vallecas,6,Numancia,136,40073072.76,32788017.34,236326,169.56692348704755,138.7406266767093
2022,14,Moratalaz,1,Pavones,141,14803092.93,12135301.56,92659,159.75882461498614,130.9673270810175
2022,14,Moratalaz,2,Horcajo,142,14803092.93,12135301.56,92659,159.75882461498614,130.9673270810175
2022,14,Moratalaz,3,Marroquina,143,14803092.93,12135301.56,92659,159.75882461498614,130.9673270810175
2022,14,Moratalaz,4,Media Legua,144,14803092.93,12135301.56,92659,159.75882461498614,130.9673270810175
2022,14,Moratalaz,5,Fontarrón,145,14803092.93,12135301.56,92659,159.75882461498614,130.9673270810175
2022,14,Moratalaz,6,Vinateros,146,14803092.93,12135301.56,92659,159.75882461498614,130.9673270810175
2022,15,Ciudad Lineal,1,Ventas,151,27412872.76,24985106.11,214608,127.73462666815776,116.42206306381868
2022,15,Ciudad Lineal,2,Pueblo Nuevo,152,27412872.76,24985106.11,214608,127.73462666815776,116.42206306381868
2022,15,Ciudad Lineal,3,Quintana,153,27412872.76,24985106.11,214608,127.73462666815776,116.42206306381868
2022,15,Ciudad Lineal,4,La Concepción,154,27412872.76,24985106.11,214608,127.73462666815776,116.42206306381868
2022,15,Ciudad Lineal,5,San Pascual,155,27412872.76,24985106.11,214608,127.73462666815776,116.42206306381868
2022,15,Ciudad Lineal,6,San Juan Bautista,156,27412872.76,24985106.11,214608,127.73462666815776,116.42206306381868
2022,15,Ciudad Lineal,7,Colina,157,27412872.76,24985106.11,214608,127.73462666815776,116.42206306381868
2022,15,Ciudad Lineal,8,Atalaya,158,27412872.76,24985106.11,214608,127.73462666815776,116.42206306381868
2022,15,Ciudad Lineal,9,Costillares,159,27412872.76,24985106.11,214608,127.73462666815776,116.42206306381868
2022,16,Hortaleza,1,Palomas,161,24225579.58,19164797.91,193772,125.02105350618251,98.90385561381417
2022,16,Hortaleza,2,Piovera,162,24225579.58,19164797.91,193772,125.02105350618251,98.90385561381417
2022,16,Hortaleza,3,Canillas,163,24225579.58,19164797.91,193772,125.02105350618251,98.90385561381417
2022,16,Hortaleza,4,Pinar del Rey,164,24225579.58,19164797.91,193772,125.02105350618251,98.90385561381417
2022,16,Hortaleza,5,Apóstol Santiago,165,24225579.58,19164797.91,193772,125.02105350618251,98.90385561381417
2022,16,Hortaleza,6,Valdefuentes,166,24225579.58,19164797.91,193772,125.02105350618251,98.90385561381417
2022,17,Villaverde,1,"Villaverde Alto, Casco Histórico de Villaverde",171,32101251.11,26505245.62,154304,208.0390081268146,171.77290037847368
2022,17,Villaverde,2,San Cristóbal,172,32101251.11,26505245.62,154304,208.0390081268146,171.77290037847368
2022,17,Villaverde,3,Butarque,173,32101251.11,26505245.62,154304,208.0390081268146,171.77290037847368
2022,17,Villaverde,4,Los Rosales,174,32101251.11,26505245.62,154304,208.0390081268146,171.77290037847368
2022,17,Villaverde,5,Ángeles,175,32101251.11,26505245.62,154304,208.0390081268146,171.77290037847368
2022,18,Villa de Vallecas,1,Casco Histórico de Vallecas,181,60777598.56,33754119,115099,528.0462780736583,293.26161825906394
2022,18,Villa de Vallecas,2,Santa Eugenia,182,60777598.56,33754119,115099,528.0462780736583,293.26161825906394
2022,18,Villa de Vallecas,3,Ensanche de Vallecas,183,60777598.56,33754119,115099,528.0462780736583,293.26161825906394
2022,19,Vicalvaro,1,Casco Histórico de Vicálvaro,191,37943337.12,33005405.77,79433,477.677251520149,415.5125170898745
2022,19,Vicalvaro,2,Valdebernardo,192,37943337.12,33005405.77,79433,477.677251520149,415.5125170898745
2022,19,Vicalvaro,3,Valderrivas,193,37943337.12,33005405.77,79433,477.677251520149,415.5125170898745
2022,19,Vicalvaro,4,El Cañaveral,194,37943337.12,33005405.77,79433,477.677251520149,415.5125170898745
2022,20,San Blas-Canillejas,1,Simancas,201,28464097.15,24827180.16,159283,178.70141289403136,155.86836109314868
2022,20,San Blas-Canillejas,2,Hellín,202,28464097.15,24827180.16,159283,178.70141289403136,155.86836109314868
2022,20,San Blas-Canillejas,3,Amposta,203,28464097.15,24827180.16,159283,178.70141289403136,155.86836109314868
2022,20,San Blas-Canillejas,4,Arcos,204,28464097.15,24827180.16,159283,178.70141289403136,155.86836109314868
2022,20,San Blas-Canillejas,5,Rosas,205,28464097.15,24827180.16,159283,178.70141289403136,155.86836109314868
2022,20,San Blas-Canillejas,6,Rejas,206,28464097.15,24827180.16,159283,178.70141289403136,155.86836109314868
2022,20,San Blas-Canillejas,7,Canillejas,207,28464097.15,24827180.16,159283,178.70141289403136,155.86836109314868
2022,20,San Blas-Canillejas,8,El Salvador,208,28464097.15,24827180.16,159283,178.70141289403136,155.86836109314868
2022,21,Barajas,1,Alameda de Osuna,211,24756439.33,15023836.54,50216,492.99903078700015,299.1842548191811
2022,21,Barajas,2,Aeropuerto,212,24756439.33,15023836.54,50216,492.99903078700015,299.1842548191811
2022,21,Barajas,3,Casco Histórico de Barajas,213,24756439.33,15023836.54,50216,492.99903078700015,299.1842548191811
2022,21,Barajas,4,Timón,214,24756439.33,15023836.54,50216,492.99903078700015,299.1842548191811
2022,21,Barajas,5,Corralejos,215,24756439.33,15023836.54,50216,492.99903078700015,299.1842548191811
2023,1,Centro,1,Palacio,011,41300563.81,37395836.55,139672,295.69680258033105,267.74039571281287
2023,1,Centro,2,Embajadores,012,41300563.81,37395836.55,139672,295.69680258033105,267.74039571281287
2023,1,Centro,3,Cortes,013,41300563.81,37395836.55,139672,295.69680258033105,267.74039571281287
2023,1,Centro,4,Justicia,014,41300563.81,37395836.55,139672,295.69680258033105,267.74039571281287
2023,1,Centro,5,Universidad,015,41300563.81,37395836.55,139672,295.69680258033105,267.74039571281287
2023,1,Centro,6,Sol,016,41300563.81,37395836.55,139672,295.69680258033105,267.74039571281287
2023,2,Arganzuela,1,Imperial,021,50881906.45,42844093.54,153899,330.61882435883274,278.39098070812673
2023,2,Arganzuela,2,Acacias,022,50881906.45,42844093.54,153899,330.61882435883274,278.39098070812673
2023,2,Arganzuela,3,Chopera,023,50881906.45,42844093.54,153899,330.61882435883274,278.39098070812673
2023,2,Arganzuela,4,Legazpi,024,50881906.45,42844093.54,153899,330.61882435883274,278.39098070812673
2023,2,Arganzuela,5,Delicias,025,50881906.45,42844093.54,153899,330.61882435883274,278.39098070812673
2023,2,Arganzuela,6,Palos de la Frontera,026,50881906.45,42844093.54,153899,330.61882435883274,278.39098070812673
2023,2,Arganzuela,7,Atocha,027,50881906.45,42844093.54,153899,330.61882435883274,278.39098070812673
2023,3,Retiro,1,Pacífico,031,33378867.77,23505588.63,116989,285.31629272837614,200.92135696518474
2023,3,Retiro,2,Adelfas,032,33378867.77,23505588.63,116989,285.31629272837614,200.92135696518474
2023,3,Retiro,3,Estrella,033,33378867.77,23505588.63,116989,285.31629272837614,200.92135696518474
2023,3,Retiro,4,Ibiza,034,33378867.77,23505588.63,116989,285.31629272837614,200.92135696518474
2023,3,Retiro,5,Los Jerónimos,035,33378867.77,23505588.63,116989,285.31629272837614,200.92135696518474
2023,3,Retiro,6,Niño Jesús,036,33378867.77,23505588.63,116989,285.31629272837614,200.92135696518474
2023,4,Salamanca,1,Recoletos,041,15299118.26,12605470.85,146324,104.55645184658702,86.14766442962193
2023,4,Salamanca,2,Goya,042,15299118.26,12605470.85,146324,104.55645184658702,86.14766442962193
2023,4,Salamanca,3,Fuente del Berro,043,15299118.26,12605470.85,146324,104.55645184658702,86.14766442962193
2023,4,Salamanca,4,Guindalera,044,15299118.26,12605470.85,146324,104.55645184658702,86.14766442962193
2023,4,Salamanca,5,Lista,045,15299118.26,12605470.85,146324,104.55645184658702,86.14766442962193
2023,4,Salamanca,6,Castellana,046,15299118.26,12605470.85,146324,104.55645184658702,86.14766442962193
2023,5,Chamartin,1,El Viso,051,19412228.63,18323624.39,145289,133.611138007695,126.1184562492687
2023,5,Chamartin,2,Prosperidad,052,19412228.63,18323624.39,145289,133.611138007695,126.1184562492687
2023,5,Chamartin,3,Ciudad Jardín,053,19412228.63,18323624.39,145289,133.611138007695,126.1184562492687
2023,5,Chamartin,4,Hispanoamérica,054,19412228.63,18323624.39,145289,133.611138007695,126.1184562492687
2023,5,Chamartin,5,Nueva España,055,19412228.63,18323624.39,145289,133.611138007695,126.1184562492687
2023,5,Chamartin,6,Castilla,056,19412228.63,18323624.39,145289,133.611138007695,126.1184562492687
2023,6,Tetuan,1,Bellas Vistas,061,23618221.81,17810256.22,160745,146.9297446887928,110.79819726896636
2023,6,Tetuan,2,Cuatro Caminos,062,23618221.81,17810256.22,160745,146.9297446887928,110.79819726896636
2023,6,Tetuan,3,Castillejos,063,23618221.81,17810256.22,160745,146.9297446887928,110.79819726896636
2023,6,Tetuan,4,Almenara,064,23618221.81,17810256.22,160745,146.9297446887928,110.79819726896636
2023,6,Tetuan,5,Valdeacederas,065,23618221.81,17810256.22,160745,146.9297446887928,110.79819726896636
2023,6,Tetuan,6,Berruguete,066,23618221.81,17810256.22,160745,146.9297446887928,110.79819726896636
2023,7,Chamberi,1,Gaztambide,071,9980900.46,8683253.46,138779,71.91938593014794,62.568929448980036
2023,7,Chamberi,2,Arapiles,072,9980900.46,8683253.46,138779,71.91938593014794,62.568929448980036
2023,7,Chamberi,3,Trafalgar,073,9980900.46,8683253.46,138779,71.91938593014794,62.568929448980036
2023,7,Chamberi,4,Almagro,074,9980900.46,8683253.46,138779,71.91938593014794,62.568929448980036
2023,7,Chamberi,5,Ríos Rosas,075,9980900.46,8683253.46,138779,71.91938593014794,62.568929448980036
2023,7,Chamberi,6,Vallehermoso,076,9980900.46,8683253.46,138779,71.91938593014794,62.568929448980036
2023,8,Fuencarral-El Pardo,1,El Pardo,081,53551687.63,46763354.41,248428,215.56220566924824,188.23705222438693
2023,8,Fuencarral-El Pardo,2,Fuentelarreina,082,53551687.63,46763354.41,248428,215.56220566924824,188.23705222438693
2023,8,Fuencarral-El Pardo,3,Peñagrande,083,53551687.63,46763354.41,248428,215.56220566924824,188.23705222438693
2023,8,Fuencarral-El Pardo,4,Pilar,084,53551687.63,46763354.41,248428,215.56220566924824,188.23705222438693
2023,8,Fuencarral-El Pardo,5,La Paz,085,53551687.63,46763354.41,248428,215.56220566924824,188.23705222438693
2023,8,Fuencarral-El Pardo,6,Valverde,086,53551687.63,46763354.41,248428,215.56220566924824,188.23705222438693
2023,8,Fuencarral-El Pardo,7,Mirasierra,087,53551687.63,46763354.41,248428,215.56220566924824,188.23705222438693
2023,8,Fuencarral-El Pardo,8,El Goloso,088,53551687.63,46763354.41,248428,215.56220566924824,188.23705222438693
2023,9,Moncloa-Aravaca,1,Casa de Campo,091,25930551.15,20401235.39,122240,212.12819985274868,166.89492302028796
2023,9,Moncloa-Aravaca,2,Argüelles,092,25930551.15,20401235.39,122240,212.12819985274868,166.89492302028796
2023,9,Moncloa-Aravaca,3,Ciudad Universitaria,093,25930551.15,20401235.39,122240,212.12819985274868,166.89492302028796
2023,9,Moncloa-Aravaca,4,Valdezarza,094,25930551.15,20401235.39,122240,212.12819985274868,166.89492302028796
2023,9,Moncloa-Aravaca,5,Valdemarín,095,25930551.15,20401235.39,122240,212.12819985274868,166.89492302028796
2023,9,Moncloa-Aravaca,6,El Plantío,096,25930551.15,20401235.39,122240,212.12819985274868,166.89492302028796
2023,9,Moncloa-Aravaca,7,Aravaca,097,25930551.15,20401235.39,122240,212.12819985274868,166.89492302028796
2023,10,Latina,1,Los Cármenes,101,20423744.54,17388830.28,241830,84.45496646404499,71.90518248356284
2023,10,Latina,2,Puerta del Angel,102,20423744.54,17388830.28,241830,84.45496646404499,71.90518248356284
2023,10,Latina,3,Lucero,103,20423744.54,17388830.28,241830,84.45496646404499,71.90518248356284
2023,10,Latina,4,Aluche,104,20423744.54,17388830.28,241830,84.45496646404499,71.90518248356284
2023,10,Latina,5,Campamento,105,20423744.54,17388830.28,241830,84.45496646404499,71.90518248356284
2023,10,Latina,6,Cuatro Vientos,106,20423744.54,17388830.28,241830,84.45496646404499,71.90518248356284
2023,10,Latina,7,Águilas,107,20423744.54,17388830.28,241830,84.45496646404499,71.90518248356284
2023,11,Carabanchel,1,Comillas,111,19193589.36,17296885.65,263409,72.86611072514606,65.66550744279807
2023,11,Carabanchel,2,Opañel,112,19193589.36,17296885.65,263409,72.86611072514606,65.66550744279807
2023,11,Carabanchel,3,San Isidro,113,19193589.36,17296885.65,263409,72.86611072514606,65.66550744279807
2023,11,Carabanchel,4,Vista Alegre,114,19193589.36,17296885.65,263409,72.86611072514606,65.66550744279807
2023,11,Carabanchel,5,Puerta Bonita,115,19193589.36,17296885.65,263409,72.86611072514606,65.66550744279807
2023,11,Carabanchel,6,Buenavista,116,19193589.36,17296885.65,263409,72.86611072514606,65.66550744279807
2023,11,Carabanchel,7,Abrantes,117,19193589.36,17296885.65,263409,72.86611072514606,65.66550744279807
2023,12,Usera,1,Orcasitas,121,33086897.37,23988189.73,143357,230.80070990603878,167.33183402275438
2023,12,Usera,2,Orcasur,122,33086897.37,23988189.73,143357,230.80070990603878,167.33183402275438
2023,12,Usera,3,San Fermín,123,33086897.37,23988189.73,143357,230.80070990603878,167.33183402275438
2023,12,Usera,4,Almendrales,124,33086897.37,23988189.73,143357,230.80070990603878,167.33183402275438
2023,12,Usera,5,Moscardó,125,33086897.37,23988189.73,143357,230.80070990603878,167.33183402275438
2023,12,Usera,6,Zofío,126,33086897.37,23988189.73,143357,230.80070990603878,167.33183402275438
2023,12,Usera,7,Pradolongo,127,33086897.37,23988189.73,143357,230.80070990603878,167.33183402275438
2023,13,Puente de Vallecas,1,Entrevías,131,24398858.66,20562770.19,242524,100.60389347033696,84.78653737362076
2023,13,Puente de Vallecas,2,San Diego,132,24398858.66,20562770.19,242524,100.60389347033696,84.78653737362076
2023,13,Puente de Vallecas,3,Palomeras Bajas,133,24398858.66,20562770.19,242524,100.60389347033696,84.78653737362076
2023,13,Puente de Vallecas,4,Palomeras Sureste,134,24398858.66,20562770.19,242524,100.60389347033696,84.78653737362076
2023,13,Puente de Vallecas,5,Portazgo,135,24398858.66,20562770.19,242524,100.60389347033696,84.78653737362076
2023,13,Puente de Vallecas,6,Numancia,136,24398858.66,20562770.19,242524,100.60389347033696,84.78653737362076
2023,14,Moratalaz,1,Pavones,141,10838443,9996744.09,92600,117.04582073434125,107.95619967602592
2023,14,Moratalaz,2,Horcajo,142,10838443,9996744.09,92600,117.04582073434125,107.95619967602592
2023,14,Moratalaz,3,Marroquina,143,10838443,9996744.09,92600,117.04582073434125,107.95619967602592
2023,14,Moratalaz,4,Media Legua,144,10838443,9996744.09,92600,117.04582073434125,107.95619967602592
2023,14,Moratalaz,5,Fontarrón,145,10838443,9996744.09,92600,117.04582073434125,107.95619967602592
2023,14,Moratalaz,6,Vinateros,146,10838443,9996744.09,92600,117.04582073434125,107.95619967602592
2023,15,Ciudad Lineal,1,Ventas,151,24649065.42,22857233.39,221199,111.43389174453773,103.33334865889991
2023,15,Ciudad Lineal,2,Pueblo Nuevo,152,24649065.42,22857233.39,221199,111.43389174453773,103.33334865889991
2023,15,Ciudad Lineal,3,Quintana,153,24649065.42,22857233.39,221199,111.43389174453773,103.33334865889991
2023,15,Ciudad Lineal,4,La Concepción,154,24649065.42,22857233.39,221199,111.43389174453773,103.33334865889991
2023,15,Ciudad Lineal,5,San Pascual,155,24649065.42,22857233.39,221199,111.43389174453773,103.33334865889991
2023,15,Ciudad Lineal,6,San Juan Bautista,156,24649065.42,22857233.39,221199,111.43389174453773,103.33334865889991
2023,15,Ciudad Lineal,7,Colina,157,24649065.42,22857233.39,221199,111.43389174453773,103.33334865889991
2023,15,Ciudad Lineal,8,Atalaya,158,24649065.42,22857233.39,221199,111.43389174453773,103.33334865889991
2023,15,Ciudad Lineal,9,Costillares,159,24649065.42,22857233.39,221199,111.43389174453773,103.33334865889991
2023,16,Hortaleza,1,Palomas,161,26955880.64,24144717.03,198887,135.53364795084647,121.39917153961798
2023,16,Hortaleza,2,Piovera,162,26955880.64,24144717.03,198887,135.53364795084647,121.39917153961798
2023,16,Hortaleza,3,Canillas,163,26955880.64,24144717.03,198887,135.53364795084647,121.39917153961798
2023,16,Hortaleza,4,Pinar del Rey,164,26955880.64,24144717.03,198887,135.53364795084647,121.39917153961798
2023,16,Hortaleza,5,Apóstol Santiago,165,26955880.64,24144717.03,198887,135.53364795084647,121.39917153961798
2023,16,Hortaleza,6,Valdefuentes,166,26955880.64,24144717.03,198887,135.53364795084647,121.39917153961798
2023,17,Villaverde,1,"Villaverde Alto, Casco Histórico de Villaverde",171,34748992.32,32835926.91,159663,217.6396054189136,205.657709738637
2023,17,Villaverde,2,San Cristóbal,172,34748992.32,32835926.91,159663,217.6396054189136,205.657709738637
2023,17,Villaverde,3,Butarque,173,34748992.32,32835926.91,159663,217.6396054189136,205.657709738637
2023,17,Villaverde,4,Los Rosales,174,34748992.32,32835926.91,159663,217.6396054189136,205.657709738637
2023,17,Villaverde,5,Ángeles,175,34748992.32,32835926.91,159663,217.6396054189136,205.657709738637
2023,18,Villa de Vallecas,1,Casco Histórico de Vallecas,181,53509050.95,49777701.72,117857,454.01674020210936,422.35676896578053
2023,18,Villa de Vallecas,2,Santa Eugenia,182,53509050.95,49777701.72,117857,454.01674020210936,422.35676896578053
2023,18,Villa de Vallecas,3,Ensanche de Vallecas,183,53509050.95,49777701.72,117857,454.01674020210936,422.35676896578053
2023,19,Vicalvaro,1,Casco Histórico de Vicálvaro,191,34629923.38,27050367.3,83837,413.0625306249031,322.6542851008505
2023,19,Vicalvaro,2,Valdebernardo,192,34629923.38,27050367.3,83837,413.0625306249031,322.6542851008505
2023,19,Vicalvaro,3,Valderrivas,193,34629923.38,27050367.3,83837,413.0625306249031,322.6542851008505
2023,19,Vicalvaro,4,El Cañaveral,194,34629923.38,27050367.3,83837,413.0625306249031,322.6542851008505
2023,20,San Blas-Canillejas,1,Simancas,201,16169950.06,12469388.49,161015,100.42511604508897,77.44240281961308
2023,20,San Blas-Canillejas,2,Hellín,202,16169950.06,12469388.49,161015,100.42511604508897,77.44240281961308
2023,20,San Blas-Canillejas,3,Amposta,203,16169950.06,12469388.49,161015,100.42511604508897,77.44240281961308
2023,20,San Blas-Canillejas,4,Arcos,204,16169950.06,12469388.49,161015,100.42511604508897,77.44240281961308
2023,20,San Blas-Canillejas,5,Rosas,205,16169950.06,12469388.49,161015,100.42511604508897,77.44240281961308
2023,20,San Blas-Canillejas,6,Rejas,206,16169950.06,12469388.49,161015,100.42511604508897,77.44240281961308
2023,20,San Blas-Canillejas,7,Canillejas,207,16169950.06,12469388.49,161015,100.42511604508897,77.44240281961308
2023,20,San Blas-Canillejas,8,El Salvador,208,16169950.06,12469388.49,161015,100.42511604508897,77.44240281961308
2023,21,Barajas,1,Alameda de Osuna,211,56834675.8,51510293.36,48801,1164.6211307145345,1055.5171689104732
2023,21,Barajas,2,Aeropuerto,212,56834675.8,51510293.36,48801,1164.6211307145345,1055.5171689104732
2023,21,Barajas,3,Casco Histórico de Barajas,213,56834675.8,51510293.36,48801,1164.6211307145345,1055.5171689104732
2023,21,Barajas,4,Timón,214,56834675.8,51510293.36,48801,1164.6211307145345,1055.5171689104732
2023,21,Barajas,5,Corralejos,215,56834675.8,51510293.36,48801,1164.6211307145345,1055.5171689104732
