anio,distrito_num,distrito_nombre,barrio_num,barrio_nombre,codigo_barrio,poblacion_total_distrito_nac,poblacion_idh_alto_distrito,pct_poblacion_idh_alto_distrito
2017,1,Centro,1,Palacio,011,131928,21413,0.16230822873082287
2017,1,Centro,2,Embajadores,012,131928,21413,0.16230822873082287
2017,1,Centro,3,Cortes,013,131928,21413,0.16230822873082287
2017,1,Centro,4,Justicia,014,131928,21413,0.16230822873082287
2017,1,Centro,5,Universidad,015,131928,21413,0.16230822873082287
2017,1,Centro,6,Sol,016,131928,21413,0.16230822873082287
2017,2,Arganzuela,1,Imperial,021,151965,11966,0.07874181554963314
2017,2,Arganzuela,2,Acacias,022,151965,11966,0.07874181554963314
2017,2,Arganzuela,3,Chopera,023,151965,11966,0.07874181554963314
2017,2,Arganzuela,4,Legazpi,024,151965,11966,0.07874181554963314
2017,2,Arganzuela,5,Delicias,025,151965,11966,0.07874181554963314
2017,2,Arganzuela,6,Palos de la Frontera,026,151965,11966,0.07874181554963314
2017,2,Arganzuela,7,Atocha,027,151965,11966,0.07874181554963314
2017,3,Retiro,1,Pacífico,031,118516,7159,0.060405346113604916
2017,3,Retiro,2,Adelfas,032,118516,7159,0.060405346113604916
2017,3,Retiro,3,Estrella,033,118516,7159,0.060405346113604916
2017,3,Retiro,4,Ibiza,034,118516,7159,0.060405346113604916
2017,3,Retiro,5,Los Jerónimos,035,118516,7159,0.060405346113604916
2017,3,Retiro,6,Niño Jesús,036,118516,7159,0.060405346113604916
2017,4,Salamanca,1,Recoletos,041,143800,15109,0.10506954102920724
2017,4,Salamanca,2,Goya,042,143800,15109,0.10506954102920724
2017,4,Salamanca,3,Fuente del Berro,043,143800,15109,0.10506954102920724
2017,4,Salamanca,4,Guindalera,044,143800,15109,0.10506954102920724
2017,4,Salamanca,5,Lista,045,143800,15109,0.10506954102920724
2017,4,Salamanca,6,Castellana,046,143800,15109,0.10506954102920724
2017,5,Chamartin,1,El Viso,051,143424,10822,0.07545459616242749
2017,5,Chamartin,2,Prosperidad,052,143424,10822,0.07545459616242749
2017,5,Chamartin,3,Ciudad Jardín,053,143424,10822,0.07545459616242749
2017,5,Chamartin,4,Hispanoamérica,054,143424,10822,0.07545459616242749
2017,5,Chamartin,5,Nueva España,055,143424,10822,0.07545459616242749
2017,5,Chamartin,6,Castilla,056,143424,10822,0.07545459616242749
2017,6,Tetuan,1,Bellas Vistas,061,153789,19485,0.12669956888984257
2017,6,Tetuan,2,Cuatro Caminos,062,153789,19485,0.12669956888984257
2017,6,Tetuan,3,Castillejos,063,153789,19485,0.12669956888984257
2017,6,Tetuan,4,Almenara,064,153789,19485,0.12669956888984257
2017,6,Tetuan,5,Valdeacederas,065,153789,19485,0.12669956888984257
2017,6,Tetuan,6,Berruguete,066,153789,19485,0.12669956888984257
2017,7,Chamberi,1,Gaztambide,071,137401,12344,0.0898392296999294
2017,7,Chamberi,2,Arapiles,072,137401,12344,0.0898392296999294
2017,7,Chamberi,3,Trafalgar,073,137401,12344,0.0898392296999294
2017,7,Chamberi,4,Almagro,074,137401,12344,0.0898392296999294
2017,7,Chamberi,5,Ríos Rosas,075,137401,12344,0.0898392296999294
2017,7,Chamberi,6,Vallehermoso,076,137401,12344,0.0898392296999294
2017,8,Fuencarral-El Pardo,1,El Pardo,081,238756,14912,0.062457069141717905
2017,8,Fuencarral-El Pardo,2,Fuentelarreina,082,238756,14912,0.062457069141717905
2017,8,Fuencarral-El Pardo,3,Peñagrande,083,238756,14912,0.062457069141717905
2017,8,Fuencarral-El Pardo,4,Pilar,084,238756,14912,0.062457069141717905
2017,8,Fuencarral-El Pardo,5,La Paz,085,238756,14912,0.062457069141717905
2017,8,Fuencarral-El Pardo,6,Valverde,086,238756,14912,0.062457069141717905
2017,8,Fuencarral-El Pardo,7,Mirasierra,087,238756,14912,0.062457069141717905
2017,8,Fuencarral-El Pardo,8,El Goloso,088,238756,14912,0.062457069141717905
2017,9,Moncloa-Aravaca,1,Casa de Campo,091,116903,9785,0.08370187249257932
2017,9,Moncloa-Aravaca,2,Argüelles,092,116903,9785,0.08370187249257932
2017,9,Moncloa-Aravaca,3,Ciudad Universitaria,093,116903,9785,0.08370187249257932
2017,9,Moncloa-Aravaca,4,Valdezarza,094,116903,9785,0.08370187249257932
2017,9,Moncloa-Aravaca,5,Valdemarín,095,116903,9785,0.08370187249257932
2017,9,Moncloa-Aravaca,6,El Plantío,096,116903,9785,0.08370187249257932
2017,9,Moncloa-Aravaca,7,Aravaca,097,116903,9785,0.08370187249257932
2017,10,Latina,1,Los Cármenes,101,233808,26776,0.11452131663587217
2017,10,Latina,2,Puerta del Angel,102,233808,26776,0.11452131663587217
2017,10,Latina,3,Lucero,103,233808,26776,0.11452131663587217
2017,10,Latina,4,Aluche,104,233808,26776,0.11452131663587217
2017,10,Latina,5,Campamento,105,233808,26776,0.11452131663587217
2017,10,Latina,6,Cuatro Vientos,106,233808,26776,0.11452131663587217
2017,10,Latina,7,Águilas,107,233808,26776,0.11452131663587217
2017,11,Carabanchel,1,Comillas,111,243998,33678,0.13802572152230755
2017,11,Carabanchel,2,Opañel,112,243998,33678,0.13802572152230755
2017,11,Carabanchel,3,San Isidro,113,243998,33678,0.13802572152230755
2017,11,Carabanchel,4,Vista Alegre,114,243998,33678,0.13802572152230755
2017,11,Carabanchel,5,Puerta Bonita,115,243998,33678,0.13802572152230755
2017,11,Carabanchel,6,Buenavista,116,243998,33678,0.13802572152230755
2017,11,Carabanchel,7,Abrantes,117,243998,33678,0.13802572152230755
2017,12,Usera,1,Orcasitas,121,134791,22865,0.1696329873656253
2017,12,Usera,2,Orcasur,122,134791,22865,0.1696329873656253
2017,12,Usera,3,San Fermín,123,134791,22865,0.1696329873656253
2017,12,Usera,4,Almendrales,124,134791,22865,0.1696329873656253
2017,12,Usera,5,Moscardó,125,134791,22865,0.1696329873656253
2017,12,Usera,6,Zofío,126,134791,22865,0.1696329873656253
2017,12,Usera,7,Pradolongo,127,134791,22865,0.1696329873656253
2017,13,Puente de Vallecas,1,Entrevías,131,227595,26108,0.1147125376216525
2017,13,Puente de Vallecas,2,San Diego,132,227595,26108,0.1147125376216525
2017,13,Puente de Vallecas,3,Palomeras Bajas,133,227595,26108,0.1147125376216525
2017,13,Puente de Vallecas,4,Palomeras Sureste,134,227595,26108,0.1147125376216525
2017,13,Puente de Vallecas,5,Portazgo,135,227595,26108,0.1147125376216525
2017,13,Puente de Vallecas,6,Numancia,136,227595,26108,0.1147125376216525
2017,14,Moratalaz,1,Pavones,141,94197,6564,0.0696837478900602
2017,14,Moratalaz,2,Horcajo,142,94197,6564,0.0696837478900602
2017,14,Moratalaz,3,Marroquina,143,94197,6564,0.0696837478900602
2017,14,Moratalaz,4,Media Legua,144,94197,6564,0.0696837478900602
2017,14,Moratalaz,5,Fontarrón,145,94197,6564,0.0696837478900602
2017,14,Moratalaz,6,Vinateros,146,94197,6564,0.0696837478900602
2017,15,Ciudad Lineal,1,Ventas,151,212529,22679,0.10671014308635528
2017,15,Ciudad Lineal,2,Pueblo Nuevo,152,212529,22679,0.10671014308635528
2017,15,Ciudad Lineal,3,Quintana,153,212529,22679,0.10671014308635528
2017,15,Ciudad Lineal,4,La Concepción,154,212529,22679,0.10671014308635528
2017,15,Ciudad Lineal,5,San Pascual,155,212529,22679,0.10671014308635528
2017,15,Ciudad Lineal,6,San Juan Bautista,156,212529,22679,0.10671014308635528
2017,15,Ciudad Lineal,7,Colina,157,212529,22679,0.10671014308635528
2017,15,Ciudad Lineal,8,Atalaya,158,212529,22679,0.10671014308635528
2017,15,Ciudad Lineal,9,Costillares,159,212529,22679,0.10671014308635528
2017,16,Hortaleza,1,Palomas,161,180462,14289,0.07918010439870998
2017,16,Hortaleza,2,Piovera,162,180462,14289,0.07918010439870998
2017,16,Hortaleza,3,Canillas,163,180462,14289,0.07918010439870998
2017,16,Hortaleza,4,Pinar del Rey,164,180462,14289,0.07918010439870998
2017,16,Hortaleza,5,Apóstol Santiago,165,180462,14289,0.07918010439870998
2017,16,Hortaleza,6,Valdefuentes,166,180462,14289,0.07918010439870998
2017,17,Villaverde,1,"Villaverde Alto, Casco Histórico de Villaverde",171,142608,17506,0.12275608661505666
2017,17,Villaverde,2,San Cristóbal,172,142608,17506,0.12275608661505666
2017,17,Villaverde,3,Butarque,173,142608,17506,0.12275608661505666
2017,17,Villaverde,4,Los Rosales,174,142608,17506,0.12275608661505666
2017,17,Villaverde,5,Ángeles,175,142608,17506,0.12275608661505666
2017,18,Villa de Vallecas,1,Casco Histórico de Vallecas,181,104421,8757,0.08386244146292413
2017,18,Villa de Vallecas,2,Santa Eugenia,182,104421,8757,0.08386244146292413
2017,19,Vicalvaro,1,Casco Histórico de Vicálvaro,191,70051,6446,0.09201867211031962
2017,19,Vicalvaro,2,Valdebernardo,192,70051,6446,0.09201867211031962
2017,20,San Blas-Canillejas,1,Simancas,201,154357,13645,0.08839897121607701
2017,20,San Blas-Canillejas,2,Hellín,202,154357,13645,0.08839897121607701
2017,20,San Blas-Canillejas,3,Amposta,203,154357,13645,0.08839897121607701
2017,20,San Blas-Canillejas,4,Arcos,204,154357,13645,0.08839897121607701
2017,20,San Blas-Canillejas,5,Rosas,205,154357,13645,0.08839897121607701
2017,20,San Blas-Canillejas,6,Rejas,206,154357,13645,0.08839897121607701
2017,20,San Blas-Canillejas,7,Canillejas,207,154357,13645,0.08839897121607701
2017,20,San Blas-Canillejas,8,El Salvador,208,154357,13645,0.08839897121607701
2017,21,Barajas,1,Alameda de Osuna,211,46876,3495,0.07455840942059903
2017,21,Barajas,2,Aeropuerto,212,46876,3495,0.07455840942059903
2017,21,Barajas,3,Casco Histórico de Barajas,213,46876,3495,0.07455840942059903
2017,21,Barajas,4,Timón,214,46876,3495,0.07455840942059903
2017,21,Barajas,5,Corralejos,215,46876,3495,0.07455840942059903
2018,1,Centro,1,Palacio,011,132352,23624,0.17849371373307543
2018,1,Centro,2,Embajadores,012,132352,23624,0.17849371373307543
2018,1,Centro,3,Cortes,013,132352,23624,0.17849371373307543
2018,1,Centro,4,Justicia,014,132352,23624,0.17849371373307543
2018,1,Centro,5,Universidad,015,132352,23624,0.17849371373307543
2018,1,Centro,6,Sol,016,132352,23624,0.17849371373307543
2018,2,Arganzuela,1,Imperial,021,152907,12860,0.0841034092618389
2018,2,Arganzuela,2,Acacias,022,152907,12860,0.0841034092618389
2018,2,Arganzuela,3,Chopera,023,152907,12860,0.0841034092618389
2018,2,Arganzuela,4,Legazpi,024,152907,12860,0.0841034092618389
2018,2,Arganzuela,5,Delicias,025,152907,12860,0.0841034092618389
2018,2,Arganzuela,6,Palos de la Frontera,026,152907,12860,0.0841034092618389
2018,2,Arganzuela,7,Atocha,027,152907,12860,0.0841034092618389
2018,3,Retiro,1,Pacífico,031,119011,7659,0.06435539571972339
2018,3,Retiro,2,Adelfas,032,119011,7659,0.06435539571972339
2018,3,Retiro,3,Estrella,033,119011,7659,0.06435539571972339
2018,3,Retiro,4,Ibiza,034,119011,7659,0.06435539571972339
2018,3,Retiro,5,Los Jerónimos,035,119011,7659,0.06435539571972339
2018,3,Retiro,6,Niño Jesús,036,119011,7659,0.06435539571972339
2018,4,Salamanca,1,Recoletos,041,145268,16721,0.11510449651678277
2018,4,Salamanca,2,Goya,042,145268,16721,0.11510449651678277
2018,4,Salamanca,3,Fuente del Berro,043,145268,16721,0.11510449651678277
2018,4,Salamanca,4,Guindalera,044,145268,16721,0.11510449651678277
2018,4,Salamanca,5,Lista,045,145268,16721,0.11510449651678277
2018,4,Salamanca,6,Castellana,046,145268,16721,0.11510449651678277
2018,5,Chamartin,1,El Viso,051,144894,11812,0.08152166411307576
2018,5,Chamartin,2,Prosperidad,052,144894,11812,0.08152166411307576
2018,5,Chamartin,3,Ciudad Jardín,053,144894,11812,0.08152166411307576
2018,5,Chamartin,4,Hispanoamérica,054,144894,11812,0.08152166411307576
2018,5,Chamartin,5,Nueva España,055,144894,11812,0.08152166411307576
2018,5,Chamartin,6,Castilla,056,144894,11812,0.08152166411307576
2018,6,Tetuan,1,Bellas Vistas,061,155967,24732,0.15857200561657273
2018,6,Tetuan,2,Cuatro Caminos,062,155967,24732,0.15857200561657273
2018,6,Tetuan,3,Castillejos,063,155967,24732,0.15857200561657273
2018,6,Tetuan,4,Almenara,064,155967,24732,0.15857200561657273
2018,6,Tetuan,5,Valdeacederas,065,155967,24732,0.15857200561657273
2018,6,Tetuan,6,Berruguete,066,155967,24732,0.15857200561657273
2018,7,Chamberi,1,Gaztambide,071,138418,13610,0.0983253623083703
2018,7,Chamberi,2,Arapiles,072,138418,13610,0.0983253623083703
2018,7,Chamberi,3,Trafalgar,073,138418,13610,0.0983253623083703
2018,7,Chamberi,4,Almagro,074,138418,13610,0.0983253623083703
2018,7,Chamberi,5,Ríos Rosas,075,138418,13610,0.0983253623083703
2018,7,Chamberi,6,Vallehermoso,076,138418,13610,0.0983253623083703
2018,8,Fuencarral-El Pardo,1,El Pardo,081,242928,16610,0.06837416847790292
2018,8,Fuencarral-El Pardo,2,Fuentelarreina,082,242928,16610,0.06837416847790292
2018,8,Fuencarral-El Pardo,3,Peñagrande,083,242928,16610,0.06837416847790292
2018,8,Fuencarral-El Pardo,4,Pilar,084,242928,16610,0.06837416847790292
2018,8,Fuencarral-El Pardo,5,La Paz,085,242928,16610,0.06837416847790292
2018,8,Fuencarral-El Pardo,6,Valverde,086,242928,16610,0.06837416847790292
2018,8,Fuencarral-El Pardo,7,Mirasierra,087,242928,16610,0.06837416847790292
2018,8,Fuencarral-El Pardo,8,El Goloso,088,242928,16610,0.06837416847790292
2018,9,Moncloa-Aravaca,1,Casa de Campo,091,117835,10456,0.08873424704035304
2018,9,Moncloa-Aravaca,2,Argüelles,092,117835,10456,0.08873424704035304
2018,9,Moncloa-Aravaca,3,Ciudad Universitaria,093,117835,10456,0.08873424704035304
2018,9,Moncloa-Aravaca,4,Valdezarza,094,117835,10456,0.08873424704035304
2018,9,Moncloa-Aravaca,5,Valdemarín,095,117835,10456,0.08873424704035304
2018,9,Moncloa-Aravaca,6,El Plantío,096,117835,10456,0.08873424704035304
2018,9,Moncloa-Aravaca,7,Aravaca,097,117835,10456,0.08873424704035304
2018,10,Latina,1,Los Cármenes,101,235785,28929,0.12269228322412368
2018,10,Latina,2,Puerta del Angel,102,235785,28929,0.12269228322412368
2018,10,Latina,3,Lucero,103,235785,28929,0.12269228322412368
2018,10,Latina,4,Aluche,104,235785,28929,0.12269228322412368
2018,10,Latina,5,Campamento,105,235785,28929,0.12269228322412368
2018,10,Latina,6,Cuatro Vientos,106,235785,28929,0.12269228322412368
2018,10,Latina,7,Águilas,107,235785,28929,0.12269228322412368
2018,11,Carabanchel,1,Comillas,111,248220,36534,0.14718394972202078
2018,11,Carabanchel,2,Opañel,112,248220,36534,0.14718394972202078
2018,11,Carabanchel,3,San Isidro,113,248220,36534,0.14718394972202078
2018,11,Carabanchel,4,Vista Alegre,114,248220,36534,0.14718394972202078
2018,11,Carabanchel,5,Puerta Bonita,115,248220,36534,0.14718394972202078
2018,11,Carabanchel,6,Buenavista,116,248220,36534,0.14718394972202078
2018,11,Carabanchel,7,Abrantes,117,248220,36534,0.14718394972202078
2018,12,Usera,1,Orcasitas,121,136978,24939,0.18206573318343092
2018,12,Usera,2,Orcasur,122,136978,24939,0.18206573318343092
2018,12,Usera,3,San Fermín,123,136978,24939,0.18206573318343092
2018,12,Usera,4,Almendrales,124,136978,24939,0.18206573318343092
2018,12,Usera,5,Moscardó,125,136978,24939,0.18206573318343092
2018,12,Usera,6,Zofío,126,136978,24939,0.18206573318343092
2018,12,Usera,7,Pradolongo,127,136978,24939,0.18206573318343092
2018,13,Puente de Vallecas,1,Entrevías,131,230488,28448,0.12342508069834439
2018,13,Puente de Vallecas,2,San Diego,132,230488,28448,0.12342508069834439
2018,13,Puente de Vallecas,3,Palomeras Bajas,133,230488,28448,0.12342508069834439
2018,13,Puente de Vallecas,4,Palomeras Sureste,134,230488,28448,0.12342508069834439
2018,13,Puente de Vallecas,5,Portazgo,135,230488,28448,0.12342508069834439
2018,13,Puente de Vallecas,6,Numancia,136,230488,28448,0.12342508069834439
2018,14,Moratalaz,1,Pavones,141,94261,6933,0.0735510974846437
2018,14,Moratalaz,2,Horcajo,142,94261,6933,0.0735510974846437
2018,14,Moratalaz,3,Marroquina,143,94261,6933,0.0735510974846437
2018,14,Moratalaz,4,Media Legua,144,94261,6933,0.0735510974846437
2018,14,Moratalaz,5,Fontarrón,145,94261,6933,0.0735510974846437
2018,14,Moratalaz,6,Vinateros,146,94261,6933,0.0735510974846437
2018,15,Ciudad Lineal,1,Ventas,151,214463,24652,0.11494756671313933
2018,15,Ciudad Lineal,2,Pueblo Nuevo,152,214463,24652,0.11494756671313933
2018,15,Ciudad Lineal,3,Quintana,153,214463,24652,0.11494756671313933
2018,15,Ciudad Lineal,4,La Concepción,154,214463,24652,0.11494756671313933
2018,15,Ciudad Lineal,5,San Pascual,155,214463,24652,0.11494756671313933
2018,15,Ciudad Lineal,6,San Juan Bautista,156,214463,24652,0.11494756671313933
2018,15,Ciudad Lineal,7,Colina,157,214463,24652,0.11494756671313933
2018,15,Ciudad Lineal,8,Atalaya,158,214463,24652,0.11494756671313933
2018,15,Ciudad Lineal,9,Costillares,159,214463,24652,0.11494756671313933
2018,16,Hortaleza,1,Palomas,161,183930,15592,0.08477138041646279
2018,16,Hortaleza,2,Piovera,162,183930,15592,0.08477138041646279
2018,16,Hortaleza,3,Canillas,163,183930,15592,0.08477138041646279
2018,16,Hortaleza,4,Pinar del Rey,164,183930,15592,0.08477138041646279
2018,16,Hortaleza,5,Apóstol Santiago,165,183930,15592,0.08477138041646279
2018,16,Hortaleza,6,Valdefuentes,166,183930,15592,0.08477138041646279
2018,17,Villaverde,1,"Villaverde Alto, Casco Histórico de Villaverde",171,145523,19168,0.13171801021144425
2018,17,Villaverde,2,San Cristóbal,172,145523,19168,0.13171801021144425
2018,17,Villaverde,3,Butarque,173,145523,19168,0.13171801021144425
2018,17,Villaverde,4,Los Rosales,174,145523,19168,0.13171801021144425
2018,17,Villaverde,5,Ángeles,175,145523,19168,0.13171801021144425
2018,18,Villa de Vallecas,1,Casco Histórico de Vallecas,181,107649,9555,0.08876069447927988
2018,18,Villa de Vallecas,2,Santa Eugenia,182,107649,9555,0.08876069447927988
2018,18,Villa de Vallecas,3,Ensanche de Vallecas,183,107649,9555,0.08876069447927988
2018,19,Vicalvaro,1,Casco Histórico de Vicálvaro,191,70962,6715,0.09462811081987543
2018,19,Vicalvaro,2,Valdebernardo,192,70962,6715,0.09462811081987543
2018,19,Vicalvaro,3,Valderrivas,193,70962,6715,0.09462811081987543
2018,19,Vicalvaro,4,El Cañaveral,194,70962,6715,0.09462811081987543
2018,20,San Blas-Canillejas,1,Simancas,201,156149,15086,0.09661285054659331
2018,20,San Blas-Canillejas,2,Hellín,202,156149,15086,0.09661285054659331
2018,20,San Blas-Canillejas,3,Amposta,203,156149,15086,0.09661285054659331
2018,20,San Blas-Canillejas,4,Arcos,204,156149,15086,0.09661285054659331
2018,20,San Blas-Canillejas,5,Rosas,205,156149,15086,0.09661285054659331
2018,20,San Blas-Canillejas,6,Rejas,206,156149,15086,0.09661285054659331
2018,20,San Blas-Canillejas,7,Canillejas,207,156149,15086,0.09661285054659331
2018,20,San Blas-Canillejas,8,El Salvador,208,156149,15086,0.09661285054659331
2018,21,Barajas,1,Alameda de Osuna,211,47836,3674,0.07680408060874655
2018,21,Barajas,2,Aeropuerto,212,47836,3674,0.07680408060874655
2018,21,Barajas,3,Casco Histórico de Barajas,213,47836,3674,0.07680408060874655
2018,21,Barajas,4,Timón,214,47836,3674,0.07680408060874655
2018,21,Barajas,5,Corralejos,215,47836,3674,0.07680408060874655
2019,1,Centro,1,Palacio,011,134881,25087,0.18599357952565596
2019,1,Centro,2,Embajadores,012,134881,25087,0.18599357952565596
2019,1,Centro,3,Cortes,013,134881,25087,0.18599357952565596
2019,1,Centro,4,Justicia,014,134881,25087,0.18599357952565596
2019,1,Centro,5,Universidad,015,134881,25087,0.18599357952565596
2019,1,Centro,6,Sol,016,134881,25087,0.18599357952565596
2019,2,Arganzuela,1,Imperial,021,153830,13448,0.08742117922381851
2019,2,Arganzuela,2,Acacias,022,153830,13448,0.08742117922381851
2019,2,Arganzuela,3,Chopera,023,153830,13448,0.08742117922381851
2019,2,Arganzuela,4,Legazpi,024,153830,13448,0.08742117922381851
2019,2,Arganzuela,5,Delicias,025,153830,13448,0.08742117922381851
2019,2,Arganzuela,6,Palos de la Frontera,026,153830,13448,0.08742117922381851
2019,2,Arganzuela,7,Atocha,027,153830,13448,0.08742117922381851
2019,3,Retiro,1,Pacífico,031,119379,8368,0.07009608055018052
2019,3,Retiro,2,Adelfas,032,119379,8368,0.07009608055018052
2019,3,Retiro,3,Estrella,033,119379,8368,0.07009608055018052
2019,3,Retiro,4,Ibiza,034,119379,8368,0.07009608055018052
2019,3,Retiro,5,Los Jerónimos,035,119379,8368,0.07009608055018052
2019,3,Retiro,6,Niño Jesús,036,119379,8368,0.07009608055018052
2019,4,Salamanca,1,Recoletos,041,146148,17712,0.12119221610969702
2019,4,Salamanca,2,Goya,042,146148,17712,0.12119221610969702
2019,4,Salamanca,3,Fuente del Berro,043,146148,17712,0.12119221610969702
2019,4,Salamanca,4,Guindalera,044,146148,17712,0.12119221610969702
2019,4,Salamanca,5,Lista,045,146148,17712,0.12119221610969702
2019,4,Salamanca,6,Castellana,046,146148,17712,0.12119221610969702
2019,5,Chamartin,1,El Viso,051,145865,12362,0.084749597230315707
2019,5,Chamartin,2,Prosperidad,052,145865,12362,0.084749597230315707
2019,5,Chamartin,3,Ciudad Jardín,053,145865,12362,0.084749597230315707
2019,5,Chamartin,4,Hispanoamérica,054,145865,12362,0.084749597230315707
2019,5,Chamartin,5,Nueva España,055,145865,12362,0.084749597230315707
2019,5,Chamartin,6,Castilla,056,145865,12362,0.084749597230315707
2019,6,Tetuan,1,Bellas Vistas,061,157937,26459,0.167528824784566
2019,6,Tetuan,2,Cuatro Caminos,062,157937,26459,0.167528824784566
2019,6,Tetuan,3,Castillejos,063,157937,26459,0.167528824784566
2019,6,Tetuan,4,Almenara,064,157937,26459,0.167528824784566
2019,6,Tetuan,5,Valdeacederas,065,157937,26459,0.167528824784566
2019,6,Tetuan,6,Berruguete,066,157937,26459,0.167528824784566
2019,7,Chamberi,1,Gaztambide,071,139448,14458,0.10368022488669612
2019,7,Chamberi,2,Arapiles,072,139448,14458,0.10368022488669612
2019,7,Chamberi,3,Trafalgar,073,139448,14458,0.10368022488669612
2019,7,Chamberi,4,Almagro,074,139448,14458,0.10368022488669612
2019,7,Chamberi,5,Ríos Rosas,075,139448,14458,0.10368022488669612
2019,7,Chamberi,6,Vallehermoso,076,139448,14458,0.10368022488669612
2019,8,Fuencarral-El Pardo,1,El Pardo,081,246021,17859,0.0725913641518407
2019,8,Fuencarral-El Pardo,2,Fuentelarreina,082,246021,17859,0.0725913641518407
2019,8,Fuencarral-El Pardo,3,Peñagrande,083,246021,17859,0.0725913641518407
2019,8,Fuencarral-El Pardo,4,Pilar,084,246021,17859,0.0725913641518407
2019,8,Fuencarral-El Pardo,5,La Paz,085,246021,17859,0.0725913641518407
2019,8,Fuencarral-El Pardo,6,Valverde,086,246021,17859,0.0725913641518407
2019,8,Fuencarral-El Pardo,7,Mirasierra,087,246021,17859,0.0725913641518407
2019,8,Fuencarral-El Pardo,8,El Goloso,088,246021,17859,0.0725913641518407
2019,9,Moncloa-Aravaca,1,Casa de Campo,091,119423,11143,0.09330698441673714
2019,9,Moncloa-Aravaca,2,Argüelles,092,119423,11143,0.09330698441673714
2019,9,Moncloa-Aravaca,3,Ciudad Universitaria,093,119423,11143,0.09330698441673714
2019,9,Moncloa-Aravaca,4,Valdezarza,094,119423,11143,0.09330698441673714
2019,9,Moncloa-Aravaca,5,Valdemarín,095,119423,11143,0.09330698441673714
2019,9,Moncloa-Aravaca,6,El Plantío,096,119423,11143,0.09330698441673714
2019,9,Moncloa-Aravaca,7,Aravaca,097,119423,11143,0.09330698441673714
2019,10,Latina,1,Los Cármenes,101,238154,31146,0.13078092326813742
2019,10,Latina,2,Puerta del Angel,102,238154,31146,0.13078092326813742
2019,10,Latina,3,Lucero,103,238154,31146,0.13078092326813742
2019,10,Latina,4,Aluche,104,238154,31146,0.13078092326813742
2019,10,Latina,5,Campamento,105,238154,31146,0.13078092326813742
2019,10,Latina,6,Cuatro Vientos,106,238154,31146,0.13078092326813742
2019,10,Latina,7,Águilas,107,238154,31146,0.13078092326813742
2019,11,Carabanchel,1,Comillas,111,253040,39846,0.15746917483401834
2019,11,Carabanchel,2,Opañel,112,253040,39846,0.15746917483401834
2019,11,Carabanchel,3,San Isidro,113,253040,39846,0.15746917483401834
2019,11,Carabanchel,4,Vista Alegre,114,253040,39846,0.15746917483401834
2019,11,Carabanchel,5,Puerta Bonita,115,253040,39846,0.15746917483401834
2019,11,Carabanchel,6,Buenavista,116,253040,39846,0.15746917483401834
2019,11,Carabanchel,7,Abrantes,117,253040,39846,0.15746917483401834
2019,12,Usera,1,Orcasitas,121,139501,26905,0.19286600096056658
2019,12,Usera,2,Orcasur,122,139501,26905,0.19286600096056658
2019,12,Usera,3,San Fermín,123,139501,26905,0.19286600096056658
2019,12,Usera,4,Almendrales,124,139501,26905,0.19286600096056658
2019,12,Usera,5,Moscardó,125,139501,26905,0.19286600096056658
2019,12,Usera,6,Zofío,126,139501,26905,0.19286600096056658
2019,12,Usera,7,Pradolongo,127,139501,26905,0.19286600096056658
2019,13,Puente de Vallecas,1,Entrevías,131,234770,31502,0.13418239127656856
2019,13,Puente de Vallecas,2,San Diego,132,234770,31502,0.13418239127656856
2019,13,Puente de Vallecas,3,Palomeras Bajas,133,234770,31502,0.13418239127656856
2019,13,Puente de Vallecas,4,Palomeras Sureste,134,234770,31502,0.13418239127656856
2019,13,Puente de Vallecas,5,Portazgo,135,234770,31502,0.13418239127656856
2019,13,Puente de Vallecas,6,Numancia,136,234770,31502,0.13418239127656856
2019,14,Moratalaz,1,Pavones,141,94609,7683,0.0812079189083491
2019,14,Moratalaz,2,Horcajo,142,94609,7683,0.0812079189083491
2019,14,Moratalaz,3,Marroquina,143,94609,7683,0.0812079189083491
2019,14,Moratalaz,4,Media Legua,144,94609,7683,0.0812079189083491
2019,14,Moratalaz,5,Fontarrón,145,94609,7683,0.0812079189083491
2019,14,Moratalaz,6,Vinateros,146,94609,7683,0.0812079189083491
2019,15,Ciudad Lineal,1,Ventas,151,216270,26590,0.12294816664354742
2019,15,Ciudad Lineal,2,Pueblo Nuevo,152,216270,26590,0.12294816664354742
2019,15,Ciudad Lineal,3,Quintana,153,216270,26590,0.12294816664354742
2019,15,Ciudad Lineal,4,La Concepción,154,216270,26590,0.12294816664354742
2019,15,Ciudad Lineal,5,San Pascual,155,216270,26590,0.12294816664354742
2019,15,Ciudad Lineal,6,San Juan Bautista,156,216270,26590,0.12294816664354742
2019,15,Ciudad Lineal,7,Colina,157,216270,26590,0.12294816664354742
2019,15,Ciudad Lineal,8,Atalaya,158,216270,26590,0.12294816664354742
2019,15,Ciudad Lineal,9,Costillares,159,216270,26590,0.12294816664354742
2019,16,Hortaleza,1,Palomas,161,188267,17242,0.09158269903913059
2019,16,Hortaleza,2,Piovera,162,188267,17242,0.09158269903913059
2019,16,Hortaleza,3,Canillas,163,188267,17242,0.09158269903913059
2019,16,Hortaleza,4,Pinar del Rey,164,188267,17242,0.09158269903913059
2019,16,Hortaleza,5,Apóstol Santiago,165,188267,17242,0.09158269903913059
2019,16,Hortaleza,6,Valdefuentes,166,188267,17242,0.09158269903913059
2019,17,Villaverde,1,"Villaverde Alto, Casco Histórico de Villaverde",171,148883,20999,0.14104363829315636
2019,17,Villaverde,2,San Cristóbal,172,148883,20999,0.14104363829315636
2019,17,Villaverde,3,Butarque,173,148883,20999,0.14104363829315636
2019,17,Villaverde,4,Los Rosales,174,148883,20999,0.14104363829315636
2019,17,Villaverde,5,Ángeles,175,148883,20999,0.14104363829315636
2019,18,Villa de Vallecas,1,Casco Histórico de Vallecas,181,110436,10697,0.09686153066029193
2019,18,Villa de Vallecas,2,Santa Eugenia,182,110436,10697,0.09686153066029193
2019,18,Villa de Vallecas,3,Ensanche de Vallecas,183,110436,10697,0.09686153066029193
2019,19,Vicalvaro,1,Casco Histórico de Vicálvaro,191,72126,7223,0.100144192108255
2019,19,Vicalvaro,2,Valdebernardo,192,72126,7223,0.100144192108255
2019,19,Vicalvaro,3,Valderrivas,193,72126,7223,0.100144192108255
2019,19,Vicalvaro,4,El Cañaveral,194,72126,7223,0.100144192108255
2019,20,San Blas-Canillejas,1,Simancas,201,158166,16810,0.10628074301683042
2019,20,San Blas-Canillejas,2,Hellín,202,158166,16810,0.10628074301683042
2019,20,San Blas-Canillejas,3,Amposta,203,158166,16810,0.10628074301683042
2019,20,San Blas-Canillejas,4,Arcos,204,158166,16810,0.10628074301683042
2019,20,San Blas-Canillejas,5,Rosas,205,158166,16810,0.10628074301683042
2019,20,San Blas-Canillejas,6,Rejas,206,158166,16810,0.10628074301683042
2019,20,San Blas-Canillejas,7,Canillejas,207,158166,16810,0.10628074301683042
2019,20,San Blas-Canillejas,8,El Salvador,208,158166,16810,0.10628074301683042
2019,21,Barajas,1,Alameda de Osuna,211,48972,4025,0.0821898227558605
2019,21,Barajas,2,Aeropuerto,212,48972,4025,0.0821898227558605
2019,21,Barajas,3,Casco Histórico de Barajas,213,48972,4025,0.0821898227558605
2019,21,Barajas,4,Timón,214,48972,4025,0.0821898227558605
2019,21,Barajas,5,Corralejos,215,48972,4025,0.0821898227558605
2020,1,Centro,1,Palacio,011,140473,23946,0.1704669224690866
2020,1,Centro,2,Embajadores,012,140473,23946,0.1704669224690866
2020,1,Centro,3,Cortes,013,140473,23946,0.1704669224690866
2020,1,Centro,4,Justicia,014,140473,23946,0.1704669224690866
2020,1,Centro,5,Universidad,015,140473,23946,0.1704669224690866
2020,1,Centro,6,Sol,016,140473,23946,0.1704669224690866
2020,2,Arganzuela,1,Imperial,021,155660,12173,0.0782024926121033
2020,2,Arganzuela,2,Acacias,022,155660,12173,0.0782024926121033
2020,2,Arganzuela,3,Chopera,023,155660,12173,0.0782024926121033
2020,2,Arganzuela,4,Legazpi,024,155660,12173,0.0782024926121033
2020,2,Arganzuela,5,Delicias,025,155660,12173,0.0782024926121033
2020,2,Arganzuela,6,Palos de la Frontera,026,155660,12173,0.0782024926121033
2020,2,Arganzuela,7,Atocha,027,155660,12173,0.0782024926121033
2020,3,Retiro,1,Pacífico,031,120406,7888,0.06551168546417953
2020,3,Retiro,2,Adelfas,032,120406,7888,0.06551168546417953
2020,3,Retiro,3,Estrella,033,120406,7888,0.06551168546417953
2020,3,Retiro,4,Ibiza,034,120406,7888,0.06551168546417953
2020,3,Retiro,5,Los Jerónimos,035,120406,7888,0.06551168546417953
2020,3,Retiro,6,Niño Jesús,036,120406,7888,0.06551168546417953
2020,4,Salamanca,1,Recoletos,041,147854,16485,0.11149512356784395
2020,4,Salamanca,2,Goya,042,147854,16485,0.11149512356784395
2020,4,Salamanca,3,Fuente del Berro,043,147854,16485,0.11149512356784395
2020,4,Salamanca,4,Guindalera,044,147854,16485,0.11149512356784395
2020,4,Salamanca,5,Lista,045,147854,16485,0.11149512356784395
2020,4,Salamanca,6,Castellana,046,147854,16485,0.11149512356784395
2020,5,Chamartin,1,El Viso,051,147551,10915,0.0739744224031013
2020,5,Chamartin,2,Prosperidad,052,147551,10915,0.0739744224031013
2020,5,Chamartin,3,Ciudad Jardín,053,147551,10915,0.0739744224031013
2020,5,Chamartin,4,Hispanoamérica,054,147551,10915,0.0739744224031013
2020,5,Chamartin,5,Nueva España,055,147551,10915,0.0739744224031013
2020,5,Chamartin,6,Castilla,056,147551,10915,0.0739744224031013
2020,6,Tetuan,1,Bellas Vistas,061,161313,20829,0.12912164549664318
2020,6,Tetuan,2,Cuatro Caminos,062,161313,20829,0.12912164549664318
2020,6,Tetuan,3,Castillejos,063,161313,20829,0.12912164549664318
2020,6,Tetuan,4,Almenara,064,161313,20829,0.12912164549664318
2020,6,Tetuan,5,Valdeacederas,065,161313,20829,0.12912164549664318
2020,6,Tetuan,6,Berruguete,066,161313,20829,0.12912164549664318
2020,7,Chamberi,1,Gaztambide,071,140866,13312,0.09450115712805077
2020,7,Chamberi,2,Arapiles,072,140866,13312,0.09450115712805077
2020,7,Chamberi,3,Trafalgar,073,140866,13312,0.09450115712805077
2020,7,Chamberi,4,Almagro,074,140866,13312,0.09450115712805077
2020,7,Chamberi,5,Ríos Rosas,075,140866,13312,0.09450115712805077
2020,7,Chamberi,6,Vallehermoso,076,140866,13312,0.09450115712805077
2020,8,Fuencarral-El Pardo,1,El Pardo,081,249973,16190,0.06476699483544222
2020,8,Fuencarral-El Pardo,2,Fuentelarreina,082,249973,16190,0.06476699483544222
2020,8,Fuencarral-El Pardo,3,Peñagrande,083,249973,16190,0.06476699483544222
2020,8,Fuencarral-El Pardo,4,Pilar,084,249973,16190,0.06476699483544222
2020,8,Fuencarral-El Pardo,5,La Paz,085,249973,16190,0.06476699483544222
2020,8,Fuencarral-El Pardo,6,Valverde,086,249973,16190,0.06476699483544222
2020,8,Fuencarral-El Pardo,7,Mirasierra,087,249973,16190,0.06476699483544222
2020,8,Fuencarral-El Pardo,8,El Goloso,088,249973,16190,0.06476699483544222
2020,9,Moncloa-Aravaca,1,Casa de Campo,091,121683,10244,0.08418595859733899
2020,9,Moncloa-Aravaca,2,Argüelles,092,121683,10244,0.08418595859733899
2020,9,Moncloa-Aravaca,3,Ciudad Universitaria,093,121683,10244,0.08418595859733899
2020,9,Moncloa-Aravaca,4,Valdezarza,094,121683,10244,0.08418595859733899
2020,9,Moncloa-Aravaca,5,Valdemarín,095,121683,10244,0.08418595859733899
2020,9,Moncloa-Aravaca,6,El Plantío,096,121683,10244,0.08418595859733899
2020,9,Moncloa-Aravaca,7,Aravaca,097,121683,10244,0.08418595859733899
2020,10,Latina,1,Los Cármenes,101,242139,29542,0.12200430331338612
2020,10,Latina,2,Puerta del Angel,102,242139,29542,0.12200430331338612
2020,10,Latina,3,Lucero,103,242139,29542,0.12200430331338612
2020,10,Latina,4,Aluche,104,242139,29542,0.12200430331338612
2020,10,Latina,5,Campamento,105,242139,29542,0.12200430331338612
2020,10,Latina,6,Cuatro Vientos,106,242139,29542,0.12200430331338612
2020,10,Latina,7,Águilas,107,242139,29542,0.12200430331338612
2020,11,Carabanchel,1,Comillas,111,260196,37799,0.1452712570523759
2020,11,Carabanchel,2,Opañel,112,260196,37799,0.1452712570523759
2020,11,Carabanchel,3,San Isidro,113,260196,37799,0.1452712570523759
2020,11,Carabanchel,4,Vista Alegre,114,260196,37799,0.1452712570523759
2020,11,Carabanchel,5,Puerta Bonita,115,260196,37799,0.1452712570523759
2020,11,Carabanchel,6,Buenavista,116,260196,37799,0.1452712570523759
2020,11,Carabanchel,7,Abrantes,117,260196,37799,0.1452712570523759
2020,12,Usera,1,Orcasitas,121,142894,24711,0.17293238344507117
2020,12,Usera,2,Orcasur,122,142894,24711,0.17293238344507117
2020,12,Usera,3,San Fermín,123,142894,24711,0.17293238344507117
2020,12,Usera,4,Almendrales,124,142894,24711,0.17293238344507117
2020,12,Usera,5,Moscardó,125,142894,24711,0.17293238344507117
2020,12,Usera,6,Zofío,126,142894,24711,0.17293238344507117
2020,12,Usera,7,Pradolongo,127,142894,24711,0.17293238344507117
2020,13,Puente de Vallecas,1,Entrevías,131,240867,30127,0.1250773248307157
2020,13,Puente de Vallecas,2,San Diego,132,240867,30127,0.1250773248307157
2020,13,Puente de Vallecas,3,Palomeras Bajas,133,240867,30127,0.1250773248307157
2020,13,Puente de Vallecas,4,Palomeras Sureste,134,240867,30127,0.1250773248307157
2020,13,Puente de Vallecas,5,Portazgo,135,240867,30127,0.1250773248307157
2020,13,Puente de Vallecas,6,Numancia,136,240867,30127,0.1250773248307157
2020,14,Moratalaz,1,Pavones,141,95614,7345,0.07681929424561257
2020,14,Moratalaz,2,Horcajo,142,95614,7345,0.07681929424561257
2020,14,Moratalaz,3,Marroquina,143,95614,7345,0.07681929424561257
2020,14,Moratalaz,4,Media Legua,144,95614,7345,0.07681929424561257
2020,14,Moratalaz,5,Fontarrón,145,95614,7345,0.07681929424561257
2020,14,Moratalaz,6,Vinateros,146,95614,7345,0.07681929424561257
2020,15,Ciudad Lineal,1,Ventas,151,219867,24305,0.11054410166145898
2020,15,Ciudad Lineal,2,Pueblo Nuevo,152,219867,24305,0.11054410166145898
2020,15,Ciudad Lineal,3,Quintana,153,219867,24305,0.11054410166145898
2020,15,Ciudad Lineal,4,La Concepción,154,219867,24305,0.11054410166145898
2020,15,Ciudad Lineal,5,San Pascual,155,219867,24305,0.11054410166145898
2020,15,Ciudad Lineal,6,San Juan Bautista,156,219867,24305,0.11054410166145898
2020,15,Ciudad Lineal,7,Colina,157,219867,24305,0.11054410166145898
2020,15,Ciudad Lineal,8,Atalaya,158,219867,24305,0.11054410166145898
2020,15,Ciudad Lineal,9,Costillares,159,219867,24305,0.11054410166145898
2020,16,Hortaleza,1,Palomas,161,193264,15951,0.08253477109032205
2020,16,Hortaleza,2,Piovera,162,193264,15951,0.08253477109032205
2020,16,Hortaleza,3,Canillas,163,193264,15951,0.08253477109032205
2020,16,Hortaleza,4,Pinar del Rey,164,193264,15951,0.08253477109032205
2020,16,Hortaleza,5,Apóstol Santiago,165,193264,15951,0.08253477109032205
2020,16,Hortaleza,6,Valdefuentes,166,193264,15951,0.08253477109032205
2020,17,Villaverde,1,"Villaverde Alto, Casco Histórico de Villaverde",171,154318,20999,0.13607615443434984
2020,17,Villaverde,2,San Cristóbal,172,154318,20999,0.13607615443434984
2020,17,Villaverde,3,Butarque,173,154318,20999,0.13607615443434984
2020,17,Villaverde,4,Los Rosales,174,154318,20999,0.13607615443434984
2020,17,Villaverde,5,Ángeles,175,154318,20999,0.13607615443434984
2020,18,Villa de Vallecas,1,Casco Histórico de Vallecas,181,114512,10344,0.09033114433421825
2020,18,Villa de Vallecas,2,Santa Eugenia,182,114512,10344,0.09033114433421825
2020,18,Villa de Vallecas,3,Ensanche de Vallecas,183,114512,10344,0.09033114433421825
2020,19,Vicalvaro,1,Casco Histórico de Vicálvaro,191,74048,7016,0.09474935177182368
2020,19,Vicalvaro,2,Valdebernardo,192,74048,7016,0.09474935177182368
2020,19,Vicalvaro,3,Valderrivas,193,74048,7016,0.09474935177182368
2020,19,Vicalvaro,4,El Cañaveral,194,74048,7016,0.09474935177182368
2020,20,San Blas-Canillejas,1,Simancas,201,161222,15845,0.09828063167557778
2020,20,San Blas-Canillejas,2,Hellín,202,161222,15845,0.09828063167557778
2020,20,San Blas-Canillejas,3,Amposta,203,161222,15845,0.09828063167557778
2020,20,San Blas-Canillejas,4,Arcos,204,161222,15845,0.09828063167557778
2020,20,San Blas-Canillejas,5,Rosas,205,161222,15845,0.09828063167557778
2020,20,San Blas-Canillejas,6,Rejas,206,161222,15845,0.09828063167557778
2020,20,San Blas-Canillejas,7,Canillejas,207,161222,15845,0.09828063167557778
2020,20,San Blas-Canillejas,8,El Salvador,208,161222,15845,0.09828063167557778
2020,21,Barajas,1,Alameda de Osuna,211,50010,3796,0.07590481903619276
2020,21,Barajas,2,Aeropuerto,212,50010,3796,0.07590481903619276
2020,21,Barajas,3,Casco Histórico de Barajas,213,50010,3796,0.07590481903619276
2020,21,Barajas,4,Timón,214,50010,3796,0.07590481903619276
2020,21,Barajas,5,Corralejos,215,50010,3796,0.07590481903619276
2021,1,Centro,1,Palacio,011,141236,25896,0.18335268628395027
2021,1,Centro,2,Embajadores,012,141236,25896,0.18335268628395027
2021,1,Centro,3,Cortes,013,141236,25896,0.18335268628395027
2021,1,Centro,4,Justicia,014,141236,25896,0.18335268628395027
2021,1,Centro,5,Universidad,015,141236,25896,0.18335268628395027
2021,1,Centro,6,Sol,016,141236,25896,0.18335268628395027
2021,2,Arganzuela,1,Imperial,021,154243,12385,0.0802953780722626
2021,2,Arganzuela,2,Acacias,022,154243,12385,0.0802953780722626
2021,2,Arganzuela,3,Chopera,023,154243,12385,0.0802953780722626
2021,2,Arganzuela,4,Legazpi,024,154243,12385,0.0802953780722626
2021,2,Arganzuela,5,Delicias,025,154243,12385,0.0802953780722626
2021,2,Arganzuela,6,Palos de la Frontera,026,154243,12385,0.0802953780722626
2021,2,Arganzuela,7,Atocha,027,154243,12385,0.0802953780722626
2021,3,Retiro,1,Pacífico,031,118557,8026,0.06769739450222256
2021,3,Retiro,2,Adelfas,032,118557,8026,0.06769739450222256
2021,3,Retiro,3,Estrella,033,118557,8026,0.06769739450222256
2021,3,Retiro,4,Ibiza,034,118557,8026,0.06769739450222256
2021,3,Retiro,5,Los Jerónimos,035,118557,8026,0.06769739450222256
2021,3,Retiro,6,Niño Jesús,036,118557,8026,0.06769739450222256
2021,4,Salamanca,1,Recoletos,041,146016,16981,0.11629547446855139
2021,4,Salamanca,2,Goya,042,146016,16981,0.11629547446855139
2021,4,Salamanca,3,Fuente del Berro,043,146016,16981,0.11629547446855139
2021,4,Salamanca,4,Guindalera,044,146016,16981,0.11629547446855139
2021,4,Salamanca,5,Lista,045,146016,16981,0.11629547446855139
2021,4,Salamanca,6,Castellana,046,146016,16981,0.11629547446855139
2021,5,Chamartin,1,El Viso,051,145700,11179,0.07672614962251201
2021,5,Chamartin,2,Prosperidad,052,145700,11179,0.07672614962251201
2021,5,Chamartin,3,Ciudad Jardín,053,145700,11179,0.07672614962251201
2021,5,Chamartin,4,Hispanoamérica,054,145700,11179,0.07672614962251201
2021,5,Chamartin,5,Nueva España,055,145700,11179,0.07672614962251201
2021,5,Chamartin,6,Castilla,056,145700,11179,0.07672614962251201
2021,6,Tetuan,1,Bellas Vistas,061,159849,20805,0.13015408291575173
2021,6,Tetuan,2,Cuatro Caminos,062,159849,20805,0.13015408291575173
2021,6,Tetuan,3,Castillejos,063,159849,20805,0.13015408291575173
2021,6,Tetuan,4,Almenara,064,159849,20805,0.13015408291575173
2021,6,Tetuan,5,Valdeacederas,065,159849,20805,0.13015408291575173
2021,6,Tetuan,6,Berruguete,066,159849,20805,0.13015408291575173
2021,7,Chamberi,1,Gaztambide,071,138667,13603,0.09809832187903395
2021,7,Chamberi,2,Arapiles,072,138667,13603,0.09809832187903395
2021,7,Chamberi,3,Trafalgar,073,138667,13603,0.09809832187903395
2021,7,Chamberi,4,Almagro,074,138667,13603,0.09809832187903395
2021,7,Chamberi,5,Ríos Rosas,075,138667,13603,0.09809832187903395
2021,7,Chamberi,6,Vallehermoso,076,138667,13603,0.09809832187903395
2021,8,Fuencarral-El Pardo,1,El Pardo,081,247692,16290,0.06576716244368006
2021,8,Fuencarral-El Pardo,2,Fuentelarreina,082,247692,16290,0.06576716244368006
2021,8,Fuencarral-El Pardo,3,Peñagrande,083,247692,16290,0.06576716244368006
2021,8,Fuencarral-El Pardo,4,Pilar,084,247692,16290,0.06576716244368006
2021,8,Fuencarral-El Pardo,5,La Paz,085,247692,16290,0.06576716244368006
2021,8,Fuencarral-El Pardo,6,Valverde,086,247692,16290,0.06576716244368006
2021,8,Fuencarral-El Pardo,7,Mirasierra,087,247692,16290,0.06576716244368006
2021,8,Fuencarral-El Pardo,8,El Goloso,088,247692,16290,0.06576716244368006
2021,9,Moncloa-Aravaca,1,Casa de Campo,091,120834,10398,0.08605193902378469
2021,9,Moncloa-Aravaca,2,Argüelles,092,120834,10398,0.08605193902378469
2021,9,Moncloa-Aravaca,3,Ciudad Universitaria,093,120834,10398,0.08605193902378469
2021,9,Moncloa-Aravaca,4,Valdezarza,094,120834,10398,0.08605193902378469
2021,9,Moncloa-Aravaca,5,Valdemarín,095,120834,10398,0.08605193902378469
2021,9,Moncloa-Aravaca,6,El Plantío,096,120834,10398,0.08605193902378469
2021,9,Moncloa-Aravaca,7,Aravaca,097,120834,10398,0.08605193902378469
2021,10,Latina,1,Los Cármenes,101,240155,29938,0.12466115633653266
2021,10,Latina,2,Puerta del Angel,102,240155,29938,0.12466115633653266
2021,10,Latina,3,Lucero,103,240155,29938,0.12466115633653266
2021,10,Latina,4,Aluche,104,240155,29938,0.12466115633653266
2021,10,Latina,5,Campamento,105,240155,29938,0.12466115633653266
2021,10,Latina,6,Cuatro Vientos,106,240155,29938,0.12466115633653266
2021,10,Latina,7,Águilas,107,240155,29938,0.12466115633653266
2021,11,Carabanchel,1,Comillas,111,258633,38432,0.14859666013231104
2021,11,Carabanchel,2,Opañel,112,258633,38432,0.14859666013231104
2021,11,Carabanchel,3,San Isidro,113,258633,38432,0.14859666013231104
2021,11,Carabanchel,4,Vista Alegre,114,258633,38432,0.14859666013231104
2021,11,Carabanchel,5,Puerta Bonita,115,258633,38432,0.14859666013231104
2021,11,Carabanchel,6,Buenavista,116,258633,38432,0.14859666013231104
2021,11,Carabanchel,7,Abrantes,117,258633,38432,0.14859666013231104
2021,12,Usera,1,Orcasitas,121,142454,25257,0.17729933873390707
2021,12,Usera,2,Orcasur,122,142454,25257,0.17729933873390707
2021,12,Usera,3,San Fermín,123,142454,25257,0.17729933873390707
2021,12,Usera,4,Almendrales,124,142454,25257,0.17729933873390707
2021,12,Usera,5,Moscardó,125,142454,25257,0.17729933873390707
2021,12,Usera,6,Zofío,126,142454,25257,0.17729933873390707
2021,12,Usera,7,Pradolongo,127,142454,25257,0.17729933873390707
2021,13,Puente de Vallecas,1,Entrevías,131,239057,30658,0.12824556486528318
2021,13,Puente de Vallecas,2,San Diego,132,239057,30658,0.12824556486528318
2021,13,Puente de Vallecas,3,Palomeras Bajas,133,239057,30658,0.12824556486528318
2021,13,Puente de Vallecas,4,Palomeras Sureste,134,239057,30658,0.12824556486528318
2021,13,Puente de Vallecas,5,Portazgo,135,239057,30658,0.12824556486528318
2021,13,Puente de Vallecas,6,Numancia,136,239057,30658,0.12824556486528318
2021,14,Moratalaz,1,Pavones,141,93810,7090,0.07557829655687028
2021,14,Moratalaz,2,Horcajo,142,93810,7090,0.07557829655687028
2021,14,Moratalaz,3,Marroquina,143,93810,7090,0.07557829655687028
2021,14,Moratalaz,4,Media Legua,144,93810,7090,0.07557829655687028
2021,14,Moratalaz,5,Fontarrón,145,93810,7090,0.07557829655687028
2021,14,Moratalaz,6,Vinateros,146,93810,7090,0.07557829655687028
2021,15,Ciudad Lineal,1,Ventas,151,216818,24458,0.11280428746690772
2021,15,Ciudad Lineal,2,Pueblo Nuevo,152,216818,24458,0.11280428746690772
2021,15,Ciudad Lineal,3,Quintana,153,216818,24458,0.11280428746690772
2021,15,Ciudad Lineal,4,La Concepción,154,216818,24458,0.11280428746690772
2021,15,Ciudad Lineal,5,San Pascual,155,216818,24458,0.11280428746690772
2021,15,Ciudad Lineal,6,San Juan Bautista,156,216818,24458,0.11280428746690772
2021,15,Ciudad Lineal,7,Colina,157,216818,24458,0.11280428746690772
2021,15,Ciudad Lineal,8,Atalaya,158,216818,24458,0.11280428746690772
2021,15,Ciudad Lineal,9,Costillares,159,216818,24458,0.11280428746690772
2021,16,Hortaleza,1,Palomas,161,193228,16320,0.0844598091373921
2021,16,Hortaleza,2,Piovera,162,193228,16320,0.0844598091373921
2021,16,Hortaleza,3,Canillas,163,193228,16320,0.0844598091373921
2021,16,Hortaleza,4,Pinar del Rey,164,193228,16320,0.0844598091373921
2021,16,Hortaleza,5,Apóstol Santiago,165,193228,16320,0.0844598091373921
2021,16,Hortaleza,6,Valdefuentes,166,193228,16320,0.0844598091373921
2021,17,Villaverde,1,"Villaverde Alto, Casco Histórico de Villaverde",171,154808,21372,0.1380548808847088
2021,17,Villaverde,2,San Cristóbal,172,154808,21372,0.1380548808847088
2021,17,Villaverde,3,Butarque,173,154808,21372,0.1380548808847088
2021,17,Villaverde,4,Los Rosales,174,154808,21372,0.1380548808847088
2021,17,Villaverde,5,Ángeles,175,154808,21372,0.1380548808847088
2021,18,Villa de Vallecas,1,Casco Histórico de Vallecas,181,114733,10787,0.09401828593342805
2021,18,Villa de Vallecas,2,Santa Eugenia,182,114733,10787,0.09401828593342805
2021,18,Villa de Vallecas,3,Ensanche de Vallecas,183,114733,10787,0.09401828593342805
2021,19,Vicalvaro,1,Casco Histórico de Vicálvaro,191,75485,7224,0.09570113267536597
2021,19,Vicalvaro,2,Valdebernardo,192,75485,7224,0.09570113267536597
2021,19,Vicalvaro,3,Valderrivas,193,75485,7224,0.09570113267536597
2021,19,Vicalvaro,4,El Cañaveral,194,75485,7224,0.09570113267536597
2021,20,San Blas-Canillejas,1,Simancas,201,160258,16212,0.10116187647418537
2021,20,San Blas-Canillejas,2,Hellín,202,160258,16212,0.10116187647418537
2021,20,San Blas-Canillejas,3,Amposta,203,160258,16212,0.10116187647418537
2021,20,San Blas-Canillejas,4,Arcos,204,160258,16212,0.10116187647418537
2021,20,San Blas-Canillejas,5,Rosas,205,160258,16212,0.10116187647418537
2021,20,San Blas-Canillejas,6,Rejas,206,160258,16212,0.10116187647418537
2021,20,San Blas-Canillejas,7,Canillejas,207,160258,16212,0.10116187647418537
2021,20,San Blas-Canillejas,8,El Salvador,208,160258,16212,0.10116187647418537
2021,21,Barajas,1,Alameda de Osuna,211,50077,3835,0.07658206362202209
2021,21,Barajas,2,Aeropuerto,212,50077,3835,0.07658206362202209
2021,21,Barajas,3,Casco Histórico de Barajas,213,50077,3835,0.07658206362202209
2021,21,Barajas,4,Timón,214,50077,3835,0.07658206362202209
2021,21,Barajas,5,Corralejos,215,50077,3835,0.07658206362202209
2022,1,Centro,1,Palacio,011,139682,32380,0.2318122592746381
2022,1,Centro,2,Embajadores,012,139682,32380,0.2318122592746381
2022,1,Centro,3,Cortes,013,139682,32380,0.2318122592746381
2022,1,Centro,4,Justicia,014,139682,32380,0.2318122592746381
2022,1,Centro,5,Universidad,015,139682,32380,0.2318122592746381
2022,1,Centro,6,Sol,016,139682,32380,0.2318122592746381
2022,2,Arganzuela,1,Imperial,021,152638,14903,0.09763623737208296
2022,2,Arganzuela,2,Acacias,022,152638,14903,0.09763623737208296
2022,2,Arganzuela,3,Chopera,023,152638,14903,0.09763623737208296
2022,2,Arganzuela,4,Legazpi,024,152638,14903,0.09763623737208296
2022,2,Arganzuela,5,Delicias,025,152638,14903,0.09763623737208296
2022,2,Arganzuela,6,Palos de la Frontera,026,152638,14903,0.09763623737208296
2022,2,Arganzuela,7,Atocha,027,152638,14903,0.09763623737208296
2022,3,Retiro,1,Pacífico,031,117672,9709,0.08250900809028486
2022,3,Retiro,2,Adelfas,032,117672,9709,0.08250900809028486
2022,3,Retiro,3,Estrella,033,117672,9709,0.08250900809028486
2022,3,Retiro,4,Ibiza,034,117672,9709,0.08250900809028486
2022,3,Retiro,5,Los Jerónimos,035,117672,9709,0.08250900809028486
2022,3,Retiro,6,Niño Jesús,036,117672,9709,0.08250900809028486
2022,4,Salamanca,1,Recoletos,041,145457,21350,0.1467787731082038
2022,4,Salamanca,2,Goya,042,145457,21350,0.1467787731082038
2022,4,Salamanca,3,Fuente del Berro,043,145457,21350,0.1467787731082038
2022,4,Salamanca,4,Guindalera,044,145457,21350,0.1467787731082038
2022,4,Salamanca,5,Lista,045,145457,21350,0.1467787731082038
2022,4,Salamanca,6,Castellana,046,145457,21350,0.1467787731082038
2022,5,Chamartin,1,El Viso,051,144371,13599,0.09419481751875376
2022,5,Chamartin,2,Prosperidad,052,144371,13599,0.09419481751875376
2022,5,Chamartin,3,Ciudad Jardín,053,144371,13599,0.09419481751875376
2022,5,Chamartin,4,Hispanoamérica,054,144371,13599,0.09419481751875376
2022,5,Chamartin,5,Nueva España,055,144371,13599,0.09419481751875376
2022,5,Chamartin,6,Castilla,056,144371,13599,0.09419481751875376
2022,6,Tetuan,1,Bellas Vistas,061,157433,29538,0.18762267123157153
2022,6,Tetuan,2,Cuatro Caminos,062,157433,29538,0.18762267123157153
2022,6,Tetuan,3,Castillejos,063,157433,29538,0.18762267123157153
2022,6,Tetuan,4,Almenara,064,157433,29538,0.18762267123157153
2022,6,Tetuan,5,Valdeacederas,065,157433,29538,0.18762267123157153
2022,6,Tetuan,6,Berruguete,066,157433,29538,0.18762267123157153
2022,7,Chamberi,1,Gaztambide,071,137287,16532,0.12041926766554736
2022,7,Chamberi,2,Arapiles,072,137287,16532,0.12041926766554736
2022,7,Chamberi,3,Trafalgar,073,137287,16532,0.12041926766554736
2022,7,Chamberi,4,Almagro,074,137287,16532,0.12041926766554736
2022,7,Chamberi,5,Ríos Rosas,075,137287,16532,0.12041926766554736
2022,7,Chamberi,6,Vallehermoso,076,137287,16532,0.12041926766554736
2022,8,Fuencarral-El Pardo,1,El Pardo,081,246281,20051,0.08141513149613652
2022,8,Fuencarral-El Pardo,2,Fuentelarreina,082,246281,20051,0.08141513149613652
2022,8,Fuencarral-El Pardo,3,Peñagrande,083,246281,20051,0.08141513149613652
2022,8,Fuencarral-El Pardo,4,Pilar,084,246281,20051,0.08141513149613652
2022,8,Fuencarral-El Pardo,5,La Paz,085,246281,20051,0.08141513149613652
2022,8,Fuencarral-El Pardo,6,Valverde,086,246281,20051,0.08141513149613652
2022,8,Fuencarral-El Pardo,7,Mirasierra,087,246281,20051,0.08141513149613652
2022,8,Fuencarral-El Pardo,8,El Goloso,088,246281,20051,0.08141513149613652
2022,9,Moncloa-Aravaca,1,Casa de Campo,091,120360,12601,0.10469425058158857
2022,9,Moncloa-Aravaca,2,Argüelles,092,120360,12601,0.10469425058158857
2022,9,Moncloa-Aravaca,3,Ciudad Universitaria,093,120360,12601,0.10469425058158857
2022,9,Moncloa-Aravaca,4,Valdezarza,094,120360,12601,0.10469425058158857
2022,9,Moncloa-Aravaca,5,Valdemarín,095,120360,12601,0.10469425058158857
2022,9,Moncloa-Aravaca,6,El Plantío,096,120360,12601,0.10469425058158857
2022,9,Moncloa-Aravaca,7,Aravaca,097,120360,12601,0.10469425058158857
2022,10,Latina,1,Los Cármenes,101,237048,36233,0.15285089939590293
2022,10,Latina,2,Puerta del Angel,102,237048,36233,0.15285089939590293
2022,10,Latina,3,Lucero,103,237048,36233,0.15285089939590293
2022,10,Latina,4,Aluche,104,237048,36233,0.15285089939590293
2022,10,Latina,5,Campamento,105,237048,36233,0.15285089939590293
2022,10,Latina,6,Cuatro Vientos,106,237048,36233,0.15285089939590293
2022,10,Latina,7,Águilas,107,237048,36233,0.15285089939590293
2022,11,Carabanchel,1,Comillas,111,255514,46803,0.18317195926641985
2022,11,Carabanchel,2,Opañel,112,255514,46803,0.18317195926641985
2022,11,Carabanchel,3,San Isidro,113,255514,46803,0.18317195926641985
2022,11,Carabanchel,4,Vista Alegre,114,255514,46803,0.18317195926641985
2022,11,Carabanchel,5,Puerta Bonita,115,255514,46803,0.18317195926641985
2022,11,Carabanchel,6,Buenavista,116,255514,46803,0.18317195926641985
2022,11,Carabanchel,7,Abrantes,117,255514,46803,0.18317195926641985
2022,12,Usera,1,Orcasitas,121,140808,30205,0.21451195954775296
2022,12,Usera,2,Orcasur,122,140808,30205,0.21451195954775296
2022,12,Usera,3,San Fermín,123,140808,30205,0.21451195954775296
2022,12,Usera,4,Almendrales,124,140808,30205,0.21451195954775296
2022,12,Usera,5,Moscardó,125,140808,30205,0.21451195954775296
2022,12,Usera,6,Zofío,126,140808,30205,0.21451195954775296
2022,12,Usera,7,Pradolongo,127,140808,30205,0.21451195954775296
2022,13,Puente de Vallecas,1,Entrevías,131,235638,39653,0.16827930978874375
2022,13,Puente de Vallecas,2,San Diego,132,235638,39653,0.16827930978874375
2022,13,Puente de Vallecas,3,Palomeras Bajas,133,235638,39653,0.16827930978874375
2022,13,Puente de Vallecas,4,Palomeras Sureste,134,235638,39653,0.16827930978874375
2022,13,Puente de Vallecas,5,Portazgo,135,235638,39653,0.16827930978874375
2022,13,Puente de Vallecas,6,Numancia,136,235638,39653,0.16827930978874375
2022,14,Moratalaz,1,Pavones,141,92390,9014,0.09756467150124472
2022,14,Moratalaz,2,Horcajo,142,92390,9014,0.09756467150124472
2022,14,Moratalaz,3,Marroquina,143,92390,9014,0.09756467150124472
2022,14,Moratalaz,4,Media Legua,144,92390,9014,0.09756467150124472
2022,14,Moratalaz,5,Fontarrón,145,92390,9014,0.09756467150124472
2022,14,Moratalaz,6,Vinateros,146,92390,9014,0.09756467150124472
2022,15,Ciudad Lineal,1,Ventas,151,213905,30376,0.14200696570907645
2022,15,Ciudad Lineal,2,Pueblo Nuevo,152,213905,30376,0.14200696570907645
2022,15,Ciudad Lineal,3,Quintana,153,213905,30376,0.14200696570907645
2022,15,Ciudad Lineal,4,La Concepción,154,213905,30376,0.14200696570907645
2022,15,Ciudad Lineal,5,San Pascual,155,213905,30376,0.14200696570907645
2022,15,Ciudad Lineal,6,San Juan Bautista,156,213905,30376,0.14200696570907645
2022,15,Ciudad Lineal,7,Colina,157,213905,30376,0.14200696570907645
2022,15,Ciudad Lineal,8,Atalaya,158,213905,30376,0.14200696570907645
2022,15,Ciudad Lineal,9,Costillares,159,213905,30376,0.14200696570907645
2022,16,Hortaleza,1,Palomas,161,195017,20595,0.10560617792295031
2022,16,Hortaleza,2,Piovera,162,195017,20595,0.10560617792295031
2022,16,Hortaleza,3,Canillas,163,195017,20595,0.10560617792295031
2022,16,Hortaleza,4,Pinar del Rey,164,195017,20595,0.10560617792295031
2022,16,Hortaleza,5,Apóstol Santiago,165,195017,20595,0.10560617792295031
2022,16,Hortaleza,6,Valdefuentes,166,195017,20595,0.10560617792295031
2022,17,Villaverde,1,"Villaverde Alto, Casco Histórico de Villaverde",171,153829,27748,0.1803821126055555
2022,17,Villaverde,2,San Cristóbal,172,153829,27748,0.1803821126055555
2022,17,Villaverde,3,Butarque,173,153829,27748,0.1803821126055555
2022,17,Villaverde,4,Los Rosales,174,153829,27748,0.1803821126055555
2022,17,Villaverde,5,Ángeles,175,153829,27748,0.1803821126055555
2022,18,Villa de Vallecas,1,Casco Histórico de Vallecas,181,114817,15056,0.13113040751805047
2022,18,Villa de Vallecas,2,Santa Eugenia,182,114817,15056,0.13113040751805047
2022,18,Villa de Vallecas,3,Ensanche de Vallecas,183,114817,15056,0.13113040751805047
2022,19,Vicalvaro,1,Casco Histórico de Vicálvaro,191,79328,9671,0.12191155707946753
2022,19,Vicalvaro,2,Valdebernardo,192,79328,9671,0.12191155707946753
2022,19,Vicalvaro,3,Valderrivas,193,79328,9671,0.12191155707946753
2022,19,Vicalvaro,4,El Cañaveral,194,79328,9671,0.12191155707946753
2022,20,San Blas-Canillejas,1,Simancas,201,158783,20339,0.12809305782105138
2022,20,San Blas-Canillejas,2,Hellín,202,158783,20339,0.12809305782105138
2022,20,San Blas-Canillejas,3,Amposta,203,158783,20339,0.12809305782105138
2022,20,San Blas-Canillejas,4,Arcos,204,158783,20339,0.12809305782105138
2022,20,San Blas-Canillejas,5,Rosas,205,158783,20339,0.12809305782105138
2022,20,San Blas-Canillejas,6,Rejas,206,158783,20339,0.12809305782105138
2022,20,San Blas-Canillejas,7,Canillejas,207,158783,20339,0.12809305782105138
2022,20,San Blas-Canillejas,8,El Salvador,208,158783,20339,0.12809305782105138
2022,21,Barajas,1,Alameda de Osuna,211,48404,4572,0.09445500371870093
2022,21,Barajas,2,Aeropuerto,212,48404,4572,0.09445500371870093
2022,21,Barajas,3,Casco Histórico de Barajas,213,48404,4572,0.09445500371870093
2022,21,Barajas,4,Timón,214,48404,4572,0.09445500371870093
2022,21,Barajas,5,Corralejos,215,48404,4572,0.09445500371870093
2023,1,Centro,1,Palacio,011,139687,33860,0.24239907793853402
2023,1,Centro,2,Embajadores,012,139687,33860,0.24239907793853402
2023,1,Centro,3,Cortes,013,139687,33860,0.24239907793853402
2023,1,Centro,4,Justicia,014,139687,33860,0.24239907793853402
2023,1,Centro,5,Universidad,015,139687,33860,0.24239907793853402
2023,1,Centro,6,Sol,016,139687,33860,0.24239907793853402
2023,2,Arganzuela,1,Imperial,021,153304,15786,0.10297187288002922
2023,2,Arganzuela,2,Acacias,022,153304,15786,0.10297187288002922
2023,2,Arganzuela,3,Chopera,023,153304,15786,0.10297187288002922
2023,2,Arganzuela,4,Legazpi,024,153304,15786,0.10297187288002922
2023,2,Arganzuela,5,Delicias,025,153304,15786,0.10297187288002922
2023,2,Arganzuela,6,Palos de la Frontera,026,153304,15786,0.10297187288002922
2023,2,Arganzuela,7,Atocha,027,153304,15786,0.10297187288002922
2023,3,Retiro,1,Pacífico,031,117918,10600,0.08989297647517766
2023,3,Retiro,2,Adelfas,032,117918,10600,0.08989297647517766
2023,3,Retiro,3,Estrella,033,117918,10600,0.08989297647517766
2023,3,Retiro,4,Ibiza,034,117918,10600,0.08989297647517766
2023,3,Retiro,5,Los Jerónimos,035,117918,10600,0.08989297647517766
2023,3,Retiro,6,Niño Jesús,036,117918,10600,0.08989297647517766
2023,4,Salamanca,1,Recoletos,041,145702,22892,0.15711520775281054
2023,4,Salamanca,2,Goya,042,145702,22892,0.15711520775281054
2023,4,Salamanca,3,Fuente del Berro,043,145702,22892,0.15711520775281054
2023,4,Salamanca,4,Guindalera,044,145702,22892,0.15711520775281054
2023,4,Salamanca,5,Lista,045,145702,22892,0.15711520775281054
2023,4,Salamanca,6,Castellana,046,145702,22892,0.15711520775281054
2023,5,Chamartin,1,El Viso,051,144796,14625,0.10100417138594989
2023,5,Chamartin,2,Prosperidad,052,144796,14625,0.10100417138594989
2023,5,Chamartin,3,Ciudad Jardín,053,144796,14625,0.10100417138594989
2023,5,Chamartin,4,Hispanoamérica,054,144796,14625,0.10100417138594989
2023,5,Chamartin,5,Nueva España,055,144796,14625,0.10100417138594989
2023,5,Chamartin,6,Castilla,056,144796,14625,0.10100417138594989
2023,6,Tetuan,1,Bellas Vistas,061,160002,31858,0.19911001112486093
2023,6,Tetuan,2,Cuatro Caminos,062,160002,31858,0.19911001112486093
2023,6,Tetuan,3,Castillejos,063,160002,31858,0.19911001112486093
2023,6,Tetuan,4,Almenara,064,160002,31858,0.19911001112486093
2023,6,Tetuan,5,Valdeacederas,065,160002,31858,0.19911001112486093
2023,6,Tetuan,6,Berruguete,066,160002,31858,0.19911001112486093
2023,7,Chamberi,1,Gaztambide,071,138204,18020,0.13038696419785245
2023,7,Chamberi,2,Arapiles,072,138204,18020,0.13038696419785245
2023,7,Chamberi,3,Trafalgar,073,138204,18020,0.13038696419785245
2023,7,Chamberi,4,Almagro,074,138204,18020,0.13038696419785245
2023,7,Chamberi,5,Ríos Rosas,075,138204,18020,0.13038696419785245
2023,7,Chamberi,6,Vallehermoso,076,138204,18020,0.13038696419785245
2023,8,Fuencarral-El Pardo,1,El Pardo,081,248443,22054,0.08876885241282709
2023,8,Fuencarral-El Pardo,2,Fuentelarreina,082,248443,22054,0.08876885241282709
2023,8,Fuencarral-El Pardo,3,Peñagrande,083,248443,22054,0.08876885241282709
2023,8,Fuencarral-El Pardo,4,Pilar,084,248443,22054,0.08876885241282709
2023,8,Fuencarral-El Pardo,5,La Paz,085,248443,22054,0.08876885241282709
2023,8,Fuencarral-El Pardo,6,Valverde,086,248443,22054,0.08876885241282709
2023,8,Fuencarral-El Pardo,7,Mirasierra,087,248443,22054,0.08876885241282709
2023,8,Fuencarral-El Pardo,8,El Goloso,088,248443,22054,0.08876885241282709
2023,9,Moncloa-Aravaca,1,Casa de Campo,091,121757,13503,0.11090122128501852
2023,9,Moncloa-Aravaca,2,Argüelles,092,121757,13503,0.11090122128501852
2023,9,Moncloa-Aravaca,3,Ciudad Universitaria,093,121757,13503,0.11090122128501852
2023,9,Moncloa-Aravaca,4,Valdezarza,094,121757,13503,0.11090122128501852
2023,9,Moncloa-Aravaca,5,Valdemarín,095,121757,13503,0.11090122128501852
2023,9,Moncloa-Aravaca,6,El Plantío,096,121757,13503,0.11090122128501852
2023,9,Moncloa-Aravaca,7,Aravaca,097,121757,13503,0.11090122128501852
2023,10,Latina,1,Los Cármenes,101,241672,40259,0.16658528915223939
2023,10,Latina,2,Puerta del Angel,102,241672,40259,0.16658528915223939
2023,10,Latina,3,Lucero,103,241672,40259,0.16658528915223939
2023,10,Latina,4,Aluche,104,241672,40259,0.16658528915223939
2023,10,Latina,5,Campamento,105,241672,40259,0.16658528915223939
2023,10,Latina,6,Cuatro Vientos,106,241672,40259,0.16658528915223939
2023,10,Latina,7,Águilas,107,241672,40259,0.16658528915223939
2023,11,Carabanchel,1,Comillas,111,262339,52302,0.19936799332161823
2023,11,Carabanchel,2,Opañel,112,262339,52302,0.19936799332161823
2023,11,Carabanchel,3,San Isidro,113,262339,52302,0.19936799332161823
2023,11,Carabanchel,4,Vista Alegre,114,262339,52302,0.19936799332161823
2023,11,Carabanchel,5,Puerta Bonita,115,262339,52302,0.19936799332161823
2023,11,Carabanchel,6,Buenavista,116,262339,52302,0.19936799332161823
2023,11,Carabanchel,7,Abrantes,117,262339,52302,0.19936799332161823
2023,12,Usera,1,Orcasitas,121,142746,32443,0.2272778221456293
2023,12,Usera,2,Orcasur,122,142746,32443,0.2272778221456293
2023,12,Usera,3,San Fermín,123,142746,32443,0.2272778221456293
2023,12,Usera,4,Almendrales,124,142746,32443,0.2272778221456293
2023,12,Usera,5,Moscardó,125,142746,32443,0.2272778221456293
2023,12,Usera,6,Zofío,126,142746,32443,0.2272778221456293
2023,12,Usera,7,Pradolongo,127,142746,32443,0.2272778221456293
2023,13,Puente de Vallecas,1,Entrevías,131,241603,45239,0.1872451914918275
2023,13,Puente de Vallecas,2,San Diego,132,241603,45239,0.1872451914918275
2023,13,Puente de Vallecas,3,Palomeras Bajas,133,241603,45239,0.1872451914918275
2023,13,Puente de Vallecas,4,Palomeras Sureste,134,241603,45239,0.1872451914918275
2023,13,Puente de Vallecas,5,Portazgo,135,241603,45239,0.1872451914918275
2023,13,Puente de Vallecas,6,Numancia,136,241603,45239,0.1872451914918275
2023,14,Moratalaz,1,Pavones,141,92814,10123,0.10906759756071283
2023,14,Moratalaz,2,Horcajo,142,92814,10123,0.10906759756071283
2023,14,Moratalaz,3,Marroquina,143,92814,10123,0.10906759756071283
2023,14,Moratalaz,4,Media Legua,144,92814,10123,0.10906759756071283
2023,14,Moratalaz,5,Fontarrón,145,92814,10123,0.10906759756071283
2023,14,Moratalaz,6,Vinateros,146,92814,10123,0.10906759756071283
2023,15,Ciudad Lineal,1,Ventas,151,220345,34411,0.15616873539222584
2023,15,Ciudad Lineal,2,Pueblo Nuevo,152,220345,34411,0.15616873539222584
2023,15,Ciudad Lineal,3,Quintana,153,220345,34411,0.15616873539222584
2023,15,Ciudad Lineal,4,La Concepción,154,220345,34411,0.15616873539222584
2023,15,Ciudad Lineal,5,San Pascual,155,220345,34411,0.15616873539222584
2023,15,Ciudad Lineal,6,San Juan Bautista,156,220345,34411,0.15616873539222584
2023,15,Ciudad Lineal,7,Colina,157,220345,34411,0.15616873539222584
2023,15,Ciudad Lineal,8,Atalaya,158,220345,34411,0.15616873539222584
2023,15,Ciudad Lineal,9,Costillares,159,220345,34411,0.15616873539222584
2023,16,Hortaleza,1,Palomas,161,198391,22903,0.11544374492794532
2023,16,Hortaleza,2,Piovera,162,198391,22903,0.11544374492794532
2023,16,Hortaleza,3,Canillas,163,198391,22903,0.11544374492794532
2023,16,Hortaleza,4,Pinar del Rey,164,198391,22903,0.11544374492794532
2023,16,Hortaleza,5,Apóstol Santiago,165,198391,22903,0.11544374492794532
2023,16,Hortaleza,6,Valdefuentes,166,198391,22903,0.11544374492794532
2023,17,Villaverde,1,"Villaverde Alto, Casco Histórico de Villaverde",171,159038,31526,0.1982293539908701
2023,17,Villaverde,2,San Cristóbal,172,159038,31526,0.1982293539908701
2023,17,Villaverde,3,Butarque,173,159038,31526,0.1982293539908701
2023,17,Villaverde,4,Los Rosales,174,159038,31526,0.1982293539908701
2023,17,Villaverde,5,Ángeles,175,159038,31526,0.1982293539908701
2023,18,Villa de Vallecas,1,Casco Histórico de Vallecas,181,117501,16939,0.14416047522999803
2023,18,Villa de Vallecas,2,Santa Eugenia,182,117501,16939,0.14416047522999803
2023,18,Villa de Vallecas,3,Ensanche de Vallecas,183,117501,16939,0.14416047522999803
2023,19,Vicalvaro,1,Casco Histórico de Vicálvaro,191,83804,11068,0.1320700682544986
2023,19,Vicalvaro,2,Valdebernardo,192,83804,11068,0.1320700682544986
2023,19,Vicalvaro,3,Valderrivas,193,83804,11068,0.1320700682544986
2023,19,Vicalvaro,4,El Cañaveral,194,83804,11068,0.1320700682544986
2023,20,San Blas-Canillejas,1,Simancas,201,161219,23223,0.14404629727265397
2023,20,San Blas-Canillejas,2,Hellín,202,161219,23223,0.14404629727265397
2023,20,San Blas-Canillejas,3,Amposta,203,161219,23223,0.14404629727265397
2023,20,San Blas-Canillejas,4,Arcos,204,161219,23223,0.14404629727265397
2023,20,San Blas-Canillejas,5,Rosas,205,161219,23223,0.14404629727265397
2023,20,San Blas-Canillejas,6,Rejas,206,161219,23223,0.14404629727265397
2023,20,San Blas-Canillejas,7,Canillejas,207,161219,23223,0.14404629727265397
2023,20,San Blas-Canillejas,8,El Salvador,208,161219,23223,0.14404629727265397
2023,21,Barajas,1,Alameda de Osuna,211,48646,4854,0.09978209924762571
2023,21,Barajas,2,Aeropuerto,212,48646,4854,0.09978209924762571
2023,21,Barajas,3,Casco Histórico de Barajas,213,48646,4854,0.09978209924762571
2023,21,Barajas,4,Timón,214,48646,4854,0.09978209924762571
2023,21,Barajas,5,Corralejos,215,48646,4854,0.09978209924762571
