anio,distrito_num,distrito_nombre,barrio_num,barrio_nombre,codigo_barrio,precio_vivienda_declarado_barrio
2017,1,Centro,1,Palacio,011,4178.57
2017,1,Centro,2,Embajadores,012,3538.13
2017,1,Centro,3,Cortes,013,4201.77
2017,1,Centro,4,Justicia,014,5245.82
2017,1,Centro,5,Universidad,015,4191.85
2017,1,Centro,6,Sol,016,4184.44
2017,2,Arganzuela,1,Imperial,021,2879.02
2017,2,Arganzuela,2,Acacias,022,3373.74
2017,2,Arganzuela,3,Chopera,023,2872.11
2017,2,Arganzuela,4,Legazpi,024,3629.01
2017,2,Arganzuela,5,Delicias,025,3225.75
2017,2,Arganzuela,6,Palos de la Frontera,026,2869.62
2017,2,Arganzuela,7,Atocha,027,NA
2017,3,Retiro,1,Pacífico,031,3257.04
2017,3,Retiro,2,Adelfas,032,3176.69
2017,3,Retiro,3,Estrella,033,3243.35
2017,3,Retiro,4,Ibiza,034,4400.61
2017,3,Retiro,5,Los Jerónimos,035,5147.76
2017,3,Retiro,6,Niño Jesús,036,4320.89
2017,4,Salamanca,1,Recoletos,041,7017.47
2017,4,Salamanca,2,Goya,042,4936.58
2017,4,Salamanca,3,Fuente del Berro,043,3878.9
2017,4,Salamanca,4,Guindalera,044,3485.92
2017,4,Salamanca,5,Lista,045,4984.37
2017,4,Salamanca,6,Castellana,046,5807.48
2017,5,Chamartin,1,El Viso,051,5392.22
2017,5,Chamartin,2,Prosperidad,052,3361.84
2017,5,Chamartin,3,Ciudad Jardín,053,3654.68
2017,5,Chamartin,4,Hispanoamérica,054,4290.1
2017,5,Chamartin,5,Nueva España,055,5052.32
2017,5,Chamartin,6,Castilla,056,3390.08
2017,6,Tetuan,1,Bellas Vistas,061,2594.3
2017,6,Tetuan,2,Cuatro Caminos,062,3326.22
2017,6,Tetuan,3,Castillejos,063,3621.63
2017,6,Tetuan,4,Almenara,064,2556.33
2017,6,Tetuan,5,Valdeacederas,065,2321.17
2017,6,Tetuan,6,Berruguete,066,2479.19
2017,7,Chamberi,1,Gaztambide,071,4121.88
2017,7,Chamberi,2,Arapiles,072,4191.23
2017,7,Chamberi,3,Trafalgar,073,4649.63
2017,7,Chamberi,4,Almagro,074,5255.21
2017,7,Chamberi,5,Ríos Rosas,075,4300.47
2017,7,Chamberi,6,Vallehermoso,076,3915.56
2017,8,Fuencarral-El Pardo,1,El Pardo,081,2076.97
2017,8,Fuencarral-El Pardo,2,Fuentelarreina,082,3010.15
2017,8,Fuencarral-El Pardo,3,Peñagrande,083,2836.61
2017,8,Fuencarral-El Pardo,4,Pilar,084,2663.66
2017,8,Fuencarral-El Pardo,5,La Paz,085,2922.4
2017,8,Fuencarral-El Pardo,6,Valverde,086,3350.75
2017,8,Fuencarral-El Pardo,7,Mirasierra,087,3107.57
2017,8,Fuencarral-El Pardo,8,El Goloso,088,3856.25
2017,9,Moncloa-Aravaca,1,Casa de Campo,091,2826.96
2017,9,Moncloa-Aravaca,2,Argüelles,092,3994
2017,9,Moncloa-Aravaca,3,Ciudad Universitaria,093,3407.75
2017,9,Moncloa-Aravaca,4,Valdezarza,094,2454.55
2017,9,Moncloa-Aravaca,5,Valdemarín,095,3906.57
2017,9,Moncloa-Aravaca,6,El Plantío,096,3144.23
2017,9,Moncloa-Aravaca,7,Aravaca,097,3597.78
2017,10,Latina,1,Los Cármenes,101,1767.85
2017,10,Latina,2,Puerta del Angel,102,1932.71
2017,10,Latina,3,Lucero,103,1707.95
2017,10,Latina,4,Aluche,104,1702.67
2017,10,Latina,5,Campamento,105,1818.73
2017,10,Latina,6,Cuatro Vientos,106,2253.75
2017,10,Latina,7,Águilas,107,1771.51
2017,11,Carabanchel,1,Comillas,111,1905.85
2017,11,Carabanchel,2,Opañel,112,1714.06
2017,11,Carabanchel,3,San Isidro,113,1881.82
2017,11,Carabanchel,4,Vista Alegre,114,1709.3
2017,11,Carabanchel,5,Puerta Bonita,115,1509.58
2017,11,Carabanchel,6,Buenavista,116,1791.67
2017,11,Carabanchel,7,Abrantes,117,1640.68
2017,12,Usera,1,Orcasitas,121,1419.55
2017,12,Usera,2,Orcasur,122,1419.16
2017,12,Usera,3,San Fermín,123,1417.14
2017,12,Usera,4,Almendrales,124,1888.3
2017,12,Usera,5,Moscardó,125,1668.8
2017,12,Usera,6,Zofío,126,1503.62
2017,12,Usera,7,Pradolongo,127,1480.9
2017,13,Puente de Vallecas,1,Entrevías,131,1207.88
2017,13,Puente de Vallecas,2,San Diego,132,1468.96
2017,13,Puente de Vallecas,3,Palomeras Bajas,133,1512.37
2017,13,Puente de Vallecas,4,Palomeras Sureste,134,1310.56
2017,13,Puente de Vallecas,5,Portazgo,135,1339.35
2017,13,Puente de Vallecas,6,Numancia,136,1509.27
2017,14,Moratalaz,1,Pavones,141,1744.58
2017,14,Moratalaz,2,Horcajo,142,2871.67
2017,14,Moratalaz,3,Marroquina,143,2331.06
2017,14,Moratalaz,4,Media Legua,144,2055.62
2017,14,Moratalaz,5,Fontarrón,145,1831.42
2017,14,Moratalaz,6,Vinateros,146,1891.11
2017,15,Ciudad Lineal,1,Ventas,151,2040.86
2017,15,Ciudad Lineal,2,Pueblo Nuevo,152,1909.86
2017,15,Ciudad Lineal,3,Quintana,153,2362.88
2017,15,Ciudad Lineal,4,La Concepción,154,3050.2
2017,15,Ciudad Lineal,5,San Pascual,155,3351.96
2017,15,Ciudad Lineal,6,San Juan Bautista,156,3672.22
2017,15,Ciudad Lineal,7,Colina,157,3239.28
2017,15,Ciudad Lineal,8,Atalaya,158,3768.78
2017,15,Ciudad Lineal,9,Costillares,159,3363.67
2017,16,Hortaleza,1,Palomas,161,3411.13
2017,16,Hortaleza,2,Piovera,162,3842.37
2017,16,Hortaleza,3,Canillas,163,2663.67
2017,16,Hortaleza,4,Pinar del Rey,164,2329.34
2017,16,Hortaleza,5,Apóstol Santiago,165,2454.31
2017,16,Hortaleza,6,Valdefuentes,166,2874.51
2017,17,Villaverde,1,"Villaverde Alto, Casco Histórico de Villaverde",171,1295.69
2017,17,Villaverde,2,San Cristóbal,172,984.34
2017,17,Villaverde,3,Butarque,173,1464.26
2017,17,Villaverde,4,Los Rosales,174,1363.3
2017,17,Villaverde,5,Ángeles,175,1311
2017,18,Villa de Vallecas,1,Casco Histórico de Vallecas,181,1675.39
2017,18,Villa de Vallecas,2,Santa Eugenia,182,1669.44
2017,18,Villa de Vallecas,3,Ensanche de Vallecas,183,2230.9
2017,19,Vicalvaro,1,Casco Histórico de Vicálvaro,191,1565.07
2017,19,Vicalvaro,2,Valdebernardo,192,2032.44
2017,19,Vicalvaro,3,Valderrivas,193,2238.22
2017,19,Vicalvaro,4,El Cañaveral,194,NA
2017,20,San Blas-Canillejas,1,Simancas,201,1887.16
2017,20,San Blas-Canillejas,2,Hellín,202,1161.14
2017,20,San Blas-Canillejas,3,Amposta,203,1183.21
2017,20,San Blas-Canillejas,4,Arcos,204,1676.72
2017,20,San Blas-Canillejas,5,Rosas,205,2894.59
2017,20,San Blas-Canillejas,6,Rejas,206,2175.62
2017,20,San Blas-Canillejas,7,Canillejas,207,1805.21
2017,20,San Blas-Canillejas,8,El Salvador,208,2692.27
2017,21,Barajas,1,Alameda de Osuna,211,2626.62
2017,21,Barajas,2,Aeropuerto,212,NA
2017,21,Barajas,3,Casco Histórico de Barajas,213,2269.95
2017,21,Barajas,4,Timón,214,2775.45
2017,21,Barajas,5,Corralejos,215,2808.86
2018,1,Centro,1,Palacio,011,4255.3
2018,1,Centro,2,Embajadores,012,4182.95
2018,1,Centro,3,Cortes,013,5303.59
2018,1,Centro,4,Justicia,014,5882.35
2018,1,Centro,5,Universidad,015,5017.09
2018,1,Centro,6,Sol,016,5035.6
2018,2,Arganzuela,1,Imperial,021,3380.81
2018,2,Arganzuela,2,Acacias,022,3940.92
2018,2,Arganzuela,3,Chopera,023,3429.29
2018,2,Arganzuela,4,Legazpi,024,4166.91
2018,2,Arganzuela,5,Delicias,025,3645.75
2018,2,Arganzuela,6,Palos de la Frontera,026,3811.33
2018,2,Arganzuela,7,Atocha,027,NA
2018,3,Retiro,1,Pacífico,031,3938.3
2018,3,Retiro,2,Adelfas,032,3807.3
2018,3,Retiro,3,Estrella,033,3721.52
2018,3,Retiro,4,Ibiza,034,5001.62
2018,3,Retiro,5,Los Jerónimos,035,6004.08
2018,3,Retiro,6,Niño Jesús,036,4922.28
2018,4,Salamanca,1,Recoletos,041,7555.48
2018,4,Salamanca,2,Goya,042,5569.25
2018,4,Salamanca,3,Fuente del Berro,043,4724.5
2018,4,Salamanca,4,Guindalera,044,4075.49
2018,4,Salamanca,5,Lista,045,5511.5
2018,4,Salamanca,6,Castellana,046,6908.64
2018,5,Chamartin,1,El Viso,051,5506.71
2018,5,Chamartin,2,Prosperidad,052,4054.69
2018,5,Chamartin,3,Ciudad Jardín,053,4215.44
2018,5,Chamartin,4,Hispanoamérica,054,5035.74
2018,5,Chamartin,5,Nueva España,055,5719.41
2018,5,Chamartin,6,Castilla,056,4500.53
2018,6,Tetuan,1,Bellas Vistas,061,3097.95
2018,6,Tetuan,2,Cuatro Caminos,062,4067.98
2018,6,Tetuan,3,Castillejos,063,4048.17
2018,6,Tetuan,4,Almenara,064,3066.02
2018,6,Tetuan,5,Valdeacederas,065,2658.04
2018,6,Tetuan,6,Berruguete,066,2817.63
2018,7,Chamberi,1,Gaztambide,071,4831.87
2018,7,Chamberi,2,Arapiles,072,5091.47
2018,7,Chamberi,3,Trafalgar,073,5201.14
2018,7,Chamberi,4,Almagro,074,6257.77
2018,7,Chamberi,5,Ríos Rosas,075,5277.92
2018,7,Chamberi,6,Vallehermoso,076,4564.21
2018,8,Fuencarral-El Pardo,1,El Pardo,081,2430.23
2018,8,Fuencarral-El Pardo,2,Fuentelarreina,082,3580.61
2018,8,Fuencarral-El Pardo,3,Peñagrande,083,3296.22
2018,8,Fuencarral-El Pardo,4,Pilar,084,3162.58
2018,8,Fuencarral-El Pardo,5,La Paz,085,3371.77
2018,8,Fuencarral-El Pardo,6,Valverde,086,2802.72
2018,8,Fuencarral-El Pardo,7,Mirasierra,087,3897.4
2018,8,Fuencarral-El Pardo,8,El Goloso,088,4000.59
2018,9,Moncloa-Aravaca,1,Casa de Campo,091,3179.25
2018,9,Moncloa-Aravaca,2,Argüelles,092,4496.86
2018,9,Moncloa-Aravaca,3,Ciudad Universitaria,093,4134.58
2018,9,Moncloa-Aravaca,4,Valdezarza,094,2872.01
2018,9,Moncloa-Aravaca,5,Valdemarín,095,4022.4
2018,9,Moncloa-Aravaca,6,El Plantío,096,3359.38
2018,9,Moncloa-Aravaca,7,Aravaca,097,3782.06
2018,10,Latina,1,Los Cármenes,101,2021.75
2018,10,Latina,2,Puerta del Angel,102,2323.04
2018,10,Latina,3,Lucero,103,2099.75
2018,10,Latina,4,Aluche,104,2055.34
2018,10,Latina,5,Campamento,105,1951.44
2018,10,Latina,6,Cuatro Vientos,106,2834.24
2018,10,Latina,7,Águilas,107,1948.7
2018,11,Carabanchel,1,Comillas,111,2307.17
2018,11,Carabanchel,2,Opañel,112,2052.6
2018,11,Carabanchel,3,San Isidro,113,2116.27
2018,11,Carabanchel,4,Vista Alegre,114,1865.71
2018,11,Carabanchel,5,Puerta Bonita,115,1743.88
2018,11,Carabanchel,6,Buenavista,116,2058.58
2018,11,Carabanchel,7,Abrantes,117,1774.53
2018,12,Usera,1,Orcasitas,121,1613.76
2018,12,Usera,2,Orcasur,122,1589.99
2018,12,Usera,3,San Fermín,123,1652.42
2018,12,Usera,4,Almendrales,124,1879.19
2018,12,Usera,5,Moscardó,125,1850.22
2018,12,Usera,6,Zofío,126,1667.48
2018,12,Usera,7,Pradolongo,127,1644.78
2018,13,Puente de Vallecas,1,Entrevías,131,1386.87
2018,13,Puente de Vallecas,2,San Diego,132,1652.3
2018,13,Puente de Vallecas,3,Palomeras Bajas,133,1761.74
2018,13,Puente de Vallecas,4,Palomeras Sureste,134,1592.74
2018,13,Puente de Vallecas,5,Portazgo,135,1560.24
2018,13,Puente de Vallecas,6,Numancia,136,1756.26
2018,14,Moratalaz,1,Pavones,141,2148.76
2018,14,Moratalaz,2,Horcajo,142,3199.22
2018,14,Moratalaz,3,Marroquina,143,2641.81
2018,14,Moratalaz,4,Media Legua,144,2228.93
2018,14,Moratalaz,5,Fontarrón,145,2072.53
2018,14,Moratalaz,6,Vinateros,146,2177.14
2018,15,Ciudad Lineal,1,Ventas,151,2411.23
2018,15,Ciudad Lineal,2,Pueblo Nuevo,152,2261.21
2018,15,Ciudad Lineal,3,Quintana,153,2683.15
2018,15,Ciudad Lineal,4,La Concepción,154,3546.02
2018,15,Ciudad Lineal,5,San Pascual,155,3787.03
2018,15,Ciudad Lineal,6,San Juan Bautista,156,3777.39
2018,15,Ciudad Lineal,7,Colina,157,4002.1
2018,15,Ciudad Lineal,8,Atalaya,158,4566.83
2018,15,Ciudad Lineal,9,Costillares,159,3798.47
2018,16,Hortaleza,1,Palomas,161,3943.41
2018,16,Hortaleza,2,Piovera,162,4611.77
2018,16,Hortaleza,3,Canillas,163,3137.68
2018,16,Hortaleza,4,Pinar del Rey,164,2720.43
2018,16,Hortaleza,5,Apóstol Santiago,165,2521.96
2018,16,Hortaleza,6,Valdefuentes,166,3465.62
2018,17,Villaverde,1,"Villaverde Alto, Casco Histórico de Villaverde",171,1524.24
2018,17,Villaverde,2,San Cristóbal,172,1102.64
2018,17,Villaverde,3,Butarque,173,1777.41
2018,17,Villaverde,4,Los Rosales,174,1545.55
2018,17,Villaverde,5,Ángeles,175,1485.56
2018,18,Villa de Vallecas,1,Casco Histórico de Vallecas,181,1751.25
2018,18,Villa de Vallecas,2,Santa Eugenia,182,1952.06
2018,18,Villa de Vallecas,3,Ensanche de Vallecas,183,2308.51
2018,19,Vicalvaro,1,Casco Histórico de Vicálvaro,191,1836.28
2018,19,Vicalvaro,2,Valdebernardo,192,2149.39
2018,19,Vicalvaro,3,Valderrivas,193,2539.71
2018,19,Vicalvaro,4,El Cañaveral,194,1422.61
2018,20,San Blas-Canillejas,1,Simancas,201,2400.68
2018,20,San Blas-Canillejas,2,Hellín,202,1471.98
2018,20,San Blas-Canillejas,3,Amposta,203,1445.71
2018,20,San Blas-Canillejas,4,Arcos,204,1868.45
2018,20,San Blas-Canillejas,5,Rosas,205,3134.44
2018,20,San Blas-Canillejas,6,Rejas,206,2688.39
2018,20,San Blas-Canillejas,7,Canillejas,207,2034.3
2018,20,San Blas-Canillejas,8,El Salvador,208,3131.89
2018,21,Barajas,1,Alameda de Osuna,211,3219.36
2018,21,Barajas,2,Aeropuerto,212,NA
2018,21,Barajas,3,Casco Histórico de Barajas,213,2795.69
2018,21,Barajas,4,Timón,214,3594.92
2018,21,Barajas,5,Corralejos,215,3564.9
2019,1,Centro,1,Palacio,011,5075.34
2019,1,Centro,2,Embajadores,012,4481.49
2019,1,Centro,3,Cortes,013,5494.3
2019,1,Centro,4,Justicia,014,5950.71
2019,1,Centro,5,Universidad,015,5998.24
2019,1,Centro,6,Sol,016,5293.1
2019,2,Arganzuela,1,Imperial,021,3791.71
2019,2,Arganzuela,2,Acacias,022,4646.78
2019,2,Arganzuela,3,Chopera,023,3643.17
2019,2,Arganzuela,4,Legazpi,024,4608.48
2019,2,Arganzuela,5,Delicias,025,3845.47
2019,2,Arganzuela,6,Palos de la Frontera,026,3862.74
2019,2,Arganzuela,7,Atocha,027,NA
2019,3,Retiro,1,Pacífico,031,4269.03
2019,3,Retiro,2,Adelfas,032,4540.71
2019,3,Retiro,3,Estrella,033,4076.81
2019,3,Retiro,4,Ibiza,034,5469.24
2019,3,Retiro,5,Los Jerónimos,035,6715.19
2019,3,Retiro,6,Niño Jesús,036,5524.82
2019,4,Salamanca,1,Recoletos,041,8553.75
2019,4,Salamanca,2,Goya,042,5895.89
2019,4,Salamanca,3,Fuente del Berro,043,4797.72
2019,4,Salamanca,4,Guindalera,044,4573.78
2019,4,Salamanca,5,Lista,045,6030.55
2019,4,Salamanca,6,Castellana,046,7975.95
2019,5,Chamartin,1,El Viso,051,6413.03
2019,5,Chamartin,2,Prosperidad,052,4406.3
2019,5,Chamartin,3,Ciudad Jardín,053,4400.14
2019,5,Chamartin,4,Hispanoamérica,054,5469.64
2019,5,Chamartin,5,Nueva España,055,6325.86
2019,5,Chamartin,6,Castilla,056,4042.11
2019,6,Tetuan,1,Bellas Vistas,061,3427
2019,6,Tetuan,2,Cuatro Caminos,062,4440.52
2019,6,Tetuan,3,Castillejos,063,4448.78
2019,6,Tetuan,4,Almenara,064,3203.9
2019,6,Tetuan,5,Valdeacederas,065,3049.99
2019,6,Tetuan,6,Berruguete,066,2989.74
2019,7,Chamberi,1,Gaztambide,071,5493.24
2019,7,Chamberi,2,Arapiles,072,5661.02
2019,7,Chamberi,3,Trafalgar,073,5516.8
2019,7,Chamberi,4,Almagro,074,6345.97
2019,7,Chamberi,5,Ríos Rosas,075,5421.65
2019,7,Chamberi,6,Vallehermoso,076,4739.14
2019,8,Fuencarral-El Pardo,1,El Pardo,081,NA
2019,8,Fuencarral-El Pardo,2,Fuentelarreina,082,3762.46
2019,8,Fuencarral-El Pardo,3,Peñagrande,083,3449.96
2019,8,Fuencarral-El Pardo,4,Pilar,084,3435.9
2019,8,Fuencarral-El Pardo,5,La Paz,085,3643.28
2019,8,Fuencarral-El Pardo,6,Valverde,086,3482.97
2019,8,Fuencarral-El Pardo,7,Mirasierra,087,3097.57
2019,8,Fuencarral-El Pardo,8,El Goloso,088,5244.35
2019,9,Moncloa-Aravaca,1,Casa de Campo,091,3339.15
2019,9,Moncloa-Aravaca,2,Argüelles,092,4784.89
2019,9,Moncloa-Aravaca,3,Ciudad Universitaria,093,4360.67
2019,9,Moncloa-Aravaca,4,Valdezarza,094,3187.92
2019,9,Moncloa-Aravaca,5,Valdemarín,095,4806.85
2019,9,Moncloa-Aravaca,6,El Plantío,096,3146.36
2019,9,Moncloa-Aravaca,7,Aravaca,097,4059.23
2019,10,Latina,1,Los Cármenes,101,2468.47
2019,10,Latina,2,Puerta del Angel,102,2574.74
2019,10,Latina,3,Lucero,103,2230.17
2019,10,Latina,4,Aluche,104,2178.89
2019,10,Latina,5,Campamento,105,2078.73
2019,10,Latina,6,Cuatro Vientos,106,3199.68
2019,10,Latina,7,Águilas,107,2243.51
2019,11,Carabanchel,1,Comillas,111,2503.79
2019,11,Carabanchel,2,Opañel,112,2278.29
2019,11,Carabanchel,3,San Isidro,113,2211.32
2019,11,Carabanchel,4,Vista Alegre,114,2128.06
2019,11,Carabanchel,5,Puerta Bonita,115,1987.58
2019,11,Carabanchel,6,Buenavista,116,2306.07
2019,11,Carabanchel,7,Abrantes,117,1901.37
2019,12,Usera,1,Orcasitas,121,1750.82
2019,12,Usera,2,Orcasur,122,1678.25
2019,12,Usera,3,San Fermín,123,1851.29
2019,12,Usera,4,Almendrales,124,2023.67
2019,12,Usera,5,Moscardó,125,2059.12
2019,12,Usera,6,Zofío,126,1990.79
2019,12,Usera,7,Pradolongo,127,1862.41
2019,13,Puente de Vallecas,1,Entrevías,131,1660.4
2019,13,Puente de Vallecas,2,San Diego,132,1930.5
2019,13,Puente de Vallecas,3,Palomeras Bajas,133,1870.45
2019,13,Puente de Vallecas,4,Palomeras Sureste,134,1648.98
2019,13,Puente de Vallecas,5,Portazgo,135,1773.79
2019,13,Puente de Vallecas,6,Numancia,136,2003.37
2019,14,Moratalaz,1,Pavones,141,1997.15
2019,14,Moratalaz,2,Horcajo,142,NA
2019,14,Moratalaz,3,Marroquina,143,2902.56
2019,14,Moratalaz,4,Media Legua,144,2606.9
2019,14,Moratalaz,5,Fontarrón,145,2285.44
2019,14,Moratalaz,6,Vinateros,146,2367.34
2019,15,Ciudad Lineal,1,Ventas,151,2717.39
2019,15,Ciudad Lineal,2,Pueblo Nuevo,152,2433.13
2019,15,Ciudad Lineal,3,Quintana,153,3144.46
2019,15,Ciudad Lineal,4,La Concepción,154,4002.51
2019,15,Ciudad Lineal,5,San Pascual,155,4139.15
2019,15,Ciudad Lineal,6,San Juan Bautista,156,4106.55
2019,15,Ciudad Lineal,7,Colina,157,4259.03
2019,15,Ciudad Lineal,8,Atalaya,158,4973.31
2019,15,Ciudad Lineal,9,Costillares,159,4158.38
2019,16,Hortaleza,1,Palomas,161,4219.48
2019,16,Hortaleza,2,Piovera,162,4733.19
2019,16,Hortaleza,3,Canillas,163,3298.16
2019,16,Hortaleza,4,Pinar del Rey,164,2748.42
2019,16,Hortaleza,5,Apóstol Santiago,165,3151.26
2019,16,Hortaleza,6,Valdefuentes,166,3487.54
2019,17,Villaverde,1,"Villaverde Alto, Casco Histórico de Villaverde",171,1631.78
2019,17,Villaverde,2,San Cristóbal,172,1320.19
2019,17,Villaverde,3,Butarque,173,1925.18
2019,17,Villaverde,4,Los Rosales,174,1783.33
2019,17,Villaverde,5,Ángeles,175,1868.58
2019,18,Villa de Vallecas,1,Casco Histórico de Vallecas,181,2073.53
2019,18,Villa de Vallecas,2,Santa Eugenia,182,2091.94
2019,18,Villa de Vallecas,3,Ensanche de Vallecas,183,2331.86
2019,19,Vicalvaro,1,Casco Histórico de Vicálvaro,191,2140.71
2019,19,Vicalvaro,2,Valdebernardo,192,2517.6
2019,19,Vicalvaro,3,Valderrivas,193,2658.79
2019,19,Vicalvaro,4,El Cañaveral,194,1672.79
2019,20,San Blas-Canillejas,1,Simancas,201,2504.9
2019,20,San Blas-Canillejas,2,Hellín,202,1593.7
2019,20,San Blas-Canillejas,3,Amposta,203,1690.79
2019,20,San Blas-Canillejas,4,Arcos,204,2041.64
2019,20,San Blas-Canillejas,5,Rosas,205,3448.63
2019,20,San Blas-Canillejas,6,Rejas,206,1816.06
2019,20,San Blas-Canillejas,7,Canillejas,207,2367.47
2019,20,San Blas-Canillejas,8,El Salvador,208,3396.79
2019,21,Barajas,1,Alameda de Osuna,211,2961.24
2019,21,Barajas,2,Aeropuerto,212,NA
2019,21,Barajas,3,Casco Histórico de Barajas,213,2978.6
2019,21,Barajas,4,Timón,214,3106.26
2019,21,Barajas,5,Corralejos,215,3613.8
2020,1,Centro,1,Palacio,011,5034.49
2020,1,Centro,2,Embajadores,012,4585.04
2020,1,Centro,3,Cortes,013,4989.95
2020,1,Centro,4,Justicia,014,6229.04
2020,1,Centro,5,Universidad,015,5132.6
2020,1,Centro,6,Sol,016,9215.34
2020,2,Arganzuela,1,Imperial,021,3325.56
2020,2,Arganzuela,2,Acacias,022,4276.75
2020,2,Arganzuela,3,Chopera,023,3830.66
2020,2,Arganzuela,4,Legazpi,024,5493.48
2020,2,Arganzuela,5,Delicias,025,4516.38
2020,2,Arganzuela,6,Palos de la Frontera,026,4074.57
2020,2,Arganzuela,7,Atocha,027,4168.55
2020,3,Retiro,1,Pacífico,031,4113.3
2020,3,Retiro,2,Adelfas,032,4258.4
2020,3,Retiro,3,Estrella,033,4010.22
2020,3,Retiro,4,Ibiza,034,5508.11
2020,3,Retiro,5,Los Jerónimos,035,6653.21
2020,3,Retiro,6,Niño Jesús,036,5080.49
2020,4,Salamanca,1,Recoletos,041,8254.5
2020,4,Salamanca,2,Goya,042,5587.62
2020,4,Salamanca,3,Fuente del Berro,043,4734.29
2020,4,Salamanca,4,Guindalera,044,4669.41
2020,4,Salamanca,5,Lista,045,6095.97
2020,4,Salamanca,6,Castellana,046,7487.38
2020,5,Chamartin,1,El Viso,051,6861.72
2020,5,Chamartin,2,Prosperidad,052,4334.71
2020,5,Chamartin,3,Ciudad Jardín,053,4464.58
2020,5,Chamartin,4,Hispanoamérica,054,5158.11
2020,5,Chamartin,5,Nueva España,055,6351.07
2020,5,Chamartin,6,Castilla,056,4187.83
2020,6,Tetuan,1,Bellas Vistas,061,3446.77
2020,6,Tetuan,2,Cuatro Caminos,062,4412.33
2020,6,Tetuan,3,Castillejos,063,4480.5
2020,6,Tetuan,4,Almenara,064,2802.31
2020,6,Tetuan,5,Valdeacederas,065,3139.79
2020,6,Tetuan,6,Berruguete,066,3273.71
2020,7,Chamberi,1,Gaztambide,071,5086.21
2020,7,Chamberi,2,Arapiles,072,5304.27
2020,7,Chamberi,3,Trafalgar,073,5626.61
2020,7,Chamberi,4,Almagro,074,6778.41
2020,7,Chamberi,5,Ríos Rosas,075,5240.96
2020,7,Chamberi,6,Vallehermoso,076,4882.43
2020,8,Fuencarral-El Pardo,1,El Pardo,081,NA
2020,8,Fuencarral-El Pardo,2,Fuentelarreina,082,4204.21
2020,8,Fuencarral-El Pardo,3,Peñagrande,083,3371.99
2020,8,Fuencarral-El Pardo,4,Pilar,084,3347.02
2020,8,Fuencarral-El Pardo,5,La Paz,085,3377.56
2020,8,Fuencarral-El Pardo,6,Valverde,086,3454.15
2020,8,Fuencarral-El Pardo,7,Mirasierra,087,4012.29
2020,8,Fuencarral-El Pardo,8,El Goloso,088,5197.95
2020,9,Moncloa-Aravaca,1,Casa de Campo,091,3420.86
2020,9,Moncloa-Aravaca,2,Argüelles,092,5166.85
2020,9,Moncloa-Aravaca,3,Ciudad Universitaria,093,3755.05
2020,9,Moncloa-Aravaca,4,Valdezarza,094,3224.64
2020,9,Moncloa-Aravaca,5,Valdemarín,095,3987.21
2020,9,Moncloa-Aravaca,6,El Plantío,096,4576.47
2020,9,Moncloa-Aravaca,7,Aravaca,097,3891.01
2020,10,Latina,1,Los Cármenes,101,2319.7
2020,10,Latina,2,Puerta del Angel,102,2575.67
2020,10,Latina,3,Lucero,103,2334.97
2020,10,Latina,4,Aluche,104,2530.65
2020,10,Latina,5,Campamento,105,2156.49
2020,10,Latina,6,Cuatro Vientos,106,3125.68
2020,10,Latina,7,Águilas,107,2212.08
2020,11,Carabanchel,1,Comillas,111,2756.18
2020,11,Carabanchel,2,Opañel,112,2532.89
2020,11,Carabanchel,3,San Isidro,113,2554.98
2020,11,Carabanchel,4,Vista Alegre,114,2122.1
2020,11,Carabanchel,5,Puerta Bonita,115,2054.07
2020,11,Carabanchel,6,Buenavista,116,2355.22
2020,11,Carabanchel,7,Abrantes,117,1951.76
2020,12,Usera,1,Orcasitas,121,1747.23
2020,12,Usera,2,Orcasur,122,1761.21
2020,12,Usera,3,San Fermín,123,1941.35
2020,12,Usera,4,Almendrales,124,2738.97
2020,12,Usera,5,Moscardó,125,2033.62
2020,12,Usera,6,Zofío,126,1920.8
2020,12,Usera,7,Pradolongo,127,1940.2
2020,13,Puente de Vallecas,1,Entrevías,131,1712.29
2020,13,Puente de Vallecas,2,San Diego,132,1953.47
2020,13,Puente de Vallecas,3,Palomeras Bajas,133,1963.09
2020,13,Puente de Vallecas,4,Palomeras Sureste,134,1748.82
2020,13,Puente de Vallecas,5,Portazgo,135,1792.21
2020,13,Puente de Vallecas,6,Numancia,136,2106.4
2020,14,Moratalaz,1,Pavones,141,2225.09
2020,14,Moratalaz,2,Horcajo,142,NA
2020,14,Moratalaz,3,Marroquina,143,2783.03
2020,14,Moratalaz,4,Media Legua,144,2619.85
2020,14,Moratalaz,5,Fontarrón,145,2175.53
2020,14,Moratalaz,6,Vinateros,146,2405.58
2020,15,Ciudad Lineal,1,Ventas,151,2762.8
2020,15,Ciudad Lineal,2,Pueblo Nuevo,152,2505.02
2020,15,Ciudad Lineal,3,Quintana,153,3221.55
2020,15,Ciudad Lineal,4,La Concepción,154,3753.9
2020,15,Ciudad Lineal,5,San Pascual,155,4252.92
2020,15,Ciudad Lineal,6,San Juan Bautista,156,3909.33
2020,15,Ciudad Lineal,7,Colina,157,4544.25
2020,15,Ciudad Lineal,8,Atalaya,158,NA
2020,15,Ciudad Lineal,9,Costillares,159,4400.22
2020,16,Hortaleza,1,Palomas,161,3931.51
2020,16,Hortaleza,2,Piovera,162,4904.19
2020,16,Hortaleza,3,Canillas,163,3354.6
2020,16,Hortaleza,4,Pinar del Rey,164,2955.26
2020,16,Hortaleza,5,Apóstol Santiago,165,3787.62
2020,16,Hortaleza,6,Valdefuentes,166,3364.21
2020,17,Villaverde,1,"Villaverde Alto, Casco Histórico de Villaverde",171,1714.38
2020,17,Villaverde,2,San Cristóbal,172,1375.61
2020,17,Villaverde,3,Butarque,173,1874.74
2020,17,Villaverde,4,Los Rosales,174,1818.14
2020,17,Villaverde,5,Ángeles,175,1761.69
2020,18,Villa de Vallecas,1,Casco Histórico de Vallecas,181,1975.6
2020,18,Villa de Vallecas,2,Santa Eugenia,182,2110.49
2020,18,Villa de Vallecas,3,Ensanche de Vallecas,183,2841.85
2020,19,Vicalvaro,1,Casco Histórico de Vicálvaro,191,2211.77
2020,19,Vicalvaro,2,Valdebernardo,192,2620.36
2020,19,Vicalvaro,3,Valderrivas,193,3018.37
2020,19,Vicalvaro,4,El Cañaveral,194,2147.81
2020,20,San Blas-Canillejas,1,Simancas,201,2553.12
2020,20,San Blas-Canillejas,2,Hellín,202,1699.42
2020,20,San Blas-Canillejas,3,Amposta,203,1799.06
2020,20,San Blas-Canillejas,4,Arcos,204,2806.11
2020,20,San Blas-Canillejas,5,Rosas,205,3499.95
2020,20,San Blas-Canillejas,6,Rejas,206,2657.17
2020,20,San Blas-Canillejas,7,Canillejas,207,2417.52
2020,20,San Blas-Canillejas,8,El Salvador,208,3192.05
2020,21,Barajas,1,Alameda de Osuna,211,4015.02
2020,21,Barajas,2,Aeropuerto,212,NA
2020,21,Barajas,3,Casco Histórico de Barajas,213,2697.8
2020,21,Barajas,4,Timón,214,2639.48
2020,21,Barajas,5,Corralejos,215,3660.35
2021,1,Centro,1,Palacio,011,4851.23
2021,1,Centro,2,Embajadores,012,4300.67
2021,1,Centro,3,Cortes,013,5049.77
2021,1,Centro,4,Justicia,014,6166.2
2021,1,Centro,5,Universidad,015,4977.11
2021,1,Centro,6,Sol,016,5113.98
2021,2,Arganzuela,1,Imperial,021,3561.44
2021,2,Arganzuela,2,Acacias,022,4195.41
2021,2,Arganzuela,3,Chopera,023,3553.34
2021,2,Arganzuela,4,Legazpi,024,4375.25
2021,2,Arganzuela,5,Delicias,025,3898.72
2021,2,Arganzuela,6,Palos de la Frontera,026,3945.48
2021,2,Arganzuela,7,Atocha,027,5742.49
2021,3,Retiro,1,Pacífico,031,4172.72
2021,3,Retiro,2,Adelfas,032,4465.68
2021,3,Retiro,3,Estrella,033,4008.15
2021,3,Retiro,4,Ibiza,034,5556.97
2021,3,Retiro,5,Los Jerónimos,035,6623.76
2021,3,Retiro,6,Niño Jesús,036,5415.86
2021,4,Salamanca,1,Recoletos,041,8348.93
2021,4,Salamanca,2,Goya,042,5994.11
2021,4,Salamanca,3,Fuente del Berro,043,5028.14
2021,4,Salamanca,4,Guindalera,044,4568.96
2021,4,Salamanca,5,Lista,045,5691.87
2021,4,Salamanca,6,Castellana,046,6933.03
2021,5,Chamartin,1,El Viso,051,6888.17
2021,5,Chamartin,2,Prosperidad,052,4393.45
2021,5,Chamartin,3,Ciudad Jardín,053,4861.42
2021,5,Chamartin,4,Hispanoamérica,054,5456.99
2021,5,Chamartin,5,Nueva España,055,6172.91
2021,5,Chamartin,6,Castilla,056,4105.89
2021,6,Tetuan,1,Bellas Vistas,061,3523.47
2021,6,Tetuan,2,Cuatro Caminos,062,4397.06
2021,6,Tetuan,3,Castillejos,063,4288.21
2021,6,Tetuan,4,Almenara,064,3291.43
2021,6,Tetuan,5,Valdeacederas,065,3331.4
2021,6,Tetuan,6,Berruguete,066,3302.37
2021,7,Chamberi,1,Gaztambide,071,5174.6
2021,7,Chamberi,2,Arapiles,072,5357.23
2021,7,Chamberi,3,Trafalgar,073,5476.8
2021,7,Chamberi,4,Almagro,074,7373.38
2021,7,Chamberi,5,Ríos Rosas,075,5782.02
2021,7,Chamberi,6,Vallehermoso,076,5044.46
2021,8,Fuencarral-El Pardo,1,El Pardo,081,3021.76
2021,8,Fuencarral-El Pardo,2,Fuentelarreina,082,3740.43
2021,8,Fuencarral-El Pardo,3,Peñagrande,083,3554.93
2021,8,Fuencarral-El Pardo,4,Pilar,084,3436.49
2021,8,Fuencarral-El Pardo,5,La Paz,085,3672.89
2021,8,Fuencarral-El Pardo,6,Valverde,086,4408.98
2021,8,Fuencarral-El Pardo,7,Mirasierra,087,4464.42
2021,8,Fuencarral-El Pardo,8,El Goloso,088,5364.9
2021,9,Moncloa-Aravaca,1,Casa de Campo,091,3758.61
2021,9,Moncloa-Aravaca,2,Argüelles,092,6065.12
2021,9,Moncloa-Aravaca,3,Ciudad Universitaria,093,4319.97
2021,9,Moncloa-Aravaca,4,Valdezarza,094,3004.08
2021,9,Moncloa-Aravaca,5,Valdemarín,095,4563.39
2021,9,Moncloa-Aravaca,6,El Plantío,096,4267.15
2021,9,Moncloa-Aravaca,7,Aravaca,097,3993.14
2021,10,Latina,1,Los Cármenes,101,2465.68
2021,10,Latina,2,Puerta del Angel,102,2611.52
2021,10,Latina,3,Lucero,103,2294.92
2021,10,Latina,4,Aluche,104,2247.29
2021,10,Latina,5,Campamento,105,2159.81
2021,10,Latina,6,Cuatro Vientos,106,3086.26
2021,10,Latina,7,Águilas,107,2153.24
2021,11,Carabanchel,1,Comillas,111,2658.56
2021,11,Carabanchel,2,Opañel,112,2433.51
2021,11,Carabanchel,3,San Isidro,113,2473.89
2021,11,Carabanchel,4,Vista Alegre,114,2193.55
2021,11,Carabanchel,5,Puerta Bonita,115,2054.57
2021,11,Carabanchel,6,Buenavista,116,2365.26
2021,11,Carabanchel,7,Abrantes,117,2013.23
2021,12,Usera,1,Orcasitas,121,1865.41
2021,12,Usera,2,Orcasur,122,1909.23
2021,12,Usera,3,San Fermín,123,1876.29
2021,12,Usera,4,Almendrales,124,2561.77
2021,12,Usera,5,Moscardó,125,2131.12
2021,12,Usera,6,Zofío,126,1755.15
2021,12,Usera,7,Pradolongo,127,1871.77
2021,13,Puente de Vallecas,1,Entrevías,131,1735.19
2021,13,Puente de Vallecas,2,San Diego,132,2014.65
2021,13,Puente de Vallecas,3,Palomeras Bajas,133,1995.5
2021,13,Puente de Vallecas,4,Palomeras Sureste,134,1832.09
2021,13,Puente de Vallecas,5,Portazgo,135,1827.73
2021,13,Puente de Vallecas,6,Numancia,136,1933.99
2021,14,Moratalaz,1,Pavones,141,2117.7
2021,14,Moratalaz,2,Horcajo,142,3376.86
2021,14,Moratalaz,3,Marroquina,143,2927.88
2021,14,Moratalaz,4,Media Legua,144,2633.99
2021,14,Moratalaz,5,Fontarrón,145,2232.85
2021,14,Moratalaz,6,Vinateros,146,2474.83
2021,15,Ciudad Lineal,1,Ventas,151,2734.37
2021,15,Ciudad Lineal,2,Pueblo Nuevo,152,2598.24
2021,15,Ciudad Lineal,3,Quintana,153,3153.58
2021,15,Ciudad Lineal,4,La Concepción,154,3710.07
2021,15,Ciudad Lineal,5,San Pascual,155,3834
2021,15,Ciudad Lineal,6,San Juan Bautista,156,4145.15
2021,15,Ciudad Lineal,7,Colina,157,4219.16
2021,15,Ciudad Lineal,8,Atalaya,158,NA
2021,15,Ciudad Lineal,9,Costillares,159,4225.62
2021,16,Hortaleza,1,Palomas,161,4163.92
2021,16,Hortaleza,2,Piovera,162,5016.52
2021,16,Hortaleza,3,Canillas,163,3483.42
2021,16,Hortaleza,4,Pinar del Rey,164,3040.79
2021,16,Hortaleza,5,Apóstol Santiago,165,2741.61
2021,16,Hortaleza,6,Valdefuentes,166,4210.5
2021,17,Villaverde,1,"Villaverde Alto, Casco Histórico de Villaverde",171,1939.98
2021,17,Villaverde,2,San Cristóbal,172,1294
2021,17,Villaverde,3,Butarque,173,2059.11
2021,17,Villaverde,4,Los Rosales,174,1825.08
2021,17,Villaverde,5,Ángeles,175,1868.11
2021,18,Villa de Vallecas,1,Casco Histórico de Vallecas,181,1919.04
2021,18,Villa de Vallecas,2,Santa Eugenia,182,2097.05
2021,18,Villa de Vallecas,3,Ensanche de Vallecas,183,2709.91
2021,19,Vicalvaro,1,Casco Histórico de Vicálvaro,191,2283.62
2021,19,Vicalvaro,2,Valdebernardo,192,2700.81
2021,19,Vicalvaro,3,Valderrivas,193,2782.31
2021,19,Vicalvaro,4,El Cañaveral,194,2412.27
2021,20,San Blas-Canillejas,1,Simancas,201,2555.44
2021,20,San Blas-Canillejas,2,Hellín,202,1749.24
2021,20,San Blas-Canillejas,3,Amposta,203,1740.28
2021,20,San Blas-Canillejas,4,Arcos,204,3224.91
2021,20,San Blas-Canillejas,5,Rosas,205,3350.6
2021,20,San Blas-Canillejas,6,Rejas,206,2971.39
2021,20,San Blas-Canillejas,7,Canillejas,207,2369.55
2021,20,San Blas-Canillejas,8,El Salvador,208,3860.72
2021,21,Barajas,1,Alameda de Osuna,211,3400.47
2021,21,Barajas,2,Aeropuerto,212,NA
2021,21,Barajas,3,Casco Histórico de Barajas,213,3077.1
2021,21,Barajas,4,Timón,214,3267.12
2021,21,Barajas,5,Corralejos,215,3581.79
2022,1,Centro,1,Palacio,011,5410.14
2022,1,Centro,2,Embajadores,012,4624.29
2022,1,Centro,3,Cortes,013,5729.37
2022,1,Centro,4,Justicia,014,6919.11
2022,1,Centro,5,Universidad,015,5753.05
2022,1,Centro,6,Sol,016,5054.5
2022,2,Arganzuela,1,Imperial,021,3953.99
2022,2,Arganzuela,2,Acacias,022,5292.83
2022,2,Arganzuela,3,Chopera,023,4207.17
2022,2,Arganzuela,4,Legazpi,024,4768.29
2022,2,Arganzuela,5,Delicias,025,4376.4
2022,2,Arganzuela,6,Palos de la Frontera,026,4359.85
2022,2,Arganzuela,7,Atocha,027,NA
2022,3,Retiro,1,Pacífico,031,4390.07
2022,3,Retiro,2,Adelfas,032,4381.49
2022,3,Retiro,3,Estrella,033,4760.98
2022,3,Retiro,4,Ibiza,034,6060.71
2022,3,Retiro,5,Los Jerónimos,035,7904.28
2022,3,Retiro,6,Niño Jesús,036,5894.47
2022,4,Salamanca,1,Recoletos,041,10436.44
2022,4,Salamanca,2,Goya,042,6682.47
2022,4,Salamanca,3,Fuente del Berro,043,5330.23
2022,4,Salamanca,4,Guindalera,044,4823.96
2022,4,Salamanca,5,Lista,045,6229.51
2022,4,Salamanca,6,Castellana,046,7757.61
2022,5,Chamartin,1,El Viso,051,7061.58
2022,5,Chamartin,2,Prosperidad,052,5053.89
2022,5,Chamartin,3,Ciudad Jardín,053,5191.32
2022,5,Chamartin,4,Hispanoamérica,054,6229.68
2022,5,Chamartin,5,Nueva España,055,5660.08
2022,5,Chamartin,6,Castilla,056,5098.72
2022,6,Tetuan,1,Bellas Vistas,061,3771.22
2022,6,Tetuan,2,Cuatro Caminos,062,4802.46
2022,6,Tetuan,3,Castillejos,063,4847.93
2022,6,Tetuan,4,Almenara,064,3194.29
2022,6,Tetuan,5,Valdeacederas,065,3404.75
2022,6,Tetuan,6,Berruguete,066,3310.06
2022,7,Chamberi,1,Gaztambide,071,5605.32
2022,7,Chamberi,2,Arapiles,072,5964.52
2022,7,Chamberi,3,Trafalgar,073,6215.88
2022,7,Chamberi,4,Almagro,074,7595.59
2022,7,Chamberi,5,Ríos Rosas,075,6238.76
2022,7,Chamberi,6,Vallehermoso,076,5577.05
2022,8,Fuencarral-El Pardo,1,El Pardo,081,3326.83
2022,8,Fuencarral-El Pardo,2,Fuentelarreina,082,4274.97
2022,8,Fuencarral-El Pardo,3,Peñagrande,083,3992.9
2022,8,Fuencarral-El Pardo,4,Pilar,084,3788.2
2022,8,Fuencarral-El Pardo,5,La Paz,085,3969.93
2022,8,Fuencarral-El Pardo,6,Valverde,086,4003.8
2022,8,Fuencarral-El Pardo,7,Mirasierra,087,4281.56
2022,8,Fuencarral-El Pardo,8,El Goloso,088,5565.28
2022,9,Moncloa-Aravaca,1,Casa de Campo,091,4134.56
2022,9,Moncloa-Aravaca,2,Argüelles,092,5856.06
2022,9,Moncloa-Aravaca,3,Ciudad Universitaria,093,4486.39
2022,9,Moncloa-Aravaca,4,Valdezarza,094,3238.76
2022,9,Moncloa-Aravaca,5,Valdemarín,095,5168.96
2022,9,Moncloa-Aravaca,6,El Plantío,096,4544.1
2022,9,Moncloa-Aravaca,7,Aravaca,097,4361.71
2022,10,Latina,1,Los Cármenes,101,2672.55
2022,10,Latina,2,Puerta del Angel,102,2796.26
2022,10,Latina,3,Lucero,103,2408.06
2022,10,Latina,4,Aluche,104,2362.33
2022,10,Latina,5,Campamento,105,2379.49
2022,10,Latina,6,Cuatro Vientos,106,3092.2
2022,10,Latina,7,Águilas,107,2350.98
2022,11,Carabanchel,1,Comillas,111,2838.59
2022,11,Carabanchel,2,Opañel,112,2500.72
2022,11,Carabanchel,3,San Isidro,113,2630.78
2022,11,Carabanchel,4,Vista Alegre,114,2236.79
2022,11,Carabanchel,5,Puerta Bonita,115,2125.93
2022,11,Carabanchel,6,Buenavista,116,2637.71
2022,11,Carabanchel,7,Abrantes,117,2210.36
2022,12,Usera,1,Orcasitas,121,1654.28
2022,12,Usera,2,Orcasur,122,2850.8
2022,12,Usera,3,San Fermín,123,2044.48
2022,12,Usera,4,Almendrales,124,2409.57
2022,12,Usera,5,Moscardó,125,2379.49
2022,12,Usera,6,Zofío,126,2107.67
2022,12,Usera,7,Pradolongo,127,NA
2022,13,Puente de Vallecas,1,Entrevías,131,1826.99
2022,13,Puente de Vallecas,2,San Diego,132,2143.48
2022,13,Puente de Vallecas,3,Palomeras Bajas,133,2128.24
2022,13,Puente de Vallecas,4,Palomeras Sureste,134,2148.95
2022,13,Puente de Vallecas,5,Portazgo,135,2061.83
2022,13,Puente de Vallecas,6,Numancia,136,2194.78
2022,14,Moratalaz,1,Pavones,141,2357.79
2022,14,Moratalaz,2,Horcajo,142,3648.54
2022,14,Moratalaz,3,Marroquina,143,3143.33
2022,14,Moratalaz,4,Media Legua,144,2904.81
2022,14,Moratalaz,5,Fontarrón,145,2509.27
2022,14,Moratalaz,6,Vinateros,146,2544.08
2022,15,Ciudad Lineal,1,Ventas,151,2995.68
2022,15,Ciudad Lineal,2,Pueblo Nuevo,152,2946.9
2022,15,Ciudad Lineal,3,Quintana,153,3401.96
2022,15,Ciudad Lineal,4,La Concepción,154,4069.36
2022,15,Ciudad Lineal,5,San Pascual,155,4257.74
2022,15,Ciudad Lineal,6,San Juan Bautista,156,4836.38
2022,15,Ciudad Lineal,7,Colina,157,4920.05
2022,15,Ciudad Lineal,8,Atalaya,158,5625.3
2022,15,Ciudad Lineal,9,Costillares,159,4692.53
2022,16,Hortaleza,1,Palomas,161,3990.82
2022,16,Hortaleza,2,Piovera,162,5397.85
2022,16,Hortaleza,3,Canillas,163,3629.84
2022,16,Hortaleza,4,Pinar del Rey,164,3223.52
2022,16,Hortaleza,5,Apóstol Santiago,165,3461.16
2022,16,Hortaleza,6,Valdefuentes,166,4162.66
2022,17,Villaverde,1,"Villaverde Alto, Casco Histórico de Villaverde",171,1938.69
2022,17,Villaverde,2,San Cristóbal,172,1421.79
2022,17,Villaverde,3,Butarque,173,2093.01
2022,17,Villaverde,4,Los Rosales,174,1931.08
2022,17,Villaverde,5,Ángeles,175,1903.27
2022,18,Villa de Vallecas,1,Casco Histórico de Vallecas,181,2249.42
2022,18,Villa de Vallecas,2,Santa Eugenia,182,2329.55
2022,18,Villa de Vallecas,3,Ensanche de Vallecas,183,2980.25
2022,19,Vicalvaro,1,Casco Histórico de Vicálvaro,191,2441.88
2022,19,Vicalvaro,2,Valdebernardo,192,2583.79
2022,19,Vicalvaro,3,Valderrivas,193,3345.94
2022,19,Vicalvaro,4,El Cañaveral,194,2608.58
2022,20,San Blas-Canillejas,1,Simancas,201,2849.47
2022,20,San Blas-Canillejas,2,Hellín,202,1876.12
2022,20,San Blas-Canillejas,3,Amposta,203,1833.19
2022,20,San Blas-Canillejas,4,Arcos,204,2465.83
2022,20,San Blas-Canillejas,5,Rosas,205,4245.07
2022,20,San Blas-Canillejas,6,Rejas,206,3040.61
2022,20,San Blas-Canillejas,7,Canillejas,207,2485.67
2022,20,San Blas-Canillejas,8,El Salvador,208,3921.23
2022,21,Barajas,1,Alameda de Osuna,211,3486.01
2022,21,Barajas,2,Aeropuerto,212,NA
2022,21,Barajas,3,Casco Histórico de Barajas,213,3202.44
2022,21,Barajas,4,Timón,214,3505.72
2022,21,Barajas,5,Corralejos,215,3673.5
2023,1,Centro,1,Palacio,011,5659.44
2023,1,Centro,2,Embajadores,012,4825.25
2023,1,Centro,3,Cortes,013,6099.39
2023,1,Centro,4,Justicia,014,7568.22
2023,1,Centro,5,Universidad,015,5710.69
2023,1,Centro,6,Sol,016,5687.75
2023,2,Arganzuela,1,Imperial,021,4351.64
2023,2,Arganzuela,2,Acacias,022,4699.92
2023,2,Arganzuela,3,Chopera,023,4173.01
2023,2,Arganzuela,4,Legazpi,024,5137.8
2023,2,Arganzuela,5,Delicias,025,4338.14
2023,2,Arganzuela,6,Palos de la Frontera,026,4640.72
2023,2,Arganzuela,7,Atocha,027,NA
2023,3,Retiro,1,Pacífico,031,4756.3
2023,3,Retiro,2,Adelfas,032,4412.55
2023,3,Retiro,3,Estrella,033,4446.83
2023,3,Retiro,4,Ibiza,034,6694.29
2023,3,Retiro,5,Los Jerónimos,035,7785.27
2023,3,Retiro,6,Niño Jesús,036,5875.44
2023,4,Salamanca,1,Recoletos,041,11905.33
2023,4,Salamanca,2,Goya,042,7497.63
2023,4,Salamanca,3,Fuente del Berro,043,5701.33
2023,4,Salamanca,4,Guindalera,044,5305.78
2023,4,Salamanca,5,Lista,045,7426.62
2023,4,Salamanca,6,Castellana,046,8983.97
2023,5,Chamartin,1,El Viso,051,7235.62
2023,5,Chamartin,2,Prosperidad,052,5010.83
2023,5,Chamartin,3,Ciudad Jardín,053,5627.01
2023,5,Chamartin,4,Hispanoamérica,054,6322.94
2023,5,Chamartin,5,Nueva España,055,7026.52
2023,5,Chamartin,6,Castilla,056,4596.6
2023,6,Tetuan,1,Bellas Vistas,061,4005.91
2023,6,Tetuan,2,Cuatro Caminos,062,5096.26
2023,6,Tetuan,3,Castillejos,063,4949.86
2023,6,Tetuan,4,Almenara,064,4046.93
2023,6,Tetuan,5,Valdeacederas,065,5060.01
2023,6,Tetuan,6,Berruguete,066,3674.61
2023,7,Chamberi,1,Gaztambide,071,6618.75
2023,7,Chamberi,2,Arapiles,072,6431.52
2023,7,Chamberi,3,Trafalgar,073,6628.31
2023,7,Chamberi,4,Almagro,074,8249.9
2023,7,Chamberi,5,Ríos Rosas,075,6592.8
2023,7,Chamberi,6,Vallehermoso,076,6090.19
2023,8,Fuencarral-El Pardo,1,El Pardo,081,3282.62
2023,8,Fuencarral-El Pardo,2,Fuentelarreina,082,4462.11
2023,8,Fuencarral-El Pardo,3,Peñagrande,083,4013.27
2023,8,Fuencarral-El Pardo,4,Pilar,084,3957.97
2023,8,Fuencarral-El Pardo,5,La Paz,085,3800.94
2023,8,Fuencarral-El Pardo,6,Valverde,086,3852.75
2023,8,Fuencarral-El Pardo,7,Mirasierra,087,6127.26
2023,8,Fuencarral-El Pardo,8,El Goloso,088,5731.1
2023,9,Moncloa-Aravaca,1,Casa de Campo,091,4250.27
2023,9,Moncloa-Aravaca,2,Argüelles,092,5730.29
2023,9,Moncloa-Aravaca,3,Ciudad Universitaria,093,4531.6
2023,9,Moncloa-Aravaca,4,Valdezarza,094,3303.39
2023,9,Moncloa-Aravaca,5,Valdemarín,095,4994.74
2023,9,Moncloa-Aravaca,6,El Plantío,096,NA
2023,9,Moncloa-Aravaca,7,Aravaca,097,4564.22
2023,10,Latina,1,Los Cármenes,101,2722.75
2023,10,Latina,2,Puerta del Angel,102,2883.88
2023,10,Latina,3,Lucero,103,2608.14
2023,10,Latina,4,Aluche,104,2484.34
2023,10,Latina,5,Campamento,105,2502.57
2023,10,Latina,6,Cuatro Vientos,106,3375.62
2023,10,Latina,7,Águilas,107,2491.21
2023,11,Carabanchel,1,Comillas,111,2781.64
2023,11,Carabanchel,2,Opañel,112,2468.48
2023,11,Carabanchel,3,San Isidro,113,2600.56
2023,11,Carabanchel,4,Vista Alegre,114,2443.73
2023,11,Carabanchel,5,Puerta Bonita,115,2196.36
2023,11,Carabanchel,6,Buenavista,116,2678.66
2023,11,Carabanchel,7,Abrantes,117,2130.72
2023,12,Usera,1,Orcasitas,121,1758.15
2023,12,Usera,2,Orcasur,122,NA
2023,12,Usera,3,San Fermín,123,2036.52
2023,12,Usera,4,Almendrales,124,2687.09
2023,12,Usera,5,Moscardó,125,2700.19
2023,12,Usera,6,Zofío,126,2103.87
2023,12,Usera,7,Pradolongo,127,NA
2023,13,Puente de Vallecas,1,Entrevías,131,1963.83
2023,13,Puente de Vallecas,2,San Diego,132,2278.05
2023,13,Puente de Vallecas,3,Palomeras Bajas,133,2200.42
2023,13,Puente de Vallecas,4,Palomeras Sureste,134,1994.56
2023,13,Puente de Vallecas,5,Portazgo,135,2039.79
2023,13,Puente de Vallecas,6,Numancia,136,2232.74
2023,14,Moratalaz,1,Pavones,141,2525.56
2023,14,Moratalaz,2,Horcajo,142,3687.51
2023,14,Moratalaz,3,Marroquina,143,3152.65
2023,14,Moratalaz,4,Media Legua,144,2831.98
2023,14,Moratalaz,5,Fontarrón,145,2617.66
2023,14,Moratalaz,6,Vinateros,146,2655
2023,15,Ciudad Lineal,1,Ventas,151,3020.43
2023,15,Ciudad Lineal,2,Pueblo Nuevo,152,2861.24
2023,15,Ciudad Lineal,3,Quintana,153,3549.06
2023,15,Ciudad Lineal,4,La Concepción,154,4474.03
2023,15,Ciudad Lineal,5,San Pascual,155,4374.19
2023,15,Ciudad Lineal,6,San Juan Bautista,156,4663.75
2023,15,Ciudad Lineal,7,Colina,157,5025.68
2023,15,Ciudad Lineal,8,Atalaya,158,5327.85
2023,15,Ciudad Lineal,9,Costillares,159,4574.53
2023,16,Hortaleza,1,Palomas,161,5139.42
2023,16,Hortaleza,2,Piovera,162,5811.22
2023,16,Hortaleza,3,Canillas,163,3718.95
2023,16,Hortaleza,4,Pinar del Rey,164,3268.81
2023,16,Hortaleza,5,Apóstol Santiago,165,2960.4
2023,16,Hortaleza,6,Valdefuentes,166,4533.78
2023,17,Villaverde,1,"Villaverde Alto, Casco Histórico de Villaverde",171,NA
2023,17,Villaverde,2,San Cristóbal,172,1503.63
2023,17,Villaverde,3,Butarque,173,2251.01
2023,17,Villaverde,4,Los Rosales,174,2058.92
2023,17,Villaverde,5,Ángeles,175,NA
2023,18,Villa de Vallecas,1,Casco Histórico de Vallecas,181,2091.64
2023,18,Villa de Vallecas,2,Santa Eugenia,182,2222.32
2023,18,Villa de Vallecas,3,Ensanche de Vallecas,183,3197.51
2023,19,Vicalvaro,1,Casco Histórico de Vicálvaro,191,2740.64
2023,19,Vicalvaro,2,Valdebernardo,192,2504.12
2023,19,Vicalvaro,3,Valderrivas,193,3500.64
2023,19,Vicalvaro,4,El Cañaveral,194,2819.96
2023,20,San Blas-Canillejas,1,Simancas,201,2829
2023,20,San Blas-Canillejas,2,Hellín,202,1965.71
2023,20,San Blas-Canillejas,3,Amposta,203,1863.48
2023,20,San Blas-Canillejas,4,Arcos,204,2239.88
2023,20,San Blas-Canillejas,5,Rosas,205,3700.37
2023,20,San Blas-Canillejas,6,Rejas,206,2959.07
2023,20,San Blas-Canillejas,7,Canillejas,207,2557.01
2023,20,San Blas-Canillejas,8,El Salvador,208,3745.67
2023,21,Barajas,1,Alameda de Osuna,211,3486.44
2023,21,Barajas,2,Aeropuerto,212,NA
2023,21,Barajas,3,Casco Histórico de Barajas,213,3285.62
2023,21,Barajas,4,Timón,214,3745.13
2023,21,Barajas,5,Corralejos,215,4119.66
2024,1,Centro,1,Palacio,011,6399.01
2024,1,Centro,2,Embajadores,012,5229.59
2024,1,Centro,3,Cortes,013,6300.68
2024,1,Centro,4,Justicia,014,7913.82
2024,1,Centro,5,Universidad,015,6301.63
2024,1,Centro,6,Sol,016,7043.79
2024,2,Arganzuela,1,Imperial,021,5720.86
2024,2,Arganzuela,2,Acacias,022,4860.58
2024,2,Arganzuela,3,Chopera,023,4608.71
2024,2,Arganzuela,4,Legazpi,024,5125.54
2024,2,Arganzuela,5,Delicias,025,4743.7
2024,2,Arganzuela,6,Palos de la Frontera,026,5090.81
2024,2,Arganzuela,7,Atocha,027,6501.6
2024,3,Retiro,1,Pacífico,031,5105.6
2024,3,Retiro,2,Adelfas,032,4851.81
2024,3,Retiro,3,Estrella,033,5225.07
2024,3,Retiro,4,Ibiza,034,7528.5
2024,3,Retiro,5,Los Jerónimos,035,9382.2
2024,3,Retiro,6,Niño Jesús,036,6534.45
2024,4,Salamanca,1,Recoletos,041,12389.95
2024,4,Salamanca,2,Goya,042,7581.47
2024,4,Salamanca,3,Fuente del Berro,043,5975.19
2024,4,Salamanca,4,Guindalera,044,5657.4
2024,4,Salamanca,5,Lista,045,8087.78
2024,4,Salamanca,6,Castellana,046,9792.99
2024,5,Chamartin,1,El Viso,051,7883.12
2024,5,Chamartin,2,Prosperidad,052,5499.09
2024,5,Chamartin,3,Ciudad Jardín,053,6705.35
2024,5,Chamartin,4,Hispanoamérica,054,6570.69
2024,5,Chamartin,5,Nueva España,055,7252.24
2024,5,Chamartin,6,Castilla,056,5429.22
2024,6,Tetuan,1,Bellas Vistas,061,4355.09
2024,6,Tetuan,2,Cuatro Caminos,062,5479.99
2024,6,Tetuan,3,Castillejos,063,5472.11
2024,6,Tetuan,4,Almenara,064,4385.78
2024,6,Tetuan,5,Valdeacederas,065,4452.47
2024,6,Tetuan,6,Berruguete,066,4282.9
2024,7,Chamberi,1,Gaztambide,071,6657.11
2024,7,Chamberi,2,Arapiles,072,6654.11
2024,7,Chamberi,3,Trafalgar,073,7322.66
2024,7,Chamberi,4,Almagro,074,9287.64
2024,7,Chamberi,5,Ríos Rosas,075,6792.64
2024,7,Chamberi,6,Vallehermoso,076,5997.21
2024,8,Fuencarral-El Pardo,1,El Pardo,081,3124.98
2024,8,Fuencarral-El Pardo,2,Fuentelarreina,082,4597.66
2024,8,Fuencarral-El Pardo,3,Peñagrande,083,4647.79
2024,8,Fuencarral-El Pardo,4,Pilar,084,4318.47
2024,8,Fuencarral-El Pardo,5,La Paz,085,4250.25
2024,8,Fuencarral-El Pardo,6,Valverde,086,4046.65
2024,8,Fuencarral-El Pardo,7,Mirasierra,087,5841.08
2024,8,Fuencarral-El Pardo,8,El Goloso,088,5882.25
2024,9,Moncloa-Aravaca,1,Casa de Campo,091,4444.8
2024,9,Moncloa-Aravaca,2,Argüelles,092,6425.21
2024,9,Moncloa-Aravaca,3,Ciudad Universitaria,093,5356.93
2024,9,Moncloa-Aravaca,4,Valdezarza,094,3683.14
2024,9,Moncloa-Aravaca,5,Valdemarín,095,4761
2024,9,Moncloa-Aravaca,6,El Plantío,096,4470.67
2024,9,Moncloa-Aravaca,7,Aravaca,097,5203.49
2024,10,Latina,1,Los Cármenes,101,2971.74
2024,10,Latina,2,Puerta del Angel,102,3293.67
2024,10,Latina,3,Lucero,103,2852.81
2024,10,Latina,4,Aluche,104,2686.61
2024,10,Latina,5,Campamento,105,2819.36
2024,10,Latina,6,Cuatro Vientos,106,3502.69
2024,10,Latina,7,Águilas,107,2620.47
2024,11,Carabanchel,1,Comillas,111,3309.39
2024,11,Carabanchel,2,Opañel,112,2821.21
2024,11,Carabanchel,3,San Isidro,113,3094.47
2024,11,Carabanchel,4,Vista Alegre,114,2587.19
2024,11,Carabanchel,5,Puerta Bonita,115,2425.96
2024,11,Carabanchel,6,Buenavista,116,3180.34
2024,11,Carabanchel,7,Abrantes,117,2385.79
2024,12,Usera,1,Orcasitas,121,2022.97
2024,12,Usera,2,Orcasur,122,2855.32
2024,12,Usera,3,San Fermín,123,2317.21
2024,12,Usera,4,Almendrales,124,2915.03
2024,12,Usera,5,Moscardó,125,2786.36
2024,12,Usera,6,Zofío,126,2488.09
2024,12,Usera,7,Pradolongo,127,2231.88
2024,13,Puente de Vallecas,1,Entrevías,131,2138.82
2024,13,Puente de Vallecas,2,San Diego,132,2508.13
2024,13,Puente de Vallecas,3,Palomeras Bajas,133,2487.89
2024,13,Puente de Vallecas,4,Palomeras Sureste,134,2245.45
2024,13,Puente de Vallecas,5,Portazgo,135,2313.93
2024,13,Puente de Vallecas,6,Numancia,136,2730.31
2024,14,Moratalaz,1,Pavones,141,2815.4
2024,14,Moratalaz,2,Horcajo,142,4665.3
2024,14,Moratalaz,3,Marroquina,143,3490.79
2024,14,Moratalaz,4,Media Legua,144,3283.15
2024,14,Moratalaz,5,Fontarrón,145,2790.09
2024,14,Moratalaz,6,Vinateros,146,3003.98
2024,15,Ciudad Lineal,1,Ventas,151,3325
2024,15,Ciudad Lineal,2,Pueblo Nuevo,152,3114
2024,15,Ciudad Lineal,3,Quintana,153,3860.46
2024,15,Ciudad Lineal,4,La Concepción,154,4859
2024,15,Ciudad Lineal,5,San Pascual,155,4738.42
2024,15,Ciudad Lineal,6,San Juan Bautista,156,5430.97
2024,15,Ciudad Lineal,7,Colina,157,5770.88
2024,15,Ciudad Lineal,8,Atalaya,158,5759.98
2024,15,Ciudad Lineal,9,Costillares,159,5471.11
2024,16,Hortaleza,1,Palomas,161,4816.65
2024,16,Hortaleza,2,Piovera,162,5759.74
2024,16,Hortaleza,3,Canillas,163,3972.21
2024,16,Hortaleza,4,Pinar del Rey,164,3481.8
2024,16,Hortaleza,5,Apóstol Santiago,165,3687.85
2024,16,Hortaleza,6,Valdefuentes,166,5338.82
2024,17,Villaverde,1,"Villaverde Alto, Casco Histórico de Villaverde",171,2105.98
2024,17,Villaverde,2,San Cristóbal,172,1578.57
2024,17,Villaverde,3,Butarque,173,2577.41
2024,17,Villaverde,4,Los Rosales,174,2319.11
2024,17,Villaverde,5,Ángeles,175,2233.31
2024,18,Villa de Vallecas,1,Casco Histórico de Vallecas,181,2372.31
2024,18,Villa de Vallecas,2,Santa Eugenia,182,2557.98
2024,18,Villa de Vallecas,3,Ensanche de Vallecas,183,3351.13
2024,19,Vicalvaro,1,Casco Histórico de Vicálvaro,191,2912.09
2024,19,Vicalvaro,2,Valdebernardo,192,3293.99
2024,19,Vicalvaro,3,Valderrivas,193,3577.1
2024,19,Vicalvaro,4,El Cañaveral,194,3331.02
2024,20,San Blas-Canillejas,1,Simancas,201,3065.16
2024,20,San Blas-Canillejas,2,Hellín,202,2026.74
2024,20,San Blas-Canillejas,3,Amposta,203,2143.18
2024,20,San Blas-Canillejas,4,Arcos,204,2560.86
2024,20,San Blas-Canillejas,5,Rosas,205,3752.62
2024,20,San Blas-Canillejas,6,Rejas,206,3056.14
2024,20,San Blas-Canillejas,7,Canillejas,207,2978.61
2024,20,San Blas-Canillejas,8,El Salvador,208,4067.12
2024,21,Barajas,1,Alameda de Osuna,211,3867.03
2024,21,Barajas,2,Aeropuerto,212,NA
2024,21,Barajas,3,Casco Histórico de Barajas,213,3560.6
2024,21,Barajas,4,Timón,214,4094.58
2024,21,Barajas,5,Corralejos,215,3985.7
2025,1,Centro,1,Palacio,011,6895.15
2025,1,Centro,2,Embajadores,012,6054.75
2025,1,Centro,3,Cortes,013,7246.75
2025,1,Centro,4,Justicia,014,9541.9
2025,1,Centro,5,Universidad,015,7135.43
2025,1,Centro,6,Sol,016,7696.61
2025,2,Arganzuela,1,Imperial,021,5855.12
2025,2,Arganzuela,2,Acacias,022,5736.45
2025,2,Arganzuela,3,Chopera,023,5473.88
2025,2,Arganzuela,4,Legazpi,024,7113.37
2025,2,Arganzuela,5,Delicias,025,5426.01
2025,2,Arganzuela,6,Palos de la Frontera,026,5784.65
2025,2,Arganzuela,7,Atocha,027,6810.36
2025,3,Retiro,1,Pacífico,031,6286.22
2025,3,Retiro,2,Adelfas,032,5741.86
2025,3,Retiro,3,Estrella,033,6590.79
2025,3,Retiro,4,Ibiza,034,9264.05
2025,3,Retiro,5,Los Jerónimos,035,9950.49
2025,3,Retiro,6,Niño Jesús,036,7639.04
2025,4,Salamanca,1,Recoletos,041,14108.83
2025,4,Salamanca,2,Goya,042,9638.66
2025,4,Salamanca,3,Fuente del Berro,043,7598.53
2025,4,Salamanca,4,Guindalera,044,6722.25
2025,4,Salamanca,5,Lista,045,10066.56
2025,4,Salamanca,6,Castellana,046,11685.39
2025,5,Chamartin,1,El Viso,051,9382.09
2025,5,Chamartin,2,Prosperidad,052,6448.55
2025,5,Chamartin,3,Ciudad Jardín,053,7558.9
2025,5,Chamartin,4,Hispanoamérica,054,7860.68
2025,5,Chamartin,5,Nueva España,055,8183.21
2025,5,Chamartin,6,Castilla,056,5913.07
2025,6,Tetuan,1,Bellas Vistas,061,5223.92
2025,6,Tetuan,2,Cuatro Caminos,062,6496.82
2025,6,Tetuan,3,Castillejos,063,6438
2025,6,Tetuan,4,Almenara,064,4987.49
2025,6,Tetuan,5,Valdeacederas,065,5274.19
2025,6,Tetuan,6,Berruguete,066,4789.99
2025,7,Chamberi,1,Gaztambide,071,7413.6
2025,7,Chamberi,2,Arapiles,072,7591.52
2025,7,Chamberi,3,Trafalgar,073,8568.41
2025,7,Chamberi,4,Almagro,074,10795.41
2025,7,Chamberi,5,Ríos Rosas,075,7915.16
2025,7,Chamberi,6,Vallehermoso,076,6752.36
2025,8,Fuencarral-El Pardo,1,El Pardo,081,3704.98
2025,8,Fuencarral-El Pardo,2,Fuentelarreina,082,5341.25
2025,8,Fuencarral-El Pardo,3,Peñagrande,083,5467.26
2025,8,Fuencarral-El Pardo,4,Pilar,084,5064.58
2025,8,Fuencarral-El Pardo,5,La Paz,085,5106.44
2025,8,Fuencarral-El Pardo,6,Valverde,086,4878.72
2025,8,Fuencarral-El Pardo,7,Mirasierra,087,6402.83
2025,8,Fuencarral-El Pardo,8,El Goloso,088,7247.17
2025,9,Moncloa-Aravaca,1,Casa de Campo,091,5378.62
2025,9,Moncloa-Aravaca,2,Argüelles,092,7554.87
2025,9,Moncloa-Aravaca,3,Ciudad Universitaria,093,5822.75
2025,9,Moncloa-Aravaca,4,Valdezarza,094,4484.04
2025,9,Moncloa-Aravaca,5,Valdemarín,095,6710.42
2025,9,Moncloa-Aravaca,6,El Plantío,096,5946.59
2025,9,Moncloa-Aravaca,7,Aravaca,097,5644.82
2025,10,Latina,1,Los Cármenes,101,3502.59
2025,10,Latina,2,Puerta del Angel,102,4033.3
2025,10,Latina,3,Lucero,103,3310.43
2025,10,Latina,4,Aluche,104,3360.3
2025,10,Latina,5,Campamento,105,3295.84
2025,10,Latina,6,Cuatro Vientos,106,4673.53
2025,10,Latina,7,Águilas,107,3231.64
2025,11,Carabanchel,1,Comillas,111,4105.51
2025,11,Carabanchel,2,Opañel,112,3500.89
2025,11,Carabanchel,3,San Isidro,113,3670.03
2025,11,Carabanchel,4,Vista Alegre,114,3213.22
2025,11,Carabanchel,5,Puerta Bonita,115,2905.06
2025,11,Carabanchel,6,Buenavista,116,3291.57
2025,11,Carabanchel,7,Abrantes,117,2912.9
2025,12,Usera,1,Orcasitas,121,2357.51
2025,12,Usera,2,Orcasur,122,3403.28
2025,12,Usera,3,San Fermín,123,2755.18
2025,12,Usera,4,Almendrales,124,4323.83
2025,12,Usera,5,Moscardó,125,3739.18
2025,12,Usera,6,Zofío,126,3089.05
2025,12,Usera,7,Pradolongo,127,3390.16
2025,13,Puente de Vallecas,1,Entrevías,131,2430.16
2025,13,Puente de Vallecas,2,San Diego,132,3078.32
2025,13,Puente de Vallecas,3,Palomeras Bajas,133,2985.52
2025,13,Puente de Vallecas,4,Palomeras Sureste,134,2701.36
2025,13,Puente de Vallecas,5,Portazgo,135,2703.76
2025,13,Puente de Vallecas,6,Numancia,136,3239.46
2025,14,Moratalaz,1,Pavones,141,3721.75
2025,14,Moratalaz,2,Horcajo,142,4736.6
2025,14,Moratalaz,3,Marroquina,143,4301.17
2025,14,Moratalaz,4,Media Legua,144,3876.72
2025,14,Moratalaz,5,Fontarrón,145,3770.04
2025,14,Moratalaz,6,Vinateros,146,3899.66
2025,15,Ciudad Lineal,1,Ventas,151,4133.07
2025,15,Ciudad Lineal,2,Pueblo Nuevo,152,3794.82
2025,15,Ciudad Lineal,3,Quintana,153,4436.01
2025,15,Ciudad Lineal,4,La Concepción,154,5658.13
2025,15,Ciudad Lineal,5,San Pascual,155,5566.9
2025,15,Ciudad Lineal,6,San Juan Bautista,156,5764.6
2025,15,Ciudad Lineal,7,Colina,157,6519.78
2025,15,Ciudad Lineal,8,Atalaya,158,7800.28
2025,15,Ciudad Lineal,9,Costillares,159,5957.08
2025,16,Hortaleza,1,Palomas,161,5435.02
2025,16,Hortaleza,2,Piovera,162,6502.07
2025,16,Hortaleza,3,Canillas,163,4785.95
2025,16,Hortaleza,4,Pinar del Rey,164,4266.54
2025,16,Hortaleza,5,Apóstol Santiago,165,4162.46
2025,16,Hortaleza,6,Valdefuentes,166,5977.26
2025,17,Villaverde,1,"Villaverde Alto, Casco Histórico de Villaverde",171,2928.26
2025,17,Villaverde,2,San Cristóbal,172,1909.6
2025,17,Villaverde,3,Butarque,173,3143.01
2025,17,Villaverde,4,Los Rosales,174,2807.4
2025,17,Villaverde,5,Ángeles,175,2956.03
2025,18,Villa de Vallecas,1,Casco Histórico de Vallecas,181,2915.21
2025,18,Villa de Vallecas,2,Santa Eugenia,182,2899.99
2025,18,Villa de Vallecas,3,Ensanche de Vallecas,183,3552.31
2025,19,Vicalvaro,1,Casco Histórico de Vicálvaro,191,3355.2
2025,19,Vicalvaro,2,Valdebernardo,192,4117.97
2025,19,Vicalvaro,3,Valderrivas,193,3546.72
2025,19,Vicalvaro,4,El Cañaveral,194,4587.55
2025,20,San Blas-Canillejas,1,Simancas,201,3690.7
2025,20,San Blas-Canillejas,2,Hellín,202,2498.86
2025,20,San Blas-Canillejas,3,Amposta,203,2544.1
2025,20,San Blas-Canillejas,4,Arcos,204,3145.08
2025,20,San Blas-Canillejas,5,Rosas,205,4493.65
2025,20,San Blas-Canillejas,6,Rejas,206,3580.16
2025,20,San Blas-Canillejas,7,Canillejas,207,3409.64
2025,20,San Blas-Canillejas,8,El Salvador,208,4735.53
2025,21,Barajas,1,Alameda de Osuna,211,5052.01
2025,21,Barajas,2,Aeropuerto,212,NA
2025,21,Barajas,3,Casco Histórico de Barajas,213,3962.41
2025,21,Barajas,4,Timón,214,4418.93
2025,21,Barajas,5,Corralejos,215,4890.3
