iteracion,ventana_test,codigo_barrio,actual,pred,modelo
1,B,013,0.964229621571202,0.8156051818966538,rf
1,B,022,0.12601880717737918,0.2424464073704479,rf
1,B,036,0.052304322553766595,0.1543204512952994,rf
1,B,046,0.7568266625580737,0.45304119570219087,rf
1,B,053,0.2897630022085961,0.29617829860007155,rf
1,B,062,0.3538442132936501,0.3874093476673067,rf
1,B,071,0.5215062252408527,0.46613319254944996,rf
1,B,082,-0.06347544318714309,-0.005989782392904055,rf
1,B,083,-0.16724786055972823,-0.06394396056400974,rf
1,B,096,0.0780782552323178,-0.049085221709334666,rf
1,B,107,-0.2200909288680922,-0.13630404169177074,rf
1,B,112,-0.030821798091092475,-0.044878735286818044,rf
1,B,127,-0.23442823378922223,-0.10497546574131929,rf
1,B,133,-0.16076769244993086,-0.131742210085595,rf
1,B,141,0.04256536786005625,-0.14257902877721246,rf
1,B,152,-0.052214621662028664,-0.056016027034490184,rf
1,B,157,0.19609312990344813,0.20920365529153806,rf
1,B,163,-0.07954501493557056,-0.06139291513269192,rf
1,B,172,-0.25815269126009804,-0.14621987880005197,rf
1,B,182,-0.12046245796632106,-0.10679935593858193,rf
1,B,192,-0.6761836768107017,-0.13533625692888637,rf
1,B,205,-0.2157866591785999,-0.17067932754335643,rf
1,B,206,-0.6818148132011176,0.13820184078108977,rf
1,B,212,-0.16039825886955042,-0.08636376989048763,rf
1,B,013,0.964229621571202,0.8830630779266357,xgboost
1,B,022,0.12601880717737918,0.21554526686668396,xgboost
1,B,036,0.052304322553766595,0.11477760225534439,xgboost
1,B,046,0.7568266625580737,0.4918903410434723,xgboost
1,B,053,0.2897630022085961,0.3309551477432251,xgboost
1,B,062,0.3538442132936501,0.3488346040248871,xgboost
1,B,071,0.5215062252408527,0.48013564944267273,xgboost
1,B,082,-0.06347544318714309,-0.0622403509914875,xgboost
1,B,083,-0.16724786055972823,-0.05850572884082794,xgboost
1,B,096,0.0780782552323178,-0.13178567588329315,xgboost
1,B,107,-0.2200909288680922,-0.14188158512115479,xgboost
1,B,112,-0.030821798091092475,-0.051787231117486954,xgboost
1,B,127,-0.23442823378922223,-0.1178860291838646,xgboost
1,B,133,-0.16076769244993086,-0.15086416900157928,xgboost
1,B,141,0.04256536786005625,-0.14995045959949493,xgboost
1,B,152,-0.052214621662028664,-0.0315253883600235,xgboost
1,B,157,0.19609312990344813,0.2143765091896057,xgboost
1,B,163,-0.07954501493557056,-0.05457216501235962,xgboost
1,B,172,-0.25815269126009804,-0.17541971802711487,xgboost
1,B,182,-0.12046245796632106,-0.10018590092658997,xgboost
1,B,192,-0.6761836768107017,-0.1179392859339714,xgboost
1,B,205,-0.2157866591785999,-0.18358168005943298,xgboost
1,B,206,-0.6818148132011176,0.17367053031921387,xgboost
1,B,212,-0.16039825886955042,-0.09647540003061295,xgboost
2,C,013,1.0560965507150604,1.0120428818068774,rf
2,C,022,0.07817268921237099,0.2532972838964624,rf
2,C,036,0.05664527117677024,0.1898779677121145,rf
2,C,046,0.7222471690583743,0.5492647372769653,rf
2,C,053,0.31676209614773965,0.3347930732725388,rf
2,C,062,0.35096492031016446,0.41370978471813913,rf
2,C,071,0.49073756410429653,0.5066854664926497,rf
2,C,082,-0.14001690417428678,-0.031244410001961327,rf
2,C,083,-0.16697050431823401,-0.047331507502676895,rf
2,C,096,0.17584276049781483,0.03880765882684251,rf
2,C,107,-0.28099909268008194,-0.13827122274926856,rf
2,C,112,-0.05323066083388532,0.006780499150851706,rf
2,C,127,-0.25841009017741823,-0.12353725886176241,rf
2,C,133,-0.20323869559475932,-0.12436233059713249,rf
2,C,141,-0.3157236905109028,-0.12132173435189868,rf
2,C,152,-0.10554286265673424,-0.024066417089981577,rf
2,C,157,0.1410236193048324,0.20479724261293064,rf
2,C,163,-0.0931944761563984,-0.029007206427135935,rf
2,C,172,-0.32071683728058115,-0.16485925691149161,rf
2,C,182,-0.15966842263754416,-0.086275220162083055,rf
2,C,192,-0.24029226545482865,-0.21129220633596693,rf
2,C,205,-0.24191477825278523,-0.1292998147998829,rf
2,C,206,0.25859775225130865,0.1027591004919785,rf
2,C,212,-0.04137676061121874,-0.05754006428655298,rf
2,C,013,1.0560965507150604,1.1100729703903198,xgboost
2,C,022,0.07817268921237099,0.1964552104473114,xgboost
2,C,036,0.05664527117677024,0.1552409678697586,xgboost
2,C,046,0.7222471690583743,0.532820463180542,xgboost
2,C,053,0.31676209614773965,0.4015411138534546,xgboost
2,C,062,0.35096492031016446,0.40490055084228516,xgboost
2,C,071,0.49073756410429653,0.49917852878570557,xgboost
2,C,082,-0.14001690417428678,-0.08840357512235641,xgboost
2,C,083,-0.16697050431823401,-0.08798307925462723,xgboost
2,C,096,0.17584276049781483,0.07134131342172623,xgboost
2,C,107,-0.28099909268008194,-0.14214293658733368,xgboost
2,C,112,-0.05323066083388532,0.042807433754205704,xgboost
2,C,127,-0.25841009017741823,-0.13607487082481384,xgboost
2,C,133,-0.20323869559475932,-0.14353574812412262,xgboost
2,C,141,-0.3157236905109028,-0.1226377859711647,xgboost
2,C,152,-0.10554286265673424,-0.0235202144831419,xgboost
2,C,157,0.1410236193048324,0.18455500900745392,xgboost
2,C,163,-0.0931944761563984,-0.04983433708548546,xgboost
2,C,172,-0.32071683728058115,-0.17402148246765137,xgboost
2,C,182,-0.15966842263754416,-0.0852428525686264,xgboost
2,C,192,-0.24029226545482865,-0.2234613001346588,xgboost
2,C,205,-0.24191477825278523,-0.1606927067041397,xgboost
2,C,206,0.25859775225130865,0.0913676917552948,xgboost
2,C,212,-0.04137676061121874,-0.04480700567364693,xgboost
3,D,013,0.8551205448386401,0.9526651395956558,rf
3,D,022,0.10087398768831937,0.19656152583152187,rf
3,D,036,0.020219214372999294,0.12838413386435907,rf
3,D,046,0.5690202335231567,0.5783049420659043,rf
3,D,053,0.18921928023733808,0.26327768164647186,rf
3,D,062,0.27277728761128134,0.3528982555538082,rf
3,D,071,0.2788695401091837,0.47150020012310484,rf
3,D,082,-0.09605116992647879,0.015556720352790595,rf
3,D,083,-0.1638780899168487,-0.06981038952657456,rf
3,D,096,0.0019595039063666497,0.13534141383957557,rf
3,D,107,-0.24778415756934927,-0.14881224843975602,rf
3,D,112,0.00830003478849322,-0.05118304850798146,rf
3,D,127,0.017098936321104194,-0.1734163908767582,rf
3,D,133,-0.15860720085047808,-0.16774263672192985,rf
3,D,141,-0.5416838922815517,-0.12279357416992683,rf
3,D,152,-0.05503030330654028,-0.07298981637213411,rf
3,D,157,0.07033664322440963,0.17301307380730735,rf
3,D,163,-0.16114237487532032,-0.08000802054391588,rf
3,D,172,-0.1473672910136071,-0.18319114592411892,rf
3,D,182,-0.26379328889429704,-0.15520933402410123,rf
3,D,192,-0.2601955928872667,-0.2507993957963344,rf
3,D,205,-0.19053375094794636,-0.14392519957964062,rf
3,D,206,0.05199485115788813,0.07262909414983797,rf
3,D,212,0.012221583885106536,-0.09462978984645537,rf
3,D,013,0.8551205448386401,0.9650675058364868,xgboost
3,D,022,0.10087398768831937,0.16132134199142456,xgboost
3,D,036,0.020219214372999294,0.07752024382352829,xgboost
3,D,046,0.5690202335231567,0.6142830848693848,xgboost
3,D,053,0.18921928023733808,0.29019296169281006,xgboost
3,D,062,0.27277728761128134,0.3724997937679291,xgboost
3,D,071,0.2788695401091837,0.46532753109931946,xgboost
3,D,082,-0.09605116992647879,-0.010484607890248299,xgboost
3,D,083,-0.1638780899168487,-0.08547227084636688,xgboost
3,D,096,0.0019595039063666497,0.1479668915271759,xgboost
3,D,107,-0.24778415756934927,-0.16738851368427277,xgboost
3,D,112,0.00830003478849322,-0.07264557480812073,xgboost
3,D,127,0.017098936321104194,-0.2796819508075714,xgboost
3,D,133,-0.15860720085047808,-0.19641628861427307,xgboost
3,D,141,-0.5416838922815517,-0.1309431940317154,xgboost
3,D,152,-0.05503030330654028,-0.05781664699316025,xgboost
3,D,157,0.07033664322440963,0.2526809275150299,xgboost
3,D,163,-0.16114237487532032,-0.1100463792681694,xgboost
3,D,172,-0.1473672910136071,-0.27059492468833923,xgboost
3,D,182,-0.26379328889429704,-0.20480313897132874,xgboost
3,D,192,-0.2601955928872667,-0.27082863450050354,xgboost
3,D,205,-0.19053375094794636,-0.2161324918270111,xgboost
3,D,206,0.05199485115788813,0.06694323569536209,xgboost
3,D,212,0.012221583885106536,-0.1629709005355835,xgboost
