anio,distrito_num,distrito_nombre,barrio_num,barrio_nombre,codigo_barrio,renta_neta_media_persona,renta_neta_media_hogar,renta_bruta_media_persona,renta_bruta_media_hogar
2017,1,Centro,1,Palacio,011,18254,36359,23380,36359
2017,1,Centro,2,Embajadores,012,13454,27632,16436,27632
2017,1,Centro,3,Cortes,013,19431,37740,25553,37740
2017,1,Centro,4,Justicia,014,21570,43127,28805,43127
2017,1,Centro,5,Universidad,015,16869,33230,21264,33230
2017,1,Centro,6,Sol,016,16600,32604,21067,32604
2017,2,Arganzuela,1,Imperial,021,18632,44089,23473,44089
2017,2,Arganzuela,2,Acacias,022,19323,46103,24359,46103
2017,2,Arganzuela,3,Chopera,023,14244,33271,17205,33271
2017,2,Arganzuela,4,Legazpi,024,20054,51651,25870,51651
2017,2,Arganzuela,5,Delicias,025,17282,41522,21694,41522
2017,2,Arganzuela,6,Palos de la Frontera,026,16276,35885,20104,35885
2017,2,Arganzuela,7,Atocha,027,14061,38931,18112,38931
2017,3,Retiro,1,Pacífico,031,18839,43427,23759,43427
2017,3,Retiro,2,Adelfas,032,18991,45887,24963,45887
2017,3,Retiro,3,Estrella,033,22436,60339,28926,60339
2017,3,Retiro,4,Ibiza,034,20682,48216,26965,48216
2017,3,Retiro,5,Los Jerónimos,035,25792,68978,34849,68978
2017,3,Retiro,6,Niño Jesús,036,25063,67103,34137,67103
2017,4,Salamanca,1,Recoletos,041,29417,78982,41830,78982
2017,4,Salamanca,2,Goya,042,22743,51799,29976,51799
2017,4,Salamanca,3,Fuente del Berro,043,18817,42624,23843,42624
2017,4,Salamanca,4,Guindalera,044,20321,47767,26016,47767
2017,4,Salamanca,5,Lista,045,22465,51975,29972,51975
2017,4,Salamanca,6,Castellana,046,27540,71658,39559,71658
2017,5,Chamartin,1,El Viso,051,28945,78367,40755,78367
2017,5,Chamartin,2,Prosperidad,052,19662,45579,25119,45579
2017,5,Chamartin,3,Ciudad Jardín,053,19345,45510,24989,45510
2017,5,Chamartin,4,Hispanoamérica,054,25701,65756,34971,65756
2017,5,Chamartin,5,Nueva España,055,27478,73062,38194,73062
2017,5,Chamartin,6,Castilla,056,22650,57931,30124,57931
2017,6,Tetuan,1,Bellas Vistas,061,13115,32298,15901,32298
2017,6,Tetuan,2,Cuatro Caminos,062,19263,44650,24707,44650
2017,6,Tetuan,3,Castillejos,063,21041,46874,27522,46874
2017,6,Tetuan,4,Almenara,064,12877,30891,15562,30891
2017,6,Tetuan,5,Valdeacederas,065,11859,29045,14165,29045
2017,6,Tetuan,6,Berruguete,066,12390,30206,14865,30206
2017,7,Chamberi,1,Gaztambide,071,20504,45292,26131,45292
2017,7,Chamberi,2,Arapiles,072,20198,44253,25777,44253
2017,7,Chamberi,3,Trafalgar,073,20613,43798,26760,43798
2017,7,Chamberi,4,Almagro,074,26752,68624,37442,68624
2017,7,Chamberi,5,Ríos Rosas,075,22204,50215,29381,50215
2017,7,Chamberi,6,Vallehermoso,076,24859,60287,33425,60287
2017,8,Fuencarral-El Pardo,1,El Pardo,081,15289,36685,18744,36685
2017,8,Fuencarral-El Pardo,2,Fuentelarreina,082,28731,82773,39811,82773
2017,8,Fuencarral-El Pardo,3,Peñagrande,083,17862,46873,22578,46873
2017,8,Fuencarral-El Pardo,4,Pilar,084,14477,34561,17448,34561
2017,8,Fuencarral-El Pardo,5,La Paz,085,22078,59645,28347,59645
2017,8,Fuencarral-El Pardo,6,Valverde,086,16091,44511,20929,44511
2017,8,Fuencarral-El Pardo,7,Mirasierra,087,23742,68842,32300,68842
2017,8,Fuencarral-El Pardo,8,El Goloso,088,20342,62378,26972,62378
2017,9,Moncloa-Aravaca,1,Casa de Campo,091,18938,42776,23841,42776
2017,9,Moncloa-Aravaca,2,Argüelles,092,23167,54126,30657,54126
2017,9,Moncloa-Aravaca,3,Ciudad Universitaria,093,23760,59920,32583,59920
2017,9,Moncloa-Aravaca,4,Valdezarza,094,14739,35983,18000,35983
2017,9,Moncloa-Aravaca,5,Valdemarín,095,30009,86004,43209,86004
2017,9,Moncloa-Aravaca,6,El Plantío,096,30210,86051,43228,86051
2017,9,Moncloa-Aravaca,7,Aravaca,097,24362,68929,33532,68929
2017,10,Latina,1,Los Cármenes,101,11469,30199,13652,30199
2017,10,Latina,2,Puerta del Angel,102,12003,28717,14308,28717
2017,10,Latina,3,Lucero,103,12173,30911,14464,30911
2017,10,Latina,4,Aluche,104,12726,31710,15025,31710
2017,10,Latina,5,Campamento,105,12669,32606,15039,32606
2017,10,Latina,6,Cuatro Vientos,106,14827,36817,18226,36817
2017,10,Latina,7,Águilas,107,12402,30663,14618,30663
2017,11,Carabanchel,1,Comillas,111,12090,28511,14325,28511
2017,11,Carabanchel,2,Opañel,112,11468,28725,13550,28725
2017,11,Carabanchel,3,San Isidro,113,10565,27108,12354,27108
2017,11,Carabanchel,4,Vista Alegre,114,10775,28304,12542,28304
2017,11,Carabanchel,5,Puerta Bonita,115,9712,26358,11300,26358
2017,11,Carabanchel,6,Buenavista,116,11927,32263,14300,32263
2017,11,Carabanchel,7,Abrantes,117,10544,28811,12411,28811
2017,12,Usera,1,Orcasitas,121,10529,28242,12220,28242
2017,12,Usera,2,Orcasur,122,8966,25908,10348,25908
2017,12,Usera,3,San Fermín,123,9254,26272,10752,26272
2017,12,Usera,4,Almendrales,124,9589,26486,11172,26486
2017,12,Usera,5,Moscardó,125,10132,26971,11841,26971
2017,12,Usera,6,Zofío,126,9601,26463,11108,26463
2017,12,Usera,7,Pradolongo,127,8225,23963,9355,23963
2017,13,Puente de Vallecas,1,Entrevías,131,8611,23175,9734,23175
2017,13,Puente de Vallecas,2,San Diego,132,8413,21856,9576,21856
2017,13,Puente de Vallecas,3,Palomeras Bajas,133,11148,29606,13143,29606
2017,13,Puente de Vallecas,4,Palomeras Sureste,134,10595,28102,12302,28102
2017,13,Puente de Vallecas,5,Portazgo,135,9484,24624,10780,24624
2017,13,Puente de Vallecas,6,Numancia,136,9818,25455,11366,25455
2017,14,Moratalaz,1,Pavones,141,13087,34965,15687,34965
2017,14,Moratalaz,2,Horcajo,142,15736,46266,19901,46266
2017,14,Moratalaz,3,Marroquina,143,16247,41228,20085,41228
2017,14,Moratalaz,4,Media Legua,144,14613,36384,17728,36384
2017,14,Moratalaz,5,Fontarrón,145,11607,28707,13572,28707
2017,14,Moratalaz,6,Vinateros,146,12856,29961,15118,29961
2017,15,Ciudad Lineal,1,Ventas,151,12072,29319,14228,29319
2017,15,Ciudad Lineal,2,Pueblo Nuevo,152,12033,30970,14276,30970
2017,15,Ciudad Lineal,3,Quintana,153,13096,31229,15705,31229
2017,15,Ciudad Lineal,4,La Concepción,154,15202,35050,18860,35050
2017,15,Ciudad Lineal,5,San Pascual,155,17620,42321,22190,42321
2017,15,Ciudad Lineal,6,San Juan Bautista,156,22460,57632,29978,57632
2017,15,Ciudad Lineal,7,Colina,157,21959,54667,29041,54667
2017,15,Ciudad Lineal,8,Atalaya,158,25974,68289,35884,68289
2017,15,Ciudad Lineal,9,Costillares,159,23569,65091,31637,65091
2017,16,Hortaleza,1,Palomas,161,27209,80178,37558,80178
2017,16,Hortaleza,2,Piovera,162,27758,79652,39157,79652
2017,16,Hortaleza,3,Canillas,163,16175,41159,20073,41159
2017,16,Hortaleza,4,Pinar del Rey,164,14113,34985,17208,34985
2017,16,Hortaleza,5,Apóstol Santiago,165,14396,37624,17678,37624
2017,16,Hortaleza,6,Valdefuentes,166,19838,55407,26228,55407
2017,17,Villaverde,1,"Villaverde Alto, Casco Histórico de Villaverde",171,9354,25613,10782,25613
2017,17,Villaverde,2,San Cristóbal,172,6624,20372,7333,20372
2017,17,Villaverde,3,Butarque,173,10698,30569,12698,30569
2017,17,Villaverde,4,Los Rosales,174,10311,29147,12094,29147
2017,17,Villaverde,5,Ángeles,175,11245,29035,13093,29035
2017,18,Villa de Vallecas,1,Casco Histórico de Vallecas,181,9380,25205,10812,25205
2017,18,Villa de Vallecas,2,Santa Eugenia,182,13616,37385,16487,37385
2017,18,Villa de Vallecas,3,Ensanche de Vallecas,183,13831,33628,16881,33628
2017,19,Vicalvaro,1,Casco Histórico de Vicálvaro,191,9571,24965,10976,24965
2017,19,Vicalvaro,2,Valdebernardo,192,13876,40065,17134,40065
2017,19,Vicalvaro,3,Valderrivas,193,14373,41479,17841,41479
2017,19,Vicalvaro,4,El Cañaveral,194,13434,31458,16396,31458
2017,20,San Blas-Canillejas,1,Simancas,201,13028,32893,15924,32893
2017,20,San Blas-Canillejas,2,Hellín,202,10355,25171,11857,25171
2017,20,San Blas-Canillejas,3,Amposta,203,8987,22567,10190,22567
2017,20,San Blas-Canillejas,4,Arcos,204,11189,29639,13235,29639
2017,20,San Blas-Canillejas,5,Rosas,205,15723,44847,19693,44847
2017,20,San Blas-Canillejas,6,Rejas,206,15608,39124,19588,39124
2017,20,San Blas-Canillejas,7,Canillejas,207,12337,32294,14687,32294
2017,20,San Blas-Canillejas,8,El Salvador,208,20471,54372,26528,54372
2017,21,Barajas,1,Alameda de Osuna,211,19871,54076,25425,54076
2017,21,Barajas,2,Aeropuerto,212,9814,25591,11342,25591
2017,21,Barajas,3,Casco Histórico de Barajas,213,12560,30353,14878,30353
2017,21,Barajas,4,Timón,214,15337,40998,19105,40998
2017,21,Barajas,5,Corralejos,215,23340,67837,31624,67837
2018,1,Centro,1,Palacio,011,19443,39001,24999,39001
2018,1,Centro,2,Embajadores,012,14311,29492,17591,29492
2018,1,Centro,3,Cortes,013,20947,40986,27505,40986
2018,1,Centro,4,Justicia,014,23760,48182,32684,48182
2018,1,Centro,5,Universidad,015,17882,35363,22821,35363
2018,1,Centro,6,Sol,016,17550,35043,22286,35043
2018,2,Arganzuela,1,Imperial,021,19841,46827,25421,46827
2018,2,Arganzuela,2,Acacias,022,20065,47765,25396,47765
2018,2,Arganzuela,3,Chopera,023,15019,35016,18253,35016
2018,2,Arganzuela,4,Legazpi,024,20366,52593,26792,52593
2018,2,Arganzuela,5,Delicias,025,17879,43022,22582,43022
2018,2,Arganzuela,6,Palos de la Frontera,026,16980,37366,21033,37366
2018,2,Arganzuela,7,Atocha,027,15310,42657,19141,42657
2018,3,Retiro,1,Pacífico,031,19527,44862,24670,44862
2018,3,Retiro,2,Adelfas,032,20494,49635,26005,49635
2018,3,Retiro,3,Estrella,033,23697,63469,30555,63469
2018,3,Retiro,4,Ibiza,034,21400,50046,28280,50046
2018,3,Retiro,5,Los Jerónimos,035,27289,73042,37452,73042
2018,3,Retiro,6,Niño Jesús,036,26377,71023,36162,71023
2018,4,Salamanca,1,Recoletos,041,30933,81764,45246,81764
2018,4,Salamanca,2,Goya,042,24045,54433,32315,54433
2018,4,Salamanca,3,Fuente del Berro,043,19451,44247,24754,44247
2018,4,Salamanca,4,Guindalera,044,21251,50050,27343,50050
2018,4,Salamanca,5,Lista,045,23870,55048,31692,55048
2018,4,Salamanca,6,Castellana,046,30670,81512,43910,81512
2018,5,Chamartin,1,El Viso,051,29874,80300,44268,80300
2018,5,Chamartin,2,Prosperidad,052,20239,46814,25968,46814
2018,5,Chamartin,3,Ciudad Jardín,053,20938,49044,27089,49044
2018,5,Chamartin,4,Hispanoamérica,054,27033,69489,36935,69489
2018,5,Chamartin,5,Nueva España,055,29308,78039,41442,78039
2018,5,Chamartin,6,Castilla,056,24158,61235,32347,61235
2018,6,Tetuan,1,Bellas Vistas,061,13609,33561,16541,33561
2018,6,Tetuan,2,Cuatro Caminos,062,19996,46331,25645,46331
2018,6,Tetuan,3,Castillejos,063,21945,48546,28750,48546
2018,6,Tetuan,4,Almenara,064,13130,31621,15793,31621
2018,6,Tetuan,5,Valdeacederas,065,12284,30245,14684,30245
2018,6,Tetuan,6,Berruguete,066,12831,31378,15485,31378
2018,7,Chamberi,1,Gaztambide,071,21315,46942,27417,46942
2018,7,Chamberi,2,Arapiles,072,21397,46843,27480,46843
2018,7,Chamberi,3,Trafalgar,073,21756,46178,28187,46178
2018,7,Chamberi,4,Almagro,074,26957,68843,39860,68843
2018,7,Chamberi,5,Ríos Rosas,075,23756,53875,31433,53875
2018,7,Chamberi,6,Vallehermoso,076,25400,61679,34593,61679
2018,8,Fuencarral-El Pardo,1,El Pardo,081,16112,38864,19835,38864
2018,8,Fuencarral-El Pardo,2,Fuentelarreina,082,31239,90705,43697,90705
2018,8,Fuencarral-El Pardo,3,Peñagrande,083,18777,48919,23781,48919
2018,8,Fuencarral-El Pardo,4,Pilar,084,14940,35614,18017,35614
2018,8,Fuencarral-El Pardo,5,La Paz,085,22976,61945,29420,61945
2018,8,Fuencarral-El Pardo,6,Valverde,086,16637,46287,21313,46287
2018,8,Fuencarral-El Pardo,7,Mirasierra,087,24684,72453,33814,72453
2018,8,Fuencarral-El Pardo,8,El Goloso,088,21933,67885,29242,67885
2018,9,Moncloa-Aravaca,1,Casa de Campo,091,19883,44951,25038,44951
2018,9,Moncloa-Aravaca,2,Argüelles,092,23729,55126,32045,55126
2018,9,Moncloa-Aravaca,3,Ciudad Universitaria,093,25705,65418,34717,65418
2018,9,Moncloa-Aravaca,4,Valdezarza,094,15289,37366,18734,37366
2018,9,Moncloa-Aravaca,5,Valdemarín,095,31715,90895,46107,90895
2018,9,Moncloa-Aravaca,6,El Plantío,096,32242,91973,47029,91973
2018,9,Moncloa-Aravaca,7,Aravaca,097,25814,73116,35732,73116
2018,10,Latina,1,Los Cármenes,101,11935,31473,14213,31473
2018,10,Latina,2,Puerta del Angel,102,12384,29712,14763,29712
2018,10,Latina,3,Lucero,103,12516,31931,14870,31931
2018,10,Latina,4,Aluche,104,13116,32729,15506,32729
2018,10,Latina,5,Campamento,105,13061,33751,15518,33751
2018,10,Latina,6,Cuatro Vientos,106,14909,37392,18386,37392
2018,10,Latina,7,Águilas,107,12778,31652,15054,31652
2018,11,Carabanchel,1,Comillas,111,12482,29478,14840,29478
2018,11,Carabanchel,2,Opañel,112,11870,30015,14009,30015
2018,11,Carabanchel,3,San Isidro,113,10970,28194,12895,28194
2018,11,Carabanchel,4,Vista Alegre,114,11031,29299,12845,29299
2018,11,Carabanchel,5,Puerta Bonita,115,9996,27438,11636,27438
2018,11,Carabanchel,6,Buenavista,116,12346,33559,14804,33559
2018,11,Carabanchel,7,Abrantes,117,10777,30010,12696,30010
2018,12,Usera,1,Orcasitas,121,10855,29441,12642,29441
2018,12,Usera,2,Orcasur,122,9400,27372,10857,27372
2018,12,Usera,3,San Fermín,123,9592,27472,11133,27472
2018,12,Usera,4,Almendrales,124,9922,27851,11576,27851
2018,12,Usera,5,Moscardó,125,10423,28150,12188,28150
2018,12,Usera,6,Zofío,126,9838,27567,11373,27567
2018,12,Usera,7,Pradolongo,127,8418,24711,9573,24711
2018,13,Puente de Vallecas,1,Entrevías,131,8882,24209,10104,24209
2018,13,Puente de Vallecas,2,San Diego,132,8758,23120,9976,23120
2018,13,Puente de Vallecas,3,Palomeras Bajas,133,11524,30741,13585,30741
2018,13,Puente de Vallecas,4,Palomeras Sureste,134,10975,29220,12775,29220
2018,13,Puente de Vallecas,5,Portazgo,135,9788,25569,11140,25569
2018,13,Puente de Vallecas,6,Numancia,136,10201,26679,11798,26679
2018,14,Moratalaz,1,Pavones,141,13438,35828,16105,35828
2018,14,Moratalaz,2,Horcajo,142,16214,47613,20557,47613
2018,14,Moratalaz,3,Marroquina,143,16952,42643,20937,42643
2018,14,Moratalaz,4,Media Legua,144,15127,37712,18382,37712
2018,14,Moratalaz,5,Fontarrón,145,11936,29808,13971,29808
2018,14,Moratalaz,6,Vinateros,146,13342,31132,15699,31132
2018,15,Ciudad Lineal,1,Ventas,151,12544,30437,14821,30437
2018,15,Ciudad Lineal,2,Pueblo Nuevo,152,12366,32042,14693,32042
2018,15,Ciudad Lineal,3,Quintana,153,13522,32337,16336,32337
2018,15,Ciudad Lineal,4,La Concepción,154,16166,37255,19863,37255
2018,15,Ciudad Lineal,5,San Pascual,155,18245,43790,23049,43790
2018,15,Ciudad Lineal,6,San Juan Bautista,156,23972,61272,31820,61272
2018,15,Ciudad Lineal,7,Colina,157,22635,56382,29919,56382
2018,15,Ciudad Lineal,8,Atalaya,158,26927,69982,36908,69982
2018,15,Ciudad Lineal,9,Costillares,159,25643,70451,34435,70451
2018,16,Hortaleza,1,Palomas,161,29571,85606,41393,85606
2018,16,Hortaleza,2,Piovera,162,30066,85607,43380,85607
2018,16,Hortaleza,3,Canillas,163,16852,42684,20916,42684
2018,16,Hortaleza,4,Pinar del Rey,164,14640,36298,17886,36298
2018,16,Hortaleza,5,Apóstol Santiago,165,14833,38830,18252,38830
2018,16,Hortaleza,6,Valdefuentes,166,20786,58435,27641,58435
2018,17,Villaverde,1,"Villaverde Alto, Casco Histórico de Villaverde",171,9660,26729,11120,26729
2018,17,Villaverde,2,San Cristóbal,172,6712,21065,7468,21065
2018,17,Villaverde,3,Butarque,173,11044,31442,13118,31442
2018,17,Villaverde,4,Los Rosales,174,10645,30311,12479,30311
2018,17,Villaverde,5,Ángeles,175,11538,29950,13478,29950
2018,18,Villa de Vallecas,1,Casco Histórico de Vallecas,181,9758,26301,11257,26301
2018,18,Villa de Vallecas,2,Santa Eugenia,182,14174,38666,17143,38666
2018,18,Villa de Vallecas,3,Ensanche de Vallecas,183,14190,35059,17338,35059
2018,19,Vicalvaro,1,Casco Histórico de Vicálvaro,191,9896,25974,11429,25974
2018,19,Vicalvaro,2,Valdebernardo,192,14439,41470,17847,41470
2018,19,Vicalvaro,3,Valderrivas,193,14850,42778,18466,42778
2018,19,Vicalvaro,4,El Cañaveral,194,13839,34463,16926,34463
2018,20,San Blas-Canillejas,1,Simancas,201,13527,34371,16596,34371
2018,20,San Blas-Canillejas,2,Hellín,202,10498,25938,12005,25938
2018,20,San Blas-Canillejas,3,Amposta,203,9231,23545,10455,23545
2018,20,San Blas-Canillejas,4,Arcos,204,11657,31155,13794,31155
2018,20,San Blas-Canillejas,5,Rosas,205,16398,46701,20596,46701
2018,20,San Blas-Canillejas,6,Rejas,206,16109,40770,20387,40770
2018,20,San Blas-Canillejas,7,Canillejas,207,12851,33569,15359,33569
2018,20,San Blas-Canillejas,8,El Salvador,208,21719,57268,28317,57268
2018,21,Barajas,1,Alameda de Osuna,211,20614,55737,26521,55737
2018,21,Barajas,2,Aeropuerto,212,10330,27316,11953,27316
2018,21,Barajas,3,Casco Histórico de Barajas,213,12949,31622,15441,31622
2018,21,Barajas,4,Timón,214,16036,42848,20027,42848
2018,21,Barajas,5,Corralejos,215,24642,70833,33237,70833
2019,1,Centro,1,Palacio,011,20683,41778,26687,41778
2019,1,Centro,2,Embajadores,012,15210,31535,18798,31535
2019,1,Centro,3,Cortes,013,21218,42530,27827,42530
2019,1,Centro,4,Justicia,014,23790,49256,32079,49256
2019,1,Centro,5,Universidad,015,18953,37738,24220,37738
2019,1,Centro,6,Sol,016,18197,36776,23610,36776
2019,2,Arganzuela,1,Imperial,021,19921,46982,25237,46982
2019,2,Arganzuela,2,Acacias,022,20653,48844,26304,48844
2019,2,Arganzuela,3,Chopera,023,15542,36474,18977,36474
2019,2,Arganzuela,4,Legazpi,024,21482,55540,27836,55540
2019,2,Arganzuela,5,Delicias,025,18684,45051,23727,45051
2019,2,Arganzuela,6,Palos de la Frontera,026,17634,38955,21896,38955
2019,2,Arganzuela,7,Atocha,027,15889,44290,19965,44290
2019,3,Retiro,1,Pacífico,031,20132,46115,25476,46115
2019,3,Retiro,2,Adelfas,032,21311,51283,27171,51283
2019,3,Retiro,3,Estrella,033,23860,63620,30822,63620
2019,3,Retiro,4,Ibiza,034,22590,53104,29411,53104
2019,3,Retiro,5,Los Jerónimos,035,27452,73518,37439,73518
2019,3,Retiro,6,Niño Jesús,036,27415,73537,36927,73537
2019,4,Salamanca,1,Recoletos,041,29359,76674,44475,76674
2019,4,Salamanca,2,Goya,042,24817,56753,33379,56753
2019,4,Salamanca,3,Fuente del Berro,043,20347,46265,25898,46265
2019,4,Salamanca,4,Guindalera,044,21727,51191,27990,51191
2019,4,Salamanca,5,Lista,045,24451,56715,32466,56715
2019,4,Salamanca,6,Castellana,046,30297,79297,42645,79297
2019,5,Chamartin,1,El Viso,051,31057,83856,44113,83856
2019,5,Chamartin,2,Prosperidad,052,21042,48538,26896,48538
2019,5,Chamartin,3,Ciudad Jardín,053,21138,49491,27191,49491
2019,5,Chamartin,4,Hispanoamérica,054,27891,71629,38156,71629
2019,5,Chamartin,5,Nueva España,055,28834,76124,41320,76124
2019,5,Chamartin,6,Castilla,056,24249,61159,32438,61159
2019,6,Tetuan,1,Bellas Vistas,061,14045,35031,17089,35031
2019,6,Tetuan,2,Cuatro Caminos,062,21081,48865,27182,48865
2019,6,Tetuan,3,Castillejos,063,22729,51454,30011,51454
2019,6,Tetuan,4,Almenara,064,13510,32859,16309,32859
2019,6,Tetuan,5,Valdeacederas,065,12753,31598,15267,31598
2019,6,Tetuan,6,Berruguete,066,13229,32842,15954,32842
2019,7,Chamberi,1,Gaztambide,071,22158,49107,28647,49107
2019,7,Chamberi,2,Arapiles,072,21908,47826,28303,47826
2019,7,Chamberi,3,Trafalgar,073,22396,47635,29237,47635
2019,7,Chamberi,4,Almagro,074,29222,75277,40852,75277
2019,7,Chamberi,5,Ríos Rosas,075,24645,55834,32852,55834
2019,7,Chamberi,6,Vallehermoso,076,26362,63453,36183,63453
2019,8,Fuencarral-El Pardo,1,El Pardo,081,16139,38954,19739,38954
2019,8,Fuencarral-El Pardo,2,Fuentelarreina,082,31633,89699,44227,89699
2019,8,Fuencarral-El Pardo,3,Peñagrande,083,19135,49830,24191,49830
2019,8,Fuencarral-El Pardo,4,Pilar,084,15441,36896,18658,36896
2019,8,Fuencarral-El Pardo,5,La Paz,085,23478,62842,30121,62842
2019,8,Fuencarral-El Pardo,6,Valverde,086,17348,48608,22209,48608
2019,8,Fuencarral-El Pardo,7,Mirasierra,087,25531,74466,34713,74466
2019,8,Fuencarral-El Pardo,8,El Goloso,088,22545,70076,30157,70076
2019,9,Moncloa-Aravaca,1,Casa de Campo,091,20308,46383,25704,46383
2019,9,Moncloa-Aravaca,2,Argüelles,092,24826,57801,33049,57801
2019,9,Moncloa-Aravaca,3,Ciudad Universitaria,093,24609,62809,34840,62809
2019,9,Moncloa-Aravaca,4,Valdezarza,094,15807,38659,19421,38659
2019,9,Moncloa-Aravaca,5,Valdemarín,095,32102,91511,46093,91511
2019,9,Moncloa-Aravaca,6,El Plantío,096,32183,91436,46204,91436
2019,9,Moncloa-Aravaca,7,Aravaca,097,25269,71429,35829,71429
2019,10,Latina,1,Los Cármenes,101,12393,32991,14795,32991
2019,10,Latina,2,Puerta del Angel,102,12930,31223,15450,31223
2019,10,Latina,3,Lucero,103,12997,33472,15503,33472
2019,10,Latina,4,Aluche,104,13462,33838,15957,33838
2019,10,Latina,5,Campamento,105,13310,35002,15855,35002
2019,10,Latina,6,Cuatro Vientos,106,15449,39214,19183,39214
2019,10,Latina,7,Águilas,107,13246,33042,15630,33042
2019,11,Carabanchel,1,Comillas,111,12908,30835,15331,30835
2019,11,Carabanchel,2,Opañel,112,12324,31414,14586,31414
2019,11,Carabanchel,3,San Isidro,113,11347,29475,13320,29475
2019,11,Carabanchel,4,Vista Alegre,114,11279,30599,13144,30599
2019,11,Carabanchel,5,Puerta Bonita,115,10255,28580,11934,28580
2019,11,Carabanchel,6,Buenavista,116,12846,35108,15492,35108
2019,11,Carabanchel,7,Abrantes,117,11000,31399,12956,31399
2019,12,Usera,1,Orcasitas,121,11278,31027,13174,31027
2019,12,Usera,2,Orcasur,122,9710,28752,11255,28752
2019,12,Usera,3,San Fermín,123,10002,28887,11636,28887
2019,12,Usera,4,Almendrales,124,10297,29507,12061,29507
2019,12,Usera,5,Moscardó,125,10789,29490,12644,29490
2019,12,Usera,6,Zofío,126,10100,28746,11674,28746
2019,12,Usera,7,Pradolongo,127,8668,25719,9859,25719
2019,13,Puente de Vallecas,1,Entrevías,131,9316,25756,10556,25756
2019,13,Puente de Vallecas,2,San Diego,132,8960,24415,10226,24415
2019,13,Puente de Vallecas,3,Palomeras Bajas,133,11982,32166,14156,32166
2019,13,Puente de Vallecas,4,Palomeras Sureste,134,11438,30574,13347,30574
2019,13,Puente de Vallecas,5,Portazgo,135,10100,26705,11553,26705
2019,13,Puente de Vallecas,6,Numancia,136,10552,27903,12222,27903
2019,14,Moratalaz,1,Pavones,141,14042,37454,16820,37454
2019,14,Moratalaz,2,Horcajo,142,16787,49313,21378,49313
2019,14,Moratalaz,3,Marroquina,143,17441,43622,21596,43622
2019,14,Moratalaz,4,Media Legua,144,15484,38534,18850,38534
2019,14,Moratalaz,5,Fontarrón,145,12425,31365,14592,31365
2019,14,Moratalaz,6,Vinateros,146,13824,32332,16360,32332
2019,15,Ciudad Lineal,1,Ventas,151,13050,31866,15488,31866
2019,15,Ciudad Lineal,2,Pueblo Nuevo,152,12829,33611,15278,33611
2019,15,Ciudad Lineal,3,Quintana,153,14106,33946,17042,33946
2019,15,Ciudad Lineal,4,La Concepción,154,16591,38062,20485,38062
2019,15,Ciudad Lineal,5,San Pascual,155,19136,45727,24272,45727
2019,15,Ciudad Lineal,6,San Juan Bautista,156,24260,62833,32653,62833
2019,15,Ciudad Lineal,7,Colina,157,23266,57482,30876,57482
2019,15,Ciudad Lineal,8,Atalaya,158,30889,78073,42036,78073
2019,15,Ciudad Lineal,9,Costillares,159,26068,71740,35022,71740
2019,16,Hortaleza,1,Palomas,161,29960,86209,41774,86209
2019,16,Hortaleza,2,Piovera,162,30142,85594,42738,85594
2019,16,Hortaleza,3,Canillas,163,17465,44063,21725,44063
2019,16,Hortaleza,4,Pinar del Rey,164,15169,37656,18549,37656
2019,16,Hortaleza,5,Apóstol Santiago,165,15651,41097,19316,41097
2019,16,Hortaleza,6,Valdefuentes,166,21532,61093,28640,61093
2019,17,Villaverde,1,"Villaverde Alto, Casco Histórico de Villaverde",171,10034,28194,11586,28194
2019,17,Villaverde,2,San Cristóbal,172,6950,22682,7724,22682
2019,17,Villaverde,3,Butarque,173,11518,33066,13716,33066
2019,17,Villaverde,4,Los Rosales,174,11020,31595,12941,31595
2019,17,Villaverde,5,Ángeles,175,11945,31371,13956,31371
2019,18,Villa de Vallecas,1,Casco Histórico de Vallecas,181,10146,27604,11698,27604
2019,18,Villa de Vallecas,2,Santa Eugenia,182,14592,39753,17756,39753
2019,18,Villa de Vallecas,3,Ensanche de Vallecas,183,14590,36536,17875,36536
2019,19,Vicalvaro,1,Casco Histórico de Vicálvaro,191,10477,27754,12089,27754
2019,19,Vicalvaro,2,Valdebernardo,192,14863,42907,18370,42907
2019,19,Vicalvaro,3,Valderrivas,193,15435,44234,19210,44234
2019,19,Vicalvaro,4,El Cañaveral,194,15208,37336,18706,37336
2019,20,San Blas-Canillejas,1,Simancas,201,13896,35659,17042,35659
2019,20,San Blas-Canillejas,2,Hellín,202,10877,27232,12437,27232
2019,20,San Blas-Canillejas,3,Amposta,203,9574,24941,10851,24941
2019,20,San Blas-Canillejas,4,Arcos,204,12126,32860,14377,32860
2019,20,San Blas-Canillejas,5,Rosas,205,16989,48213,21459,48213
2019,20,San Blas-Canillejas,6,Rejas,206,16331,41725,20610,41725
2019,20,San Blas-Canillejas,7,Canillejas,207,13416,35368,16044,35368
2019,20,San Blas-Canillejas,8,El Salvador,208,22295,58614,29271,58614
2019,21,Barajas,1,Alameda de Osuna,211,21086,56809,27151,56809
2019,21,Barajas,2,Aeropuerto,212,10768,28556,12475,28556
2019,21,Barajas,3,Casco Histórico de Barajas,213,13446,32747,16036,32747
2019,21,Barajas,4,Timón,214,16611,44794,20919,44794
2019,21,Barajas,5,Corralejos,215,25279,72732,34252,72732
2020,1,Centro,1,Palacio,011,19643,39433,25296,39433
2020,1,Centro,2,Embajadores,012,14966,30843,18508,30843
2020,1,Centro,3,Cortes,013,20256,39981,26639,39981
2020,1,Centro,4,Justicia,014,23257,48396,31509,48396
2020,1,Centro,5,Universidad,015,18874,37199,24197,37199
2020,1,Centro,6,Sol,016,16914,34695,21241,34695
2020,2,Arganzuela,1,Imperial,021,19941,46675,25302,46675
2020,2,Arganzuela,2,Acacias,022,20922,48961,26576,48961
2020,2,Arganzuela,3,Chopera,023,15686,36377,19271,36377
2020,2,Arganzuela,4,Legazpi,024,21551,55523,28082,55523
2020,2,Arganzuela,5,Delicias,025,19002,45415,24213,45415
2020,2,Arganzuela,6,Palos de la Frontera,026,17840,38854,22241,38854
2020,2,Arganzuela,7,Atocha,027,17236,47682,22074,47682
2020,3,Retiro,1,Pacífico,031,20388,46069,25823,46069
2020,3,Retiro,2,Adelfas,032,21266,50865,27115,50865
2020,3,Retiro,3,Estrella,033,23885,63012,30868,63012
2020,3,Retiro,4,Ibiza,034,22756,52790,29621,52790
2020,3,Retiro,5,Los Jerónimos,035,27048,71387,36927,71387
2020,3,Retiro,6,Niño Jesús,036,27208,72306,36700,72306
2020,4,Salamanca,1,Recoletos,041,30437,79796,44757,79796
2020,4,Salamanca,2,Goya,042,24441,55440,32867,55440
2020,4,Salamanca,3,Fuente del Berro,043,20405,46127,26195,46127
2020,4,Salamanca,4,Guindalera,044,22227,51897,28719,51897
2020,4,Salamanca,5,Lista,045,24671,56734,32722,56734
2020,4,Salamanca,6,Castellana,046,29832,77649,41756,77649
2020,5,Chamartin,1,El Viso,051,31011,83515,43850,83515
2020,5,Chamartin,2,Prosperidad,052,21153,48332,27155,48332
2020,5,Chamartin,3,Ciudad Jardín,053,21188,49053,27439,49053
2020,5,Chamartin,4,Hispanoamérica,054,27568,70407,37616,70407
2020,5,Chamartin,5,Nueva España,055,29515,78301,41207,78301
2020,5,Chamartin,6,Castilla,056,24733,62078,32891,62078
2020,6,Tetuan,1,Bellas Vistas,061,14176,34748,17279,34748
2020,6,Tetuan,2,Cuatro Caminos,062,21084,48502,27271,48502
2020,6,Tetuan,3,Castillejos,063,22169,49485,29766,49485
2020,6,Tetuan,4,Almenara,064,13812,33177,16679,33177
2020,6,Tetuan,5,Valdeacederas,065,12727,31277,15295,31277
2020,6,Tetuan,6,Berruguete,066,13290,32477,16053,32477
2020,7,Chamberi,1,Gaztambide,071,22622,49676,29276,49676
2020,7,Chamberi,2,Arapiles,072,22192,48031,28865,48031
2020,7,Chamberi,3,Trafalgar,073,22464,47545,29387,47545
2020,7,Chamberi,4,Almagro,074,28408,72316,39508,72316
2020,7,Chamberi,5,Ríos Rosas,075,24543,55453,32825,55453
2020,7,Chamberi,6,Vallehermoso,076,26523,63402,35627,63402
2020,8,Fuencarral-El Pardo,1,El Pardo,081,16127,38373,20078,38373
2020,8,Fuencarral-El Pardo,2,Fuentelarreina,082,30466,88771,42598,88771
2020,8,Fuencarral-El Pardo,3,Peñagrande,083,19358,49777,24579,49777
2020,8,Fuencarral-El Pardo,4,Pilar,084,15639,36814,18922,36814
2020,8,Fuencarral-El Pardo,5,La Paz,085,23395,61446,30059,61446
2020,8,Fuencarral-El Pardo,6,Valverde,086,17378,48389,22387,48389
2020,8,Fuencarral-El Pardo,7,Mirasierra,087,25294,73958,34402,73958
2020,8,Fuencarral-El Pardo,8,El Goloso,088,22841,70378,31013,70378
2020,9,Moncloa-Aravaca,1,Casa de Campo,091,20409,46366,25890,46366
2020,9,Moncloa-Aravaca,2,Argüelles,092,24479,56873,32663,56873
2020,9,Moncloa-Aravaca,3,Ciudad Universitaria,093,25727,65068,34879,65068
2020,9,Moncloa-Aravaca,4,Valdezarza,094,16073,38631,19740,38631
2020,9,Moncloa-Aravaca,5,Valdemarín,095,31670,89742,45312,89742
2020,9,Moncloa-Aravaca,6,El Plantío,096,31670,89731,45312,89731
2020,9,Moncloa-Aravaca,7,Aravaca,097,25590,71174,35327,71174
2020,10,Latina,1,Los Cármenes,101,12379,32480,14793,32480
2020,10,Latina,2,Puerta del Angel,102,12991,30787,15523,30787
2020,10,Latina,3,Lucero,103,13195,33531,15806,33531
2020,10,Latina,4,Aluche,104,13532,33463,16076,33463
2020,10,Latina,5,Campamento,105,13387,34701,15978,34701
2020,10,Latina,6,Cuatro Vientos,106,15308,38986,19050,38986
2020,10,Latina,7,Águilas,107,13323,32825,15750,32825
2020,11,Carabanchel,1,Comillas,111,13131,30855,15628,30855
2020,11,Carabanchel,2,Opañel,112,12219,30881,14468,30881
2020,11,Carabanchel,3,San Isidro,113,11370,29103,13381,29103
2020,11,Carabanchel,4,Vista Alegre,114,11310,30129,13209,30129
2020,11,Carabanchel,5,Puerta Bonita,115,10273,28320,11979,28320
2020,11,Carabanchel,6,Buenavista,116,12884,34996,15560,34996
2020,11,Carabanchel,7,Abrantes,117,11034,30890,13007,30890
2020,12,Usera,1,Orcasitas,121,11301,30843,13217,30843
2020,12,Usera,2,Orcasur,122,9692,28552,11264,28552
2020,12,Usera,3,San Fermín,123,10067,28651,11733,28651
2020,12,Usera,4,Almendrales,124,10646,29899,12528,29899
2020,12,Usera,5,Moscardó,125,10771,28875,12611,28875
2020,12,Usera,6,Zofío,126,10022,28248,11588,28248
2020,12,Usera,7,Pradolongo,127,8417,24871,9578,24871
2020,13,Puente de Vallecas,1,Entrevías,131,9312,25437,10559,25437
2020,13,Puente de Vallecas,2,San Diego,132,8941,23952,10219,23952
2020,13,Puente de Vallecas,3,Palomeras Bajas,133,12097,32087,14302,32087
2020,13,Puente de Vallecas,4,Palomeras Sureste,134,11530,30576,13466,30576
2020,13,Puente de Vallecas,5,Portazgo,135,10123,26455,11545,26455
2020,13,Puente de Vallecas,6,Numancia,136,10566,27445,12254,27445
2020,14,Moratalaz,1,Pavones,141,13960,36588,16743,36588
2020,14,Moratalaz,2,Horcajo,142,17103,50079,21736,50079
2020,14,Moratalaz,3,Marroquina,143,17738,43627,22031,43627
2020,14,Moratalaz,4,Media Legua,144,15706,38581,19197,38581
2020,14,Moratalaz,5,Fontarrón,145,12452,30964,14650,30964
2020,14,Moratalaz,6,Vinateros,146,14123,32631,16762,32631
2020,15,Ciudad Lineal,1,Ventas,151,13089,31459,15586,31459
2020,15,Ciudad Lineal,2,Pueblo Nuevo,152,12987,33347,15496,33347
2020,15,Ciudad Lineal,3,Quintana,153,14357,33878,17345,33878
2020,15,Ciudad Lineal,4,La Concepción,154,16816,38284,20903,38284
2020,15,Ciudad Lineal,5,San Pascual,155,19076,45043,24281,45043
2020,15,Ciudad Lineal,6,San Juan Bautista,156,24621,62814,32852,62814
2020,15,Ciudad Lineal,7,Colina,157,22739,55545,30239,55545
2020,15,Ciudad Lineal,8,Atalaya,158,28605,73984,39209,73984
2020,15,Ciudad Lineal,9,Costillares,159,25900,70744,34823,70744
2020,16,Hortaleza,1,Palomas,161,29357,83585,41107,83585
2020,16,Hortaleza,2,Piovera,162,29758,84144,42105,84144
2020,16,Hortaleza,3,Canillas,163,17487,43386,21830,43386
2020,16,Hortaleza,4,Pinar del Rey,164,15283,37134,18731,37134
2020,16,Hortaleza,5,Apóstol Santiago,165,15685,40593,19448,40593
2020,16,Hortaleza,6,Valdefuentes,166,21249,60020,28486,60020
2020,17,Villaverde,1,"Villaverde Alto, Casco Histórico de Villaverde",171,10056,27982,11626,27982
2020,17,Villaverde,2,San Cristóbal,172,6916,22420,7676,22420
2020,17,Villaverde,3,Butarque,173,11666,33041,14006,33041
2020,17,Villaverde,4,Los Rosales,174,11064,31257,13017,31257
2020,17,Villaverde,5,Ángeles,175,11982,30967,14031,30967
2020,18,Villa de Vallecas,1,Casco Histórico de Vallecas,181,10236,27347,11817,27347
2020,18,Villa de Vallecas,2,Santa Eugenia,182,14894,39910,18073,39910
2020,18,Villa de Vallecas,3,Ensanche de Vallecas,183,14540,36615,17856,36615
2020,19,Vicalvaro,1,Casco Histórico de Vicálvaro,191,10586,27728,12237,27728
2020,19,Vicalvaro,2,Valdebernardo,192,15054,42874,18617,42874
2020,19,Vicalvaro,3,Valderrivas,193,15515,44111,19359,44111
2020,19,Vicalvaro,4,El Cañaveral,194,15673,38306,19426,38306
2020,20,San Blas-Canillejas,1,Simancas,201,14010,35387,17203,35387
2020,20,San Blas-Canillejas,2,Hellín,202,10711,26895,12274,26895
2020,20,San Blas-Canillejas,3,Amposta,203,9354,24293,10600,24293
2020,20,San Blas-Canillejas,4,Arcos,204,12206,32809,14536,32809
2020,20,San Blas-Canillejas,5,Rosas,205,17154,48294,21602,48294
2020,20,San Blas-Canillejas,6,Rejas,206,16454,41604,20803,41604
2020,20,San Blas-Canillejas,7,Canillejas,207,13124,34134,15691,34134
2020,20,San Blas-Canillejas,8,El Salvador,208,22115,57359,29326,57359
2020,21,Barajas,1,Alameda de Osuna,211,21309,56912,27490,56912
2020,21,Barajas,2,Aeropuerto,212,10556,28185,12691,28185
2020,21,Barajas,3,Casco Histórico de Barajas,213,13245,31563,15733,31563
2020,21,Barajas,4,Timón,214,16789,45104,21109,45104
2020,21,Barajas,5,Corralejos,215,25412,72562,34497,72562
2021,1,Centro,1,Palacio,011,20536,40736,26698,40736
2021,1,Centro,2,Embajadores,012,15808,32197,19737,32197
2021,1,Centro,3,Cortes,013,20795,40839,27558,40839
2021,1,Centro,4,Justicia,014,24522,49635,33636,49635
2021,1,Centro,5,Universidad,015,19918,38807,25783,38807
2021,1,Centro,6,Sol,016,17636,36397,22563,36397
2021,2,Arganzuela,1,Imperial,021,20720,48179,26527,48179
2021,2,Arganzuela,2,Acacias,022,21644,50277,27750,50277
2021,2,Arganzuela,3,Chopera,023,16466,37382,20325,37382
2021,2,Arganzuela,4,Legazpi,024,22633,57417,29753,57417
2021,2,Arganzuela,5,Delicias,025,19671,46619,25173,46619
2021,2,Arganzuela,6,Palos de la Frontera,026,18709,40244,23544,40244
2021,2,Arganzuela,7,Atocha,027,19316,50198,25315,50198
2021,3,Retiro,1,Pacífico,031,21092,47134,26902,47134
2021,3,Retiro,2,Adelfas,032,21853,51741,28197,51741
2021,3,Retiro,3,Estrella,033,24309,63491,31708,63491
2021,3,Retiro,4,Ibiza,034,23577,54042,31373,54042
2021,3,Retiro,5,Los Jerónimos,035,27523,72350,38431,72350
2021,3,Retiro,6,Niño Jesús,036,27824,73134,37948,73134
2021,4,Salamanca,1,Recoletos,041,30785,78903,45049,78903
2021,4,Salamanca,2,Goya,042,25252,57305,34259,57305
2021,4,Salamanca,3,Fuente del Berro,043,21011,47272,27274,47272
2021,4,Salamanca,4,Guindalera,044,22566,52541,29465,52541
2021,4,Salamanca,5,Lista,045,24732,56552,33507,56552
2021,4,Salamanca,6,Castellana,046,29751,75774,42317,75774
2021,5,Chamartin,1,El Viso,051,31011,81674,44616,81674
2021,5,Chamartin,2,Prosperidad,052,21918,49375,28350,49375
2021,5,Chamartin,3,Ciudad Jardín,053,21728,49757,28559,49757
2021,5,Chamartin,4,Hispanoamérica,054,28240,71377,39391,71377
2021,5,Chamartin,5,Nueva España,055,29895,78502,42338,78502
2021,5,Chamartin,6,Castilla,056,25457,63105,34140,63105
2021,6,Tetuan,1,Bellas Vistas,061,14750,35704,18126,35704
2021,6,Tetuan,2,Cuatro Caminos,062,21843,49739,28623,49739
2021,6,Tetuan,3,Castillejos,063,23306,51025,31075,51025
2021,6,Tetuan,4,Almenara,064,14333,34321,17456,34321
2021,6,Tetuan,5,Valdeacederas,065,13401,32346,16234,32346
2021,6,Tetuan,6,Berruguete,066,14019,33634,17088,33634
2021,7,Chamberi,1,Gaztambide,071,22991,50321,30578,50321
2021,7,Chamberi,2,Arapiles,072,22755,48940,29997,48940
2021,7,Chamberi,3,Trafalgar,073,22940,48381,30663,48381
2021,7,Chamberi,4,Almagro,074,28846,72049,41212,72049
2021,7,Chamberi,5,Ríos Rosas,075,25379,57005,34679,57005
2021,7,Chamberi,6,Vallehermoso,076,26217,62604,36716,62604
2021,8,Fuencarral-El Pardo,1,El Pardo,081,16836,40043,20859,40043
2021,8,Fuencarral-El Pardo,2,Fuentelarreina,082,30970,88661,44632,88661
2021,8,Fuencarral-El Pardo,3,Peñagrande,083,19886,50615,25674,50615
2021,8,Fuencarral-El Pardo,4,Pilar,084,16036,37388,19531,37388
2021,8,Fuencarral-El Pardo,5,La Paz,085,23810,61636,30760,61636
2021,8,Fuencarral-El Pardo,6,Valverde,086,17952,49656,23248,49656
2021,8,Fuencarral-El Pardo,7,Mirasierra,087,25602,74358,35341,74358
2021,8,Fuencarral-El Pardo,8,El Goloso,088,23667,71833,32349,71833
2021,9,Moncloa-Aravaca,1,Casa de Campo,091,21044,47201,27371,47201
2021,9,Moncloa-Aravaca,2,Argüelles,092,25034,57497,34035,57497
2021,9,Moncloa-Aravaca,3,Ciudad Universitaria,093,26883,67406,36648,67406
2021,9,Moncloa-Aravaca,4,Valdezarza,094,16556,39580,20497,39580
2021,9,Moncloa-Aravaca,5,Valdemarín,095,32039,88776,46570,88776
2021,9,Moncloa-Aravaca,6,El Plantío,096,32039,88739,46570,88739
2021,9,Moncloa-Aravaca,7,Aravaca,097,25993,70625,36459,70625
2021,10,Latina,1,Los Cármenes,101,12905,33791,15576,33791
2021,10,Latina,2,Puerta del Angel,102,13472,31706,16195,31706
2021,10,Latina,3,Lucero,103,13520,34108,16270,34108
2021,10,Latina,4,Aluche,104,14046,34342,16742,34342
2021,10,Latina,5,Campamento,105,13782,35470,16486,35470
2021,10,Latina,6,Cuatro Vientos,106,15873,40531,19810,40531
2021,10,Latina,7,Águilas,107,13760,33517,16334,33517
2021,11,Carabanchel,1,Comillas,111,13696,31743,16437,31743
2021,11,Carabanchel,2,Opañel,112,12917,32303,15412,32303
2021,11,Carabanchel,3,San Isidro,113,11974,30379,14198,30379
2021,11,Carabanchel,4,Vista Alegre,114,11792,31051,13868,31051
2021,11,Carabanchel,5,Puerta Bonita,115,10857,29720,12724,29720
2021,11,Carabanchel,6,Buenavista,116,13405,36237,16278,36237
2021,11,Carabanchel,7,Abrantes,117,11560,31902,13676,31902
2021,12,Usera,1,Orcasitas,121,11796,31996,13978,31996
2021,12,Usera,2,Orcasur,122,10152,29869,11882,29869
2021,12,Usera,3,San Fermín,123,10635,29916,12467,29916
2021,12,Usera,4,Almendrales,124,11271,31320,13426,31320
2021,12,Usera,5,Moscardó,125,11344,30072,13338,30072
2021,12,Usera,6,Zofío,126,10511,29232,12195,29232
2021,12,Usera,7,Pradolongo,127,9046,26274,10363,26274
2021,13,Puente de Vallecas,1,Entrevías,131,9850,26666,11223,26666
2021,13,Puente de Vallecas,2,San Diego,132,9377,24784,10770,24784
2021,13,Puente de Vallecas,3,Palomeras Bajas,133,12605,33063,15048,33063
2021,13,Puente de Vallecas,4,Palomeras Sureste,134,12068,31677,14196,31677
2021,13,Puente de Vallecas,5,Portazgo,135,10605,27357,12149,27357
2021,13,Puente de Vallecas,6,Numancia,136,11047,28277,12869,28277
2021,14,Moratalaz,1,Pavones,141,14731,37740,17788,37740
2021,14,Moratalaz,2,Horcajo,142,17503,50917,22318,50917
2021,14,Moratalaz,3,Marroquina,143,18141,44122,22563,44122
2021,14,Moratalaz,4,Media Legua,144,15977,38813,19532,38813
2021,14,Moratalaz,5,Fontarrón,145,12738,31478,15032,31478
2021,14,Moratalaz,6,Vinateros,146,14435,33067,17198,33067
2021,15,Ciudad Lineal,1,Ventas,151,13544,32323,16189,32323
2021,15,Ciudad Lineal,2,Pueblo Nuevo,152,13331,33969,15987,33969
2021,15,Ciudad Lineal,3,Quintana,153,14856,34709,18031,34709
2021,15,Ciudad Lineal,4,La Concepción,154,17126,38727,21437,38727
2021,15,Ciudad Lineal,5,San Pascual,155,20004,46590,25538,46590
2021,15,Ciudad Lineal,6,San Juan Bautista,156,25105,62792,34024,62792
2021,15,Ciudad Lineal,7,Colina,157,23941,57785,32775,57785
2021,15,Ciudad Lineal,8,Atalaya,158,27857,72146,39324,72146
2021,15,Ciudad Lineal,9,Costillares,159,26389,71152,35898,71152
2021,16,Hortaleza,1,Palomas,161,29872,83383,42415,83383
2021,16,Hortaleza,2,Piovera,162,29106,80964,43538,80964
2021,16,Hortaleza,3,Canillas,163,18182,44792,22918,44792
2021,16,Hortaleza,4,Pinar del Rey,164,15641,37698,19201,37698
2021,16,Hortaleza,5,Apóstol Santiago,165,16302,41991,20344,41991
2021,16,Hortaleza,6,Valdefuentes,166,22021,62211,29592,62211
2021,17,Villaverde,1,"Villaverde Alto, Casco Histórico de Villaverde",171,10442,28833,12124,28833
2021,17,Villaverde,2,San Cristóbal,172,7270,23300,8103,23300
2021,17,Villaverde,3,Butarque,173,12252,34632,14735,34632
2021,17,Villaverde,4,Los Rosales,174,11597,32463,13677,32463
2021,17,Villaverde,5,Ángeles,175,12435,31793,14650,31793
2021,18,Villa de Vallecas,1,Casco Histórico de Vallecas,181,10766,28376,12481,28376
2021,18,Villa de Vallecas,2,Santa Eugenia,182,15319,40757,18667,40757
2021,18,Villa de Vallecas,3,Ensanche de Vallecas,183,15026,37835,18610,37835
2021,19,Vicalvaro,1,Casco Histórico de Vicálvaro,191,11013,28562,12832,28562
2021,19,Vicalvaro,2,Valdebernardo,192,15682,44447,19512,44447
2021,19,Vicalvaro,3,Valderrivas,193,16034,45408,20155,45408
2021,19,Vicalvaro,4,El Cañaveral,194,16818,41638,21110,41638
2021,20,San Blas-Canillejas,1,Simancas,201,14551,36476,18024,36476
2021,20,San Blas-Canillejas,2,Hellín,202,11100,27743,12800,27743
2021,20,San Blas-Canillejas,3,Amposta,203,9830,25198,11214,25198
2021,20,San Blas-Canillejas,4,Arcos,204,12958,34740,15588,34740
2021,20,San Blas-Canillejas,5,Rosas,205,17829,49482,22544,49482
2021,20,San Blas-Canillejas,6,Rejas,206,17046,42958,21714,42958
2021,20,San Blas-Canillejas,7,Canillejas,207,13664,35185,16408,35185
2021,20,San Blas-Canillejas,8,El Salvador,208,22670,58294,30549,58294
2021,21,Barajas,1,Alameda de Osuna,211,21613,57242,28262,57242
2021,21,Barajas,2,Aeropuerto,212,10980,29739,12943,29739
2021,21,Barajas,3,Casco Histórico de Barajas,213,13780,32189,16446,32189
2021,21,Barajas,4,Timón,214,16941,45222,21262,45222
2021,21,Barajas,5,Corralejos,215,25479,72839,34872,72839
2022,1,Centro,1,Palacio,011,22102,43938,29026,43938
2022,1,Centro,2,Embajadores,012,17036,34439,21416,34439
2022,1,Centro,3,Cortes,013,22120,43506,30192,43506
2022,1,Centro,4,Justicia,014,26307,52836,36514,52836
2022,1,Centro,5,Universidad,015,21299,41420,27949,41420
2022,1,Centro,6,Sol,016,18939,39077,24487,39077
2022,2,Arganzuela,1,Imperial,021,22200,50984,28449,50984
2022,2,Arganzuela,2,Acacias,022,23075,52933,29554,52933
2022,2,Arganzuela,3,Chopera,023,17535,39805,21689,39805
2022,2,Arganzuela,4,Legazpi,024,23859,59617,31973,59617
2022,2,Arganzuela,5,Delicias,025,21071,49473,27047,49473
2022,2,Arganzuela,6,Palos de la Frontera,026,19754,42256,24963,42256
2022,2,Arganzuela,7,Atocha,027,20120,52252,26067,52252
2022,3,Retiro,1,Pacífico,031,22224,49420,28525,49420
2022,3,Retiro,2,Adelfas,032,23176,54546,29963,54546
2022,3,Retiro,3,Estrella,033,25812,66904,33788,66904
2022,3,Retiro,4,Ibiza,034,25160,58131,33191,58131
2022,3,Retiro,5,Los Jerónimos,035,29762,78649,41525,78649
2022,3,Retiro,6,Niño Jesús,036,29659,77820,40731,77820
2022,4,Salamanca,1,Recoletos,041,34145,90258,49804,90258
2022,4,Salamanca,2,Goya,042,26716,60585,36154,60585
2022,4,Salamanca,3,Fuente del Berro,043,22214,49910,29190,49910
2022,4,Salamanca,4,Guindalera,044,24134,55799,31651,55799
2022,4,Salamanca,5,Lista,045,26720,60964,36667,60964
2022,4,Salamanca,6,Castellana,046,32452,82800,46400,82800
2022,5,Chamartin,1,El Viso,051,33498,90193,49397,90193
2022,5,Chamartin,2,Prosperidad,052,23256,51859,30276,51859
2022,5,Chamartin,3,Ciudad Jardín,053,23300,53042,30518,53042
2022,5,Chamartin,4,Hispanoamérica,054,30023,75682,42025,75682
2022,5,Chamartin,5,Nueva España,055,32318,85933,46355,85933
2022,5,Chamartin,6,Castilla,056,27111,67489,36403,67489
2022,6,Tetuan,1,Bellas Vistas,061,15615,37831,19338,37831
2022,6,Tetuan,2,Cuatro Caminos,062,23206,52962,30224,52962
2022,6,Tetuan,3,Castillejos,063,24708,54455,33232,54455
2022,6,Tetuan,4,Almenara,064,15208,36313,18606,36313
2022,6,Tetuan,5,Valdeacederas,065,14317,34514,17430,34514
2022,6,Tetuan,6,Berruguete,066,14699,35529,18009,35529
2022,7,Chamberi,1,Gaztambide,071,24308,53100,31839,53100
2022,7,Chamberi,2,Arapiles,072,24260,52012,32035,52012
2022,7,Chamberi,3,Trafalgar,073,24709,51698,32907,51698
2022,7,Chamberi,4,Almagro,074,30898,78234,44543,78234
2022,7,Chamberi,5,Ríos Rosas,075,27391,61141,37470,61141
2022,7,Chamberi,6,Vallehermoso,076,28440,67456,38517,67456
2022,8,Fuencarral-El Pardo,1,El Pardo,081,17121,40565,20879,40565
2022,8,Fuencarral-El Pardo,2,Fuentelarreina,082,33653,96509,49238,96509
2022,8,Fuencarral-El Pardo,3,Peñagrande,083,21274,54043,27436,54043
2022,8,Fuencarral-El Pardo,4,Pilar,084,16926,39383,20694,39383
2022,8,Fuencarral-El Pardo,5,La Paz,085,25130,64759,32430,64759
2022,8,Fuencarral-El Pardo,6,Valverde,086,18992,52222,24618,52222
2022,8,Fuencarral-El Pardo,7,Mirasierra,087,27403,79855,37920,79855
2022,8,Fuencarral-El Pardo,8,El Goloso,088,25480,76202,34849,76202
2022,9,Moncloa-Aravaca,1,Casa de Campo,091,22364,49865,28505,49865
2022,9,Moncloa-Aravaca,2,Argüelles,092,26973,61799,36522,61799
2022,9,Moncloa-Aravaca,3,Ciudad Universitaria,093,28638,71512,39578,71512
2022,9,Moncloa-Aravaca,4,Valdezarza,094,17368,41792,21563,41792
2022,9,Moncloa-Aravaca,5,Valdemarín,095,34765,98178,51091,98178
2022,9,Moncloa-Aravaca,6,El Plantío,096,34765,98205,51091,98205
2022,9,Moncloa-Aravaca,7,Aravaca,097,28196,77155,39660,77155
2022,10,Latina,1,Los Cármenes,101,13409,35316,16159,35316
2022,10,Latina,2,Puerta del Angel,102,14438,34380,17513,34380
2022,10,Latina,3,Lucero,103,14083,35912,16968,35912
2022,10,Latina,4,Aluche,104,14561,35829,17386,35829
2022,10,Latina,5,Campamento,105,14103,36950,16906,36950
2022,10,Latina,6,Cuatro Vientos,106,16523,41289,20766,41289
2022,10,Latina,7,Águilas,107,14474,35324,17229,35324
2022,11,Carabanchel,1,Comillas,111,14448,33931,17423,33931
2022,11,Carabanchel,2,Opañel,112,13507,34030,16165,34030
2022,11,Carabanchel,3,San Isidro,113,12528,32206,14966,32206
2022,11,Carabanchel,4,Vista Alegre,114,12211,32697,14373,32697
2022,11,Carabanchel,5,Puerta Bonita,115,11119,31194,13032,31194
2022,11,Carabanchel,6,Buenavista,116,13939,37765,16966,37765
2022,11,Carabanchel,7,Abrantes,117,11953,33620,14190,33620
2022,12,Usera,1,Orcasitas,121,12638,34151,14987,34151
2022,12,Usera,2,Orcasur,122,10792,31816,12663,31816
2022,12,Usera,3,San Fermín,123,11302,31795,13274,31795
2022,12,Usera,4,Almendrales,124,12033,33822,14388,33822
2022,12,Usera,5,Moscardó,125,11892,31837,14200,31837
2022,12,Usera,6,Zofío,126,11010,31037,12787,31037
2022,12,Usera,7,Pradolongo,127,9489,27994,10881,27994
2022,13,Puente de Vallecas,1,Entrevías,131,10225,28218,11686,28218
2022,13,Puente de Vallecas,2,San Diego,132,9769,26395,11250,26395
2022,13,Puente de Vallecas,3,Palomeras Bajas,133,13270,34669,15781,34669
2022,13,Puente de Vallecas,4,Palomeras Sureste,134,12654,33183,14904,33183
2022,13,Puente de Vallecas,5,Portazgo,135,11169,29095,12846,29095
2022,13,Puente de Vallecas,6,Numancia,136,11478,29852,13409,29852
2022,14,Moratalaz,1,Pavones,141,15476,39517,18736,39517
2022,14,Moratalaz,2,Horcajo,142,18165,51642,23169,51642
2022,14,Moratalaz,3,Marroquina,143,19035,45829,23690,45829
2022,14,Moratalaz,4,Media Legua,144,16896,40948,20664,40948
2022,14,Moratalaz,5,Fontarrón,145,13385,33443,15848,33443
2022,14,Moratalaz,6,Vinateros,146,14899,34711,17789,34711
2022,15,Ciudad Lineal,1,Ventas,151,14440,34790,17336,34790
2022,15,Ciudad Lineal,2,Pueblo Nuevo,152,13996,35841,16792,35841
2022,15,Ciudad Lineal,3,Quintana,153,15406,36698,18761,36698
2022,15,Ciudad Lineal,4,La Concepción,154,17968,40628,22547,40628
2022,15,Ciudad Lineal,5,San Pascual,155,21045,49184,26850,49184
2022,15,Ciudad Lineal,6,San Juan Bautista,156,26934,66684,36518,66684
2022,15,Ciudad Lineal,7,Colina,157,26589,63554,35629,63554
2022,15,Ciudad Lineal,8,Atalaya,158,30030,77929,41497,77929
2022,15,Ciudad Lineal,9,Costillares,159,27877,74746,37824,74746
2022,16,Hortaleza,1,Palomas,161,32620,91071,46578,91071
2022,16,Hortaleza,2,Piovera,162,32720,92188,47558,92188
2022,16,Hortaleza,3,Canillas,163,19059,46691,24000,46691
2022,16,Hortaleza,4,Pinar del Rey,164,15917,38396,19948,38396
2022,16,Hortaleza,5,Apóstol Santiago,165,17164,44216,21479,44216
2022,16,Hortaleza,6,Valdefuentes,166,23444,65774,31867,65774
2022,17,Villaverde,1,"Villaverde Alto, Casco Histórico de Villaverde",171,10904,30737,12702,30737
2022,17,Villaverde,2,San Cristóbal,172,7700,25584,8623,25584
2022,17,Villaverde,3,Butarque,173,12901,36553,15554,36553
2022,17,Villaverde,4,Los Rosales,174,12095,34030,14296,34030
2022,17,Villaverde,5,Ángeles,175,12965,33632,15343,33632
2022,18,Villa de Vallecas,1,Casco Histórico de Vallecas,181,11290,30031,13136,30031
2022,18,Villa de Vallecas,2,Santa Eugenia,182,16090,42325,19576,42325
2022,18,Villa de Vallecas,3,Ensanche de Vallecas,183,15742,39594,19548,39594
2022,19,Vicalvaro,1,Casco Histórico de Vicálvaro,191,11597,30224,13529,30224
2022,19,Vicalvaro,2,Valdebernardo,192,16397,45316,20458,45316
2022,19,Vicalvaro,3,Valderrivas,193,16960,47528,21390,47528
2022,19,Vicalvaro,4,El Cañaveral,194,18492,46641,23416,46641
2022,20,San Blas-Canillejas,1,Simancas,201,14931,37467,18440,37467
2022,20,San Blas-Canillejas,2,Hellín,202,11453,29616,13261,29616
2022,20,San Blas-Canillejas,3,Amposta,203,10374,27219,11856,27219
2022,20,San Blas-Canillejas,4,Arcos,204,13771,37133,16717,37133
2022,20,San Blas-Canillejas,5,Rosas,205,18732,51167,23736,51167
2022,20,San Blas-Canillejas,6,Rejas,206,17843,44815,22982,44815
2022,20,San Blas-Canillejas,7,Canillejas,207,14371,37262,17318,37262
2022,20,San Blas-Canillejas,8,El Salvador,208,24590,62547,32419,62547
2022,21,Barajas,1,Alameda de Osuna,211,22882,60255,29995,60255
2022,21,Barajas,2,Aeropuerto,212,11509,30541,13553,30541
2022,21,Barajas,3,Casco Histórico de Barajas,213,15211,35398,18296,35398
2022,21,Barajas,4,Timón,214,18114,47816,22973,47816
2022,21,Barajas,5,Corralejos,215,27228,76731,38078,76731
2023,1,Centro,1,Palacio,011,23770,48025,31158,48025
2023,1,Centro,2,Embajadores,012,18177,37741,22873,37741
2023,1,Centro,3,Cortes,013,24671,49485,33130,49485
2023,1,Centro,4,Justicia,014,28051,57745,39412,57745
2023,1,Centro,5,Universidad,015,22689,45078,29736,45078
2023,1,Centro,6,Sol,016,21020,44128,27028,44128
2023,2,Arganzuela,1,Imperial,021,23591,54669,30343,54669
2023,2,Arganzuela,2,Acacias,022,24444,56322,31427,56322
2023,2,Arganzuela,3,Chopera,023,18830,43195,23443,43195
2023,2,Arganzuela,4,Legazpi,024,25356,63915,33661,63915
2023,2,Arganzuela,5,Delicias,025,22273,53067,28707,53067
2023,2,Arganzuela,6,Palos de la Frontera,026,21157,45803,26773,45803
2023,2,Arganzuela,7,Atocha,027,21254,55671,27693,55671
2023,3,Retiro,1,Pacífico,031,23449,52842,30058,52842
2023,3,Retiro,2,Adelfas,032,24543,58194,31786,58194
2023,3,Retiro,3,Estrella,033,27595,71559,36156,71559
2023,3,Retiro,4,Ibiza,034,26761,62317,35656,62317
2023,3,Retiro,5,Los Jerónimos,035,31815,84768,44407,84768
2023,3,Retiro,6,Niño Jesús,036,31955,84112,44241,84112
2023,4,Salamanca,1,Recoletos,041,36397,95138,53234,95138
2023,4,Salamanca,2,Goya,042,28823,66270,39283,66270
2023,4,Salamanca,3,Fuente del Berro,043,23926,54409,31113,54409
2023,4,Salamanca,4,Guindalera,044,25573,59568,33599,59568
2023,4,Salamanca,5,Lista,045,28960,66700,39451,66700
2023,4,Salamanca,6,Castellana,046,34843,88867,50490,88867
2023,5,Chamartin,1,El Viso,051,35797,96456,51880,96456
2023,5,Chamartin,2,Prosperidad,052,24830,55947,32262,55947
2023,5,Chamartin,3,Ciudad Jardín,053,24765,56896,32716,56896
2023,5,Chamartin,4,Hispanoamérica,054,31917,80976,44735,80976
2023,5,Chamartin,5,Nueva España,055,34371,92935,49534,92935
2023,5,Chamartin,6,Castilla,056,28189,70736,38184,70736
2023,6,Tetuan,1,Bellas Vistas,061,16653,41152,20616,41152
2023,6,Tetuan,2,Cuatro Caminos,062,24540,56443,32307,56443
2023,6,Tetuan,3,Castillejos,063,26447,58273,35359,58273
2023,6,Tetuan,4,Almenara,064,16415,39983,20210,39983
2023,6,Tetuan,5,Valdeacederas,065,15348,37436,18739,37436
2023,6,Tetuan,6,Berruguete,066,15679,38427,19159,38427
2023,7,Chamberi,1,Gaztambide,071,26058,57141,34357,57141
2023,7,Chamberi,2,Arapiles,072,25893,56121,34146,56121
2023,7,Chamberi,3,Trafalgar,073,26431,56014,35415,56014
2023,7,Chamberi,4,Almagro,074,33425,86678,47887,86678
2023,7,Chamberi,5,Ríos Rosas,075,29358,66143,40650,66143
2023,7,Chamberi,6,Vallehermoso,076,30728,73576,42118,73576
2023,8,Fuencarral-El Pardo,1,El Pardo,081,18296,43098,22444,43098
2023,8,Fuencarral-El Pardo,2,Fuentelarreina,082,36195,104774,53122,104774
2023,8,Fuencarral-El Pardo,3,Peñagrande,083,22816,58355,29652,58355
2023,8,Fuencarral-El Pardo,4,Pilar,084,17793,41799,21760,41799
2023,8,Fuencarral-El Pardo,5,La Paz,085,26477,68059,34308,68059
2023,8,Fuencarral-El Pardo,6,Valverde,086,20138,56095,26226,56095
2023,8,Fuencarral-El Pardo,7,Mirasierra,087,29407,86457,40713,86457
2023,8,Fuencarral-El Pardo,8,El Goloso,088,27155,82549,37111,82549
2023,9,Moncloa-Aravaca,1,Casa de Campo,091,23494,52900,30324,52900
2023,9,Moncloa-Aravaca,2,Argüelles,092,28664,65987,39130,65987
2023,9,Moncloa-Aravaca,3,Ciudad Universitaria,093,30310,76855,41651,76855
2023,9,Moncloa-Aravaca,4,Valdezarza,094,18383,44802,22808,44802
2023,9,Moncloa-Aravaca,5,Valdemarín,095,36918,104762,54166,104762
2023,9,Moncloa-Aravaca,6,El Plantío,096,25350,76325,53991,76325
2023,9,Moncloa-Aravaca,7,Aravaca,097,30206,83047,42277,83047
2023,10,Latina,1,Los Cármenes,101,14416,38240,17421,38240
2023,10,Latina,2,Puerta del Angel,102,15310,37197,18614,37197
2023,10,Latina,3,Lucero,103,14814,38305,17836,38305
2023,10,Latina,4,Aluche,104,15162,38111,18103,38111
2023,10,Latina,5,Campamento,105,14656,39377,17651,39377
2023,10,Latina,6,Cuatro Vientos,106,17516,45071,21911,45071
2023,10,Latina,7,Águilas,107,15144,37212,18081,37212
2023,11,Carabanchel,1,Comillas,111,15403,36535,18591,36535
2023,11,Carabanchel,2,Opañel,112,14134,36456,16945,36456
2023,11,Carabanchel,3,San Isidro,113,13288,34893,15834,34893
2023,11,Carabanchel,4,Vista Alegre,114,12736,34851,14995,34851
2023,11,Carabanchel,5,Puerta Bonita,115,11651,33635,13683,33635
2023,11,Carabanchel,6,Buenavista,116,14879,40809,18178,40809
2023,11,Carabanchel,7,Abrantes,117,12515,36178,14894,36178
2023,12,Usera,1,Orcasitas,121,13337,36585,15801,36585
2023,12,Usera,2,Orcasur,122,11656,34638,13684,34638
2023,12,Usera,3,San Fermín,123,12044,34500,14192,34500
2023,12,Usera,4,Almendrales,124,12826,36701,15360,36701
2023,12,Usera,5,Moscardó,125,12693,34536,15061,34536
2023,12,Usera,6,Zofío,126,11493,33565,13387,33565
2023,12,Usera,7,Pradolongo,127,9910,30335,11365,30335
2023,13,Puente de Vallecas,1,Entrevías,131,10790,30388,12342,30388
2023,13,Puente de Vallecas,2,San Diego,132,10252,28881,11817,28881
2023,13,Puente de Vallecas,3,Palomeras Bajas,133,13967,37176,16636,37176
2023,13,Puente de Vallecas,4,Palomeras Sureste,134,13353,35288,15740,35288
2023,13,Puente de Vallecas,5,Portazgo,135,11817,31366,13610,31366
2023,13,Puente de Vallecas,6,Numancia,136,12136,32287,14190,32287
2023,14,Moratalaz,1,Pavones,141,16403,42075,19889,42075
2023,14,Moratalaz,2,Horcajo,142,19542,56430,24990,56430
2023,14,Moratalaz,3,Marroquina,143,20036,48415,24968,48415
2023,14,Moratalaz,4,Media Legua,144,17680,43338,21643,43338
2023,14,Moratalaz,5,Fontarrón,145,13983,35719,16558,35719
2023,14,Moratalaz,6,Vinateros,146,15632,37009,18681,37009
2023,15,Ciudad Lineal,1,Ventas,151,15254,37510,18368,37510
2023,15,Ciudad Lineal,2,Pueblo Nuevo,152,14782,38607,17773,38607
2023,15,Ciudad Lineal,3,Quintana,153,16290,39597,19918,39597
2023,15,Ciudad Lineal,4,La Concepción,154,19248,44507,24398,44507
2023,15,Ciudad Lineal,5,San Pascual,155,22329,52645,28602,52645
2023,15,Ciudad Lineal,6,San Juan Bautista,156,28260,71341,38730,71341
2023,15,Ciudad Lineal,7,Colina,157,27706,67412,37465,67412
2023,15,Ciudad Lineal,8,Atalaya,158,33140,86333,45788,86333
2023,15,Ciudad Lineal,9,Costillares,159,29377,79297,40078,79297
2023,16,Hortaleza,1,Palomas,161,34774,98118,50091,98118
2023,16,Hortaleza,2,Piovera,162,34949,98575,50720,98575
2023,16,Hortaleza,3,Canillas,163,19994,49140,25244,49140
2023,16,Hortaleza,4,Pinar del Rey,164,16824,41018,21187,41018
2023,16,Hortaleza,5,Apóstol Santiago,165,18213,47663,22978,47663
2023,16,Hortaleza,6,Valdefuentes,166,25293,71662,34310,71662
2023,17,Villaverde,1,"Villaverde Alto, Casco Histórico de Villaverde",171,11511,33273,13396,33273
2023,17,Villaverde,2,San Cristóbal,172,8042,28240,8997,28240
2023,17,Villaverde,3,Butarque,173,13620,39054,16476,39054
2023,17,Villaverde,4,Los Rosales,174,12703,36616,15018,36616
2023,17,Villaverde,5,Ángeles,175,13515,35733,15988,35733
2023,18,Villa de Vallecas,1,Casco Histórico de Vallecas,181,11951,32330,13910,32330
2023,18,Villa de Vallecas,2,Santa Eugenia,182,17041,44771,20779,44771
2023,18,Villa de Vallecas,3,Ensanche de Vallecas,183,16757,42838,20869,42838
2023,19,Vicalvaro,1,Casco Histórico de Vicálvaro,191,12291,32707,14358,32707
2023,19,Vicalvaro,2,Valdebernardo,192,17593,49196,21864,49196
2023,19,Vicalvaro,3,Valderrivas,193,18168,50969,23049,50969
2023,19,Vicalvaro,4,El Cañaveral,194,19187,49613,24467,49613
2023,20,San Blas-Canillejas,1,Simancas,201,15675,40528,19405,40528
2023,20,San Blas-Canillejas,2,Hellín,202,11986,31930,13880,31930
2023,20,San Blas-Canillejas,3,Amposta,203,10787,29558,12328,29558
2023,20,San Blas-Canillejas,4,Arcos,204,14493,39733,17594,39733
2023,20,San Blas-Canillejas,5,Rosas,205,19981,54543,25396,54543
2023,20,San Blas-Canillejas,6,Rejas,206,19155,48981,24543,48981
2023,20,San Blas-Canillejas,7,Canillejas,207,15070,39548,18232,39548
2023,20,San Blas-Canillejas,8,El Salvador,208,26077,66674,34449,66674
2023,21,Barajas,1,Alameda de Osuna,211,24417,64316,32013,64316
2023,21,Barajas,2,Aeropuerto,212,12420,33236,14642,33236
2023,21,Barajas,3,Casco Histórico de Barajas,213,15952,37694,19276,37694
2023,21,Barajas,4,Timón,214,19498,51725,24837,51725
2023,21,Barajas,5,Corralejos,215,29312,81929,40627,81929
