anio,distrito_num,distrito_nombre,barrio_num,barrio_nombre,codigo_barrio,poblacion_total_barrio,pob_25_39_barrio,pct_pob_25_39
2017,1,Centro,1,Palacio,011,22449,6118,0.2725288431555971
2017,1,Centro,2,Embajadores,012,44793,14725,0.32873440046435826
2017,1,Centro,3,Cortes,013,10557,3178,0.3010324902908023
2017,1,Centro,4,Justicia,014,16443,4957,0.3014656692817612
2017,1,Centro,5,Universidad,015,30810,9800,0.3180785459266472
2017,1,Centro,6,Sol,016,7366,2258,0.30654357860439857
2017,2,Arganzuela,1,Imperial,021,22708,4650,0.20477364805354942
2017,2,Arganzuela,2,Acacias,022,36756,8002,0.21770595276961585
2017,2,Arganzuela,3,Chopera,023,19831,4754,0.23972568201300992
2017,2,Arganzuela,4,Legazpi,024,18944,4485,0.23675042229729729
2017,2,Arganzuela,5,Delicias,025,27318,6365,0.2329965590453181
2017,2,Arganzuela,6,Palos de la Frontera,026,25663,6664,0.2596734598449129
2017,2,Arganzuela,7,Atocha,027,1111,190,0.171017101710171
2017,3,Retiro,1,Pacífico,031,33732,7026,0.20828886517253647
2017,3,Retiro,2,Adelfas,032,18160,3945,0.21723568281938327
2017,3,Retiro,3,Estrella,033,23230,4038,0.17382694791218253
2017,3,Retiro,4,Ibiza,034,21386,4365,0.2041054895726176
2017,3,Retiro,5,Los Jerónimos,035,7073,1399,0.19779442952071258
2017,3,Retiro,6,Niño Jesús,036,15220,2543,0.16708278580814717
2017,4,Salamanca,1,Recoletos,041,15559,3440,0.22109390063628767
2017,4,Salamanca,2,Goya,042,29380,6857,0.23339006126616746
2017,4,Salamanca,3,Fuente del Berro,043,20643,4652,0.2253548418350046
2017,4,Salamanca,4,Guindalera,044,40775,9048,0.22190067443286327
2017,4,Salamanca,5,Lista,045,20831,5068,0.2432912486198454
2017,4,Salamanca,6,Castellana,046,17060,4179,0.24495896834701056
2017,5,Chamartin,1,El Viso,051,17096,3558,0.20811885821244736
2017,5,Chamartin,2,Prosperidad,052,36186,8301,0.22939810976620792
2017,5,Chamartin,3,Ciudad Jardín,053,18370,4158,0.22634730538922157
2017,5,Chamartin,4,Hispanoamérica,054,31342,5909,0.18853295896879588
2017,5,Chamartin,5,Nueva España,055,24156,4674,0.1934923000496771
2017,5,Chamartin,6,Castilla,056,16648,3547,0.21305862566074002
2017,6,Tetuan,1,Bellas Vistas,061,28437,7380,0.2595210465238949
2017,6,Tetuan,2,Cuatro Caminos,062,34040,8552,0.25123384253819037
2017,6,Tetuan,3,Castillejos,063,20040,5055,0.2522455089820359
2017,6,Tetuan,4,Almenara,064,22039,5138,0.23313217478106993
2017,6,Tetuan,5,Valdeacederas,065,25277,6790,0.2686236499584603
2017,6,Tetuan,6,Berruguete,066,24373,6198,0.2542977885364953
2017,7,Chamberi,1,Gaztambide,071,22488,5234,0.23274635361081467
2017,7,Chamberi,2,Arapiles,072,24271,5954,0.24531333690412427
2017,7,Chamberi,3,Trafalgar,073,24616,6571,0.2669402014949626
2017,7,Chamberi,4,Almagro,074,19766,4360,0.2205807953050693
2017,7,Chamberi,5,Ríos Rosas,075,26919,6685,0.24833760540881905
2017,7,Chamberi,6,Vallehermoso,076,19874,3883,0.1953808996679078
2017,8,Fuencarral-El Pardo,1,El Pardo,081,3414,715,0.20943175161101346
2017,8,Fuencarral-El Pardo,2,Fuentelarreina,082,3199,456,0.14254454517036574
2017,8,Fuencarral-El Pardo,3,Peñagrande,083,44341,8481,0.1912676755147606
2017,8,Fuencarral-El Pardo,4,Pilar,084,45947,9549,0.20782640868827126
2017,8,Fuencarral-El Pardo,5,La Paz,085,33890,6765,0.19961640601947478
2017,8,Fuencarral-El Pardo,6,Valverde,086,60065,13125,0.21851327728294348
2017,8,Fuencarral-El Pardo,7,Mirasierra,087,30900,5036,0.16297734627831714
2017,8,Fuencarral-El Pardo,8,El Goloso,088,17422,3734,0.2143267133509356
2017,9,Moncloa-Aravaca,1,Casa de Campo,091,12893,2417,0.18746606685798495
2017,9,Moncloa-Aravaca,2,Argüelles,092,24064,5419,0.2251911569148936
2017,9,Moncloa-Aravaca,3,Ciudad Universitaria,093,16090,3193,0.19844623990055935
2017,9,Moncloa-Aravaca,4,Valdezarza,094,29306,5818,0.19852589913328328
2017,9,Moncloa-Aravaca,5,Valdemarín,095,6438,954,0.14818266542404473
2017,9,Moncloa-Aravaca,6,El Plantío,096,2720,449,0.1650735294117647
2017,9,Moncloa-Aravaca,7,Aravaca,097,25724,3989,0.15506919608148034
2017,10,Latina,1,Los Cármenes,101,17097,3103,0.18149382932678249
2017,10,Latina,2,Puerta del Angel,102,41131,9237,0.22457513797379106
2017,10,Latina,3,Lucero,103,35385,6770,0.1913240073477462
2017,10,Latina,4,Aluche,104,65487,12147,0.18548719593201704
2017,10,Latina,5,Campamento,105,18840,3989,0.2117303609341826
2017,10,Latina,6,Cuatro Vientos,106,5490,1383,0.25191256830601094
2017,10,Latina,7,Águilas,107,51051,8630,0.16904663963487493
2017,11,Carabanchel,1,Comillas,111,22166,4845,0.21857800234593522
2017,11,Carabanchel,2,Opañel,112,32095,6995,0.21794672067300203
2017,11,Carabanchel,3,San Isidro,113,38090,8169,0.2144657390391179
2017,11,Carabanchel,4,Vista Alegre,114,44500,9136,0.20530337078651686
2017,11,Carabanchel,5,Puerta Bonita,115,33075,6704,0.20269085411942556
2017,11,Carabanchel,6,Buenavista,116,45332,8513,0.18779228800847084
2017,11,Carabanchel,7,Abrantes,117,29447,5559,0.188779841749584
2017,12,Usera,1,Orcasitas,121,22448,3684,0.1641126158232359
2017,12,Usera,2,Orcasur,122,13383,2749,0.20540984831502654
2017,12,Usera,3,San Fermín,123,22969,4368,0.1901693587008577
2017,12,Usera,4,Almendrales,124,20590,4493,0.2182127246236037
2017,12,Usera,5,Moscardó,125,25422,5728,0.22531665486586422
2017,12,Usera,6,Zofío,126,13489,2728,0.20223886129438803
2017,12,Usera,7,Pradolongo,127,16881,3884,0.23008115632960133
2017,13,Puente de Vallecas,1,Entrevías,131,33646,6604,0.19627890388159067
2017,13,Puente de Vallecas,2,San Diego,132,39323,9466,0.24072425806779746
2017,13,Puente de Vallecas,3,Palomeras Bajas,133,39393,7054,0.17906734699058208
2017,13,Puente de Vallecas,4,Palomeras Sureste,134,42080,8475,0.20140209125475286
2017,13,Puente de Vallecas,5,Portazgo,135,27762,5777,0.20809019523089115
2017,13,Puente de Vallecas,6,Numancia,136,46019,10202,0.2216910406571199
2017,14,Moratalaz,1,Pavones,141,9152,1543,0.16859702797202797
2017,14,Moratalaz,2,Horcajo,142,6453,810,0.12552301255230125
2017,14,Moratalaz,3,Marroquina,143,27427,4232,0.15430050679986873
2017,14,Moratalaz,4,Media Legua,144,17862,3203,0.17931922517075355
2017,14,Moratalaz,5,Fontarrón,145,16770,3093,0.18443649373881932
2017,14,Moratalaz,6,Vinateros,146,16831,2845,0.1690333313528608
2017,15,Ciudad Lineal,1,Ventas,151,47437,9593,0.2022261104201362
2017,15,Ciudad Lineal,2,Pueblo Nuevo,152,60581,12440,0.20534491012033476
2017,15,Ciudad Lineal,3,Quintana,153,24250,5282,0.21781443298969072
2017,15,Ciudad Lineal,4,La Concepción,154,20590,4139,0.2010199125789218
2017,15,Ciudad Lineal,5,San Pascual,155,18146,3381,0.1863220544472611
2017,15,Ciudad Lineal,6,San Juan Bautista,156,12404,2131,0.1717994195420832
2017,15,Ciudad Lineal,7,Colina,157,6147,1111,0.18073857166097282
2017,15,Ciudad Lineal,8,Atalaya,158,1562,238,0.1523687580025608
2017,15,Ciudad Lineal,9,Costillares,159,22008,3486,0.15839694656488548
2017,16,Hortaleza,1,Palomas,161,6680,946,0.14161676646706586
2017,16,Hortaleza,2,Piovera,162,14499,2281,0.15732119456514243
2017,16,Hortaleza,3,Canillas,163,40606,7570,0.18642565138156922
2017,16,Hortaleza,4,Pinar del Rey,164,52106,9776,0.18761754884274365
2017,16,Hortaleza,5,Apóstol Santiago,165,15225,2674,0.17563218390804597
2017,16,Hortaleza,6,Valdefuentes,166,51735,12032,0.23256982700299603
2017,17,Villaverde,1,"Villaverde Alto, Casco Histórico de Villaverde",171,43593,8716,0.19994035739682978
2017,17,Villaverde,2,San Cristóbal,172,15257,3398,0.22271744117454284
2017,17,Villaverde,3,Butarque,173,17290,3861,0.22330827067669173
2017,17,Villaverde,4,Los Rosales,174,36572,6772,0.1851689817346604
2017,17,Villaverde,5,Ángeles,175,30332,5492,0.1810629038639061
2017,18,Villa de Vallecas,1,Casco Histórico de Vallecas,181,79849,22283,0.2790642337411865
2017,18,Villa de Vallecas,2,Santa Eugenia,182,24186,4736,0.1958157611841561
2017,19,Vicalvaro,1,Casco Histórico de Vicálvaro,191,51449,8209,0.15955606522964488
2017,19,Vicalvaro,2,Valdebernardo,192,18543,3649,0.1967858491074799
2017,20,San Blas-Canillejas,1,Simancas,201,26560,5492,0.20677710843373495
2017,20,San Blas-Canillejas,2,Hellín,202,8869,1658,0.18694328560153342
2017,20,San Blas-Canillejas,3,Amposta,203,8229,1676,0.20366994774577712
2017,20,San Blas-Canillejas,4,Arcos,204,23826,4032,0.16922689498866783
2017,20,San Blas-Canillejas,5,Rosas,205,31566,4063,0.1287144395868973
2017,20,San Blas-Canillejas,6,Rejas,206,15818,3858,0.24389935516500189
2017,20,San Blas-Canillejas,7,Canillejas,207,28510,5707,0.20017537706068048
2017,20,San Blas-Canillejas,8,El Salvador,208,11397,1743,0.15293498289023427
2017,21,Barajas,1,Alameda de Osuna,211,19436,3298,0.16968512039514302
2017,21,Barajas,2,Aeropuerto,212,1784,385,0.2158071748878924
2017,21,Barajas,3,Casco Histórico de Barajas,213,7330,1877,0.25607094133697134
2017,21,Barajas,4,Timón,214,11049,2663,0.24101728663227442
2017,21,Barajas,5,Corralejos,215,7388,1011,0.13684353004872768
2018,1,Centro,1,Palacio,011,22580,6025,0.26682905225863596
2018,1,Centro,2,Embajadores,012,44796,14849,0.33148048932940444
2018,1,Centro,3,Cortes,013,10555,3167,0.30004737091425865
2018,1,Centro,4,Justicia,014,16623,5023,0.30217168982734766
2018,1,Centro,5,Universidad,015,30991,9917,0.31999612790810233
2018,1,Centro,6,Sol,016,7233,2245,0.3103829669570026
2018,2,Arganzuela,1,Imperial,021,22776,4676,0.20530382859149982
2018,2,Arganzuela,2,Acacias,022,36837,7959,0.21605993973450607
2018,2,Arganzuela,3,Chopera,023,19859,4743,0.2388337781358578
2018,2,Arganzuela,4,Legazpi,024,19280,4339,0.22505186721991702
2018,2,Arganzuela,5,Delicias,025,27573,6290,0.22812171327022812
2018,2,Arganzuela,6,Palos de la Frontera,026,25849,6729,0.2603195481449959
2018,2,Arganzuela,7,Atocha,027,1167,202,0.17309340188517566
2018,3,Retiro,1,Pacífico,031,33691,7045,0.20910628951351992
2018,3,Retiro,2,Adelfas,032,18360,3917,0.2133442265795207
2018,3,Retiro,3,Estrella,033,23295,3953,0.16969306718179866
2018,3,Retiro,4,Ibiza,034,21535,4362,0.2025539818899466
2018,3,Retiro,5,Los Jerónimos,035,7103,1337,0.188230325214698
2018,3,Retiro,6,Niño Jesús,036,15316,2527,0.1649908592321755
2018,4,Salamanca,1,Recoletos,041,15816,3479,0.2199671219018715
2018,4,Salamanca,2,Goya,042,29678,6987,0.23542691556034773
2018,4,Salamanca,3,Fuente del Berro,043,20807,4727,0.22718315951362522
2018,4,Salamanca,4,Guindalera,044,41390,9220,0.22275912056052186
2018,4,Salamanca,5,Lista,045,21016,5035,0.23957936810049485
2018,4,Salamanca,6,Castellana,046,16984,4030,0.23728214790390956
2018,5,Chamartin,1,El Viso,051,17180,3574,0.20803259604190918
2018,5,Chamartin,2,Prosperidad,052,36628,8387,0.2289778311674129
2018,5,Chamartin,3,Ciudad Jardín,053,18553,4210,0.22691747965288633
2018,5,Chamartin,4,Hispanoamérica,054,31474,5841,0.18558175001588612
2018,5,Chamartin,5,Nueva España,055,24551,4747,0.1933526129281903
2018,5,Chamartin,6,Castilla,056,16941,3719,0.21952659229089191
2018,6,Tetuan,1,Bellas Vistas,061,28862,7506,0.2600651375511053
2018,6,Tetuan,2,Cuatro Caminos,062,34348,8701,0.25331897053685803
2018,6,Tetuan,3,Castillejos,063,20440,5332,0.2608610567514677
2018,6,Tetuan,4,Almenara,064,22498,5287,0.2349986665481376
2018,6,Tetuan,5,Valdeacederas,065,25631,6869,0.2679957863524638
2018,6,Tetuan,6,Berruguete,066,24672,6328,0.25648508430609596
2018,7,Chamberi,1,Gaztambide,071,22742,5406,0.2377099639433647
2018,7,Chamberi,2,Arapiles,072,24417,6082,0.24908874964164313
2018,7,Chamberi,3,Trafalgar,073,24592,6548,0.2662654521795706
2018,7,Chamberi,4,Almagro,074,19852,4359,0.2195748539190006
2018,7,Chamberi,5,Ríos Rosas,075,27114,6725,0.24802684959799365
2018,7,Chamberi,6,Vallehermoso,076,20121,3941,0.19586501664927192
2018,8,Fuencarral-El Pardo,1,El Pardo,081,3481,724,0.20798621085894858
2018,8,Fuencarral-El Pardo,2,Fuentelarreina,082,3242,449,0.13849475632325725
2018,8,Fuencarral-El Pardo,3,Peñagrande,083,44536,8322,0.18686006825938567
2018,8,Fuencarral-El Pardo,4,Pilar,084,46255,9530,0.2060317803480705
2018,8,Fuencarral-El Pardo,5,La Paz,085,33857,6565,0.19390377174587234
2018,8,Fuencarral-El Pardo,6,Valverde,086,62065,12917,0.20812051881092403
2018,8,Fuencarral-El Pardo,7,Mirasierra,087,32092,5235,0.16312476629689643
2018,8,Fuencarral-El Pardo,8,El Goloso,088,18002,3448,0.19153427396955894
2018,9,Moncloa-Aravaca,1,Casa de Campo,091,12951,2481,0.19156821867037294
2018,9,Moncloa-Aravaca,2,Argüelles,092,24059,5357,0.22266095847707718
2018,9,Moncloa-Aravaca,3,Ciudad Universitaria,093,16143,3201,0.1982902806169857
2018,9,Moncloa-Aravaca,4,Valdezarza,094,29497,5793,0.1963928535105265
2018,9,Moncloa-Aravaca,5,Valdemarín,095,6579,962,0.14622283021735827
2018,9,Moncloa-Aravaca,6,El Plantío,096,2737,442,0.16149068322981366
2018,9,Moncloa-Aravaca,7,Aravaca,097,26193,3966,0.1514145000572672
2018,10,Latina,1,Los Cármenes,101,17237,3170,0.18390671230492545
2018,10,Latina,2,Puerta del Angel,102,41537,9384,0.22591906011507812
2018,10,Latina,3,Lucero,103,35573,6841,0.19230877350799763
2018,10,Latina,4,Aluche,104,66110,12127,0.1834366964150658
2018,10,Latina,5,Campamento,105,19045,3967,0.2082961407193489
2018,10,Latina,6,Cuatro Vientos,106,5677,1360,0.2395631495508191
2018,10,Latina,7,Águilas,107,51265,8549,0.16676094801521507
2018,11,Carabanchel,1,Comillas,111,22357,4917,0.21993111777072058
2018,11,Carabanchel,2,Opañel,112,32558,7080,0.21745807482032065
2018,11,Carabanchel,3,San Isidro,113,38669,8226,0.2127285422431405
2018,11,Carabanchel,4,Vista Alegre,114,45106,9219,0.2043852259122955
2018,11,Carabanchel,5,Puerta Bonita,115,34059,6926,0.203353005079421
2018,11,Carabanchel,6,Buenavista,116,46328,8315,0.17948109134864446
2018,11,Carabanchel,7,Abrantes,117,29861,5575,0.18669836911021065
2018,12,Usera,1,Orcasitas,121,22610,3547,0.15687748783724015
2018,12,Usera,2,Orcasur,122,13611,2770,0.20351186540298288
2018,12,Usera,3,San Fermín,123,23274,4348,0.1868179083956346
2018,12,Usera,4,Almendrales,124,21063,4634,0.2200066467264872
2018,12,Usera,5,Moscardó,125,25817,5764,0.22326374094588836
2018,12,Usera,6,Zofío,126,13736,2832,0.20617355853232383
2018,12,Usera,7,Pradolongo,127,17286,4007,0.23180608584982065
2018,13,Puente de Vallecas,1,Entrevías,131,34069,6730,0.1975402858903989
2018,13,Puente de Vallecas,2,San Diego,132,40389,9737,0.24108049221322636
2018,13,Puente de Vallecas,3,Palomeras Bajas,133,39756,7186,0.18075259080390382
2018,13,Puente de Vallecas,4,Palomeras Sureste,134,42242,8534,0.2020264192036362
2018,13,Puente de Vallecas,5,Portazgo,135,28020,5793,0.20674518201284797
2018,13,Puente de Vallecas,6,Numancia,136,46673,10390,0.2226126454266921
2018,14,Moratalaz,1,Pavones,141,9117,1510,0.16562465723373918
2018,14,Moratalaz,2,Horcajo,142,6329,775,0.12245220413967452
2018,14,Moratalaz,3,Marroquina,143,27438,4241,0.15456665937750566
2018,14,Moratalaz,4,Media Legua,144,17817,3177,0.178312847280687
2018,14,Moratalaz,5,Fontarrón,145,16956,3139,0.18512620901155932
2018,14,Moratalaz,6,Vinateros,146,16864,2839,0.16834677419354838
2018,15,Ciudad Lineal,1,Ventas,151,47900,9717,0.20286012526096034
2018,15,Ciudad Lineal,2,Pueblo Nuevo,152,61316,12588,0.20529714919433753
2018,15,Ciudad Lineal,3,Quintana,153,24488,5395,0.22031198954590003
2018,15,Ciudad Lineal,4,La Concepción,154,20872,4163,0.19945381372173246
2018,15,Ciudad Lineal,5,San Pascual,155,18117,3289,0.18154219793564055
2018,15,Ciudad Lineal,6,San Juan Bautista,156,12449,2157,0.1732669290706081
2018,15,Ciudad Lineal,7,Colina,157,6297,1176,0.1867555979037637
2018,15,Ciudad Lineal,8,Atalaya,158,1575,235,0.1492063492063492
2018,15,Ciudad Lineal,9,Costillares,159,22078,3464,0.1568982697708126
2018,16,Hortaleza,1,Palomas,161,6754,940,0.1391767841279242
2018,16,Hortaleza,2,Piovera,162,14746,2300,0.15597450155974502
2018,16,Hortaleza,3,Canillas,163,40745,7543,0.18512700944901214
2018,16,Hortaleza,4,Pinar del Rey,164,52417,9808,0.18711486731403934
2018,16,Hortaleza,5,Apóstol Santiago,165,15303,2699,0.1763706462785075
2018,16,Hortaleza,6,Valdefuentes,166,54342,11893,0.21885466121968275
2018,17,Villaverde,1,"Villaverde Alto, Casco Histórico de Villaverde",171,44475,8831,0.19856098931984262
2018,17,Villaverde,2,San Cristóbal,172,15549,3541,0.22773168692520418
2018,17,Villaverde,3,Butarque,173,18318,3778,0.2062452232776504
2018,17,Villaverde,4,Los Rosales,174,37076,6770,0.18259790700183406
2018,17,Villaverde,5,Ángeles,175,30570,5558,0.18181223421655218
2018,18,Villa de Vallecas,1,Casco Histórico de Vallecas,181,39386,8043,0.20420961763063017
2018,18,Villa de Vallecas,2,Santa Eugenia,182,24348,4742,0.19475932314769182
2018,18,Villa de Vallecas,3,Ensanche de Vallecas,183,43657,13734,0.31458872574844815
2018,19,Vicalvaro,1,Casco Histórico de Vicálvaro,191,34200,NA,NA
2018,19,Vicalvaro,2,Valdebernardo,192,17637,NA,NA
2018,19,Vicalvaro,3,Valderrivas,193,18180,NA,NA
2018,19,Vicalvaro,4,El Cañaveral,194,946,347,0.3668076109936575
2018,20,San Blas-Canillejas,1,Simancas,201,27339,5680,0.20776180547935183
2018,20,San Blas-Canillejas,2,Hellín,202,8966,1707,0.1903859022975686
2018,20,San Blas-Canillejas,3,Amposta,203,8387,1694,0.20197925360677238
2018,20,San Blas-Canillejas,4,Arcos,204,24018,4080,0.169872595553335
2018,20,San Blas-Canillejas,5,Rosas,205,31626,4020,0.1271106051982546
2018,20,San Blas-Canillejas,6,Rejas,206,16383,3931,0.23994384422877374
2018,20,San Blas-Canillejas,7,Canillejas,207,28596,5765,0.20160162260456008
2018,20,San Blas-Canillejas,8,El Salvador,208,11312,1780,0.15735502121640735
2018,21,Barajas,1,Alameda de Osuna,211,19475,3140,0.16123234916559692
2018,21,Barajas,2,Aeropuerto,212,1790,407,0.22737430167597766
2018,21,Barajas,3,Casco Histórico de Barajas,213,7364,1851,0.2513579576317219
2018,21,Barajas,4,Timón,214,11752,2751,0.23408781484002722
2018,21,Barajas,5,Corralejos,215,7528,984,0.13071200850159406
2019,1,Centro,1,Palacio,011,22984,6128,0.2666202575704838
2019,1,Centro,2,Embajadores,012,45433,15177,0.3340523408095437
2019,1,Centro,3,Cortes,013,10525,3199,0.30394299287410925
2019,1,Centro,4,Justicia,014,17205,5096,0.2961929671607091
2019,1,Centro,5,Universidad,015,31809,10387,0.3265428023515357
2019,1,Centro,6,Sol,016,7358,2281,0.31000271812992664
2019,2,Arganzuela,1,Imperial,021,22822,4639,0.2032687757427044
2019,2,Arganzuela,2,Acacias,022,36907,7977,0.21613786002655322
2019,2,Arganzuela,3,Chopera,023,20048,4893,0.24406424581005587
2019,2,Arganzuela,4,Legazpi,024,19673,4308,0.21898032836883038
2019,2,Arganzuela,5,Delicias,025,27740,6254,0.2254506128334535
2019,2,Arganzuela,6,Palos de la Frontera,026,25894,6801,0.262647717617981
2019,2,Arganzuela,7,Atocha,027,1176,195,0.16581632653061223
2019,3,Retiro,1,Pacífico,031,33669,7056,0.20956963378775728
2019,3,Retiro,2,Adelfas,032,18516,3890,0.21008857204579823
2019,3,Retiro,3,Estrella,033,23365,3908,0.16725872030815322
2019,3,Retiro,4,Ibiza,034,21709,4465,0.2056750656409784
2019,3,Retiro,5,Los Jerónimos,035,7069,1300,0.18390154194369784
2019,3,Retiro,6,Niño Jesús,036,15359,2522,0.16420339865876685
2019,4,Salamanca,1,Recoletos,041,15786,3384,0.21436716077537057
2019,4,Salamanca,2,Goya,042,29739,7008,0.2356501563603349
2019,4,Salamanca,3,Fuente del Berro,043,21104,4836,0.22915087187263078
2019,4,Salamanca,4,Guindalera,044,41751,9222,0.2208809369835453
2019,4,Salamanca,5,Lista,045,21037,5061,0.24057612777487283
2019,4,Salamanca,6,Castellana,046,17161,4035,0.235126158149292
2019,5,Chamartin,1,El Viso,051,17325,3595,0.2075036075036075
2019,5,Chamartin,2,Prosperidad,052,36730,8411,0.22899537163081948
2019,5,Chamartin,3,Ciudad Jardín,053,18689,4253,0.22756701803199744
2019,5,Chamartin,4,Hispanoamérica,054,31815,5898,0.18538425271098538
2019,5,Chamartin,5,Nueva España,055,24699,4798,0.19425887687760637
2019,5,Chamartin,6,Castilla,056,16953,3717,0.21925322951689966
2019,6,Tetuan,1,Bellas Vistas,061,29245,7707,0.26353222773123613
2019,6,Tetuan,2,Cuatro Caminos,062,34740,8907,0.2563903281519862
2019,6,Tetuan,3,Castillejos,063,20570,5360,0.2605736509479825
2019,6,Tetuan,4,Almenara,064,22742,5420,0.23832556503385807
2019,6,Tetuan,5,Valdeacederas,065,26107,7096,0.2718044968782319
2019,6,Tetuan,6,Berruguete,066,25089,6506,0.25931683207780304
2019,7,Chamberi,1,Gaztambide,071,22997,5673,0.246684350132626
2019,7,Chamberi,2,Arapiles,072,24518,6178,0.2519781385104821
2019,7,Chamberi,3,Trafalgar,073,24777,6668,0.2691205553537555
2019,7,Chamberi,4,Almagro,074,19858,4348,0.2189545775002518
2019,7,Chamberi,5,Ríos Rosas,075,27465,6868,0.25006371745858363
2019,7,Chamberi,6,Vallehermoso,076,20297,4088,0.20140907523279303
2019,8,Fuencarral-El Pardo,1,El Pardo,081,3465,730,0.2106782106782107
2019,8,Fuencarral-El Pardo,2,Fuentelarreina,082,3272,461,0.1408924205378973
2019,8,Fuencarral-El Pardo,3,Peñagrande,083,44621,8142,0.18247013737926088
2019,8,Fuencarral-El Pardo,4,Pilar,084,46577,9556,0.20516563969341092
2019,8,Fuencarral-El Pardo,5,La Paz,085,33844,6307,0.18635504077532206
2019,8,Fuencarral-El Pardo,6,Valverde,086,63361,12613,0.1990656713120058
2019,8,Fuencarral-El Pardo,7,Mirasierra,087,32909,5311,0.16138442371387765
2019,8,Fuencarral-El Pardo,8,El Goloso,088,18576,3233,0.174041774332472
2019,9,Moncloa-Aravaca,1,Casa de Campo,091,13040,2511,0.19256134969325153
2019,9,Moncloa-Aravaca,2,Argüelles,092,24191,5378,0.22231408375015502
2019,9,Moncloa-Aravaca,3,Ciudad Universitaria,093,16317,3153,0.19323405037690752
2019,9,Moncloa-Aravaca,4,Valdezarza,094,29789,5881,0.1974218671321629
2019,9,Moncloa-Aravaca,5,Valdemarín,095,6743,984,0.14592911167136288
2019,9,Moncloa-Aravaca,6,El Plantío,096,2812,432,0.15362731152204837
2019,9,Moncloa-Aravaca,7,Aravaca,097,26857,4041,0.1504635662955654
2019,10,Latina,1,Los Cármenes,101,17448,3273,0.187585969738652
2019,10,Latina,2,Puerta del Angel,102,41878,9590,0.2289985195090501
2019,10,Latina,3,Lucero,103,36204,7074,0.1953927742790852
2019,10,Latina,4,Aluche,104,66542,12167,0.18284692374740766
2019,10,Latina,5,Campamento,105,19358,3997,0.20647794193615043
2019,10,Latina,6,Cuatro Vientos,106,5761,1249,0.21680263843082798
2019,10,Latina,7,Águilas,107,51703,8553,0.16542560393013944
2019,11,Carabanchel,1,Comillas,111,22483,5018,0.22319085531290309
2019,11,Carabanchel,2,Opañel,112,33145,7180,0.21662392517725146
2019,11,Carabanchel,3,San Isidro,113,39070,8444,0.21612490401842846
2019,11,Carabanchel,4,Vista Alegre,114,46122,9547,0.20699449286674473
2019,11,Carabanchel,5,Puerta Bonita,115,34968,7199,0.20587394188972774
2019,11,Carabanchel,6,Buenavista,116,47166,8277,0.1754865793156087
2019,11,Carabanchel,7,Abrantes,117,30840,5817,0.18861867704280155
2019,12,Usera,1,Orcasitas,121,22896,3580,0.1563591893780573
2019,12,Usera,2,Orcasur,122,13837,2801,0.2024282720242827
2019,12,Usera,3,San Fermín,123,23724,4409,0.18584555724161186
2019,12,Usera,4,Almendrales,124,21487,4778,0.2223670126122772
2019,12,Usera,5,Moscardó,125,26416,5956,0.2254694124772865
2019,12,Usera,6,Zofío,126,14018,2931,0.20908831502354117
2019,12,Usera,7,Pradolongo,127,17525,4037,0.23035663338088444
2019,13,Puente de Vallecas,1,Entrevías,131,34758,6938,0.19960872317164394
2019,13,Puente de Vallecas,2,San Diego,132,41836,10307,0.24636676546514963
2019,13,Puente de Vallecas,3,Palomeras Bajas,133,40275,7450,0.18497827436374922
2019,13,Puente de Vallecas,4,Palomeras Sureste,134,42673,8729,0.20455557378201672
2019,13,Puente de Vallecas,5,Portazgo,135,28426,5916,0.2081193273763456
2019,13,Puente de Vallecas,6,Numancia,136,47444,10688,0.22527611499873534
2019,14,Moratalaz,1,Pavones,141,9148,1509,0.16495408832531702
2019,14,Moratalaz,2,Horcajo,142,6342,794,0.1251970987070325
2019,14,Moratalaz,3,Marroquina,143,27313,4265,0.15615274777578442
2019,14,Moratalaz,4,Media Legua,144,17923,3266,0.1822239580427384
2019,14,Moratalaz,5,Fontarrón,145,17186,3209,0.18672175026184104
2019,14,Moratalaz,6,Vinateros,146,16906,2896,0.17130013013131432
2019,15,Ciudad Lineal,1,Ventas,151,48222,9900,0.20530048525569242
2019,15,Ciudad Lineal,2,Pueblo Nuevo,152,62278,13049,0.20952824432383826
2019,15,Ciudad Lineal,3,Quintana,153,24679,5592,0.22658940799870336
2019,15,Ciudad Lineal,4,La Concepción,154,20931,4240,0.20257035019827052
2019,15,Ciudad Lineal,5,San Pascual,155,18198,3193,0.17545884163094846
2019,15,Ciudad Lineal,6,San Juan Bautista,156,12508,2106,0.16837224176527021
2019,15,Ciudad Lineal,7,Colina,157,6399,1218,0.19034224097515237
2019,15,Ciudad Lineal,8,Atalaya,158,1570,216,0.1375796178343949
2019,15,Ciudad Lineal,9,Costillares,159,22073,3425,0.15516694604267658
2019,16,Hortaleza,1,Palomas,161,6798,927,0.13636363636363635
2019,16,Hortaleza,2,Piovera,162,14929,2284,0.1529908232299551
2019,16,Hortaleza,3,Canillas,163,40698,7457,0.18322767703572657
2019,16,Hortaleza,4,Pinar del Rey,164,52830,9940,0.18815067196668558
2019,16,Hortaleza,5,Apóstol Santiago,165,15467,2767,0.17889700653003168
2019,16,Hortaleza,6,Valdefuentes,166,57958,12029,0.20754684426653783
2019,17,Villaverde,1,"Villaverde Alto, Casco Histórico de Villaverde",171,45324,9119,0.20119583443650163
2019,17,Villaverde,2,San Cristóbal,172,16091,3720,0.23118513454726244
2019,17,Villaverde,3,Butarque,173,18912,3736,0.19754653130287647
2019,17,Villaverde,4,Los Rosales,174,37695,6922,0.18363178140336914
2019,17,Villaverde,5,Ángeles,175,31254,5826,0.18640813975811096
2019,18,Villa de Vallecas,1,Casco Histórico de Vallecas,181,40352,8181,0.20274088025376685
2019,18,Villa de Vallecas,2,Santa Eugenia,182,24388,4683,0.1920206659012629
2019,18,Villa de Vallecas,3,Ensanche de Vallecas,183,45895,13275,0.28924719468351673
2019,19,Vicalvaro,1,Casco Histórico de Vicálvaro,191,34928,6897,0.19746335318369215
2019,19,Vicalvaro,2,Valdebernardo,192,17680,2462,0.13925339366515838
2019,19,Vicalvaro,3,Valderrivas,193,18158,2011,0.11075008260821677
2019,19,Vicalvaro,4,El Cañaveral,194,1528,495,0.3239528795811518
2019,20,San Blas-Canillejas,1,Simancas,201,28006,5875,0.209776476469328
2019,20,San Blas-Canillejas,2,Hellín,202,9205,1771,0.19239543726235742
2019,20,San Blas-Canillejas,3,Amposta,203,8598,1779,0.2069085833914864
2019,20,San Blas-Canillejas,4,Arcos,204,24298,4206,0.17310066672154087
2019,20,San Blas-Canillejas,5,Rosas,205,31713,4055,0.12786554409863463
2019,20,San Blas-Canillejas,6,Rejas,206,16740,3852,0.23010752688172043
2019,20,San Blas-Canillejas,7,Canillejas,207,28667,5723,0.19963721352077302
2019,20,San Blas-Canillejas,8,El Salvador,208,11372,1834,0.16127330284910307
2019,21,Barajas,1,Alameda de Osuna,211,19573,2964,0.15143309661268073
2019,21,Barajas,2,Aeropuerto,212,1864,413,0.22156652360515022
2019,21,Barajas,3,Casco Histórico de Barajas,213,7585,1890,0.24917600527356626
2019,21,Barajas,4,Timón,214,12402,2778,0.223996129656507
2019,21,Barajas,5,Corralejos,215,7646,940,0.12294009939837823
2020,1,Centro,1,Palacio,011,23695,6465,0.2728423718083984
2020,1,Centro,2,Embajadores,012,47224,16042,0.33970015246484836
2020,1,Centro,3,Cortes,013,10793,3325,0.30807004539979616
2020,1,Centro,4,Justicia,014,18092,5568,0.3077603360601371
2020,1,Centro,5,Universidad,015,33540,11273,0.3361061419200954
2020,1,Centro,6,Sol,016,7647,2387,0.31214855498888455
2020,2,Arganzuela,1,Imperial,021,22991,4658,0.20260101778956982
2020,2,Arganzuela,2,Acacias,022,37024,8003,0.21615708729472774
2020,2,Arganzuela,3,Chopera,023,20352,5002,0.2457743710691824
2020,2,Arganzuela,4,Legazpi,024,19846,4136,0.20840471631563035
2020,2,Arganzuela,5,Delicias,025,28346,6445,0.22736894094404855
2020,2,Arganzuela,6,Palos de la Frontera,026,26401,7093,0.26866406575508506
2020,2,Arganzuela,7,Atocha,027,1211,208,0.1717588769611891
2020,3,Retiro,1,Pacífico,031,33921,7206,0.21243477491819227
2020,3,Retiro,2,Adelfas,032,18864,3904,0.20695504664970313
2020,3,Retiro,3,Estrella,033,23430,3882,0.16568501920614598
2020,3,Retiro,4,Ibiza,034,22080,4578,0.20733695652173914
2020,3,Retiro,5,Los Jerónimos,035,7078,1302,0.1839502684374117
2020,3,Retiro,6,Niño Jesús,036,15500,2520,0.1625806451612903
2020,4,Salamanca,1,Recoletos,041,15908,3365,0.21152879054563742
2020,4,Salamanca,2,Goya,042,30054,7227,0.24046715911359554
2020,4,Salamanca,3,Fuente del Berro,043,21315,4962,0.23279380717804363
2020,4,Salamanca,4,Guindalera,044,42465,9538,0.22460850111856823
2020,4,Salamanca,5,Lista,045,21297,5242,0.2461379537023994
2020,4,Salamanca,6,Castellana,046,17366,4073,0.23453875388690545
2020,5,Chamartin,1,El Viso,051,17477,3654,0.20907478400183097
2020,5,Chamartin,2,Prosperidad,052,37070,8507,0.22948475856487727
2020,5,Chamartin,3,Ciudad Jardín,053,18953,4407,0.2325225557959162
2020,5,Chamartin,4,Hispanoamérica,054,32157,6018,0.1871443231644743
2020,5,Chamartin,5,Nueva España,055,25077,4877,0.1944809985245444
2020,5,Chamartin,6,Castilla,056,17287,3795,0.21952912593278187
2020,6,Tetuan,1,Bellas Vistas,061,30019,8024,0.2672973783270595
2020,6,Tetuan,2,Cuatro Caminos,062,35348,9232,0.2611746067670024
2020,6,Tetuan,3,Castillejos,063,20925,5574,0.2663799283154122
2020,6,Tetuan,4,Almenara,064,23096,5627,0.24363526151714582
2020,6,Tetuan,5,Valdeacederas,065,26646,7320,0.2747129024994371
2020,6,Tetuan,6,Berruguete,066,25953,6948,0.2677147150618426
2020,7,Chamberi,1,Gaztambide,071,23458,5950,0.25364481200443345
2020,7,Chamberi,2,Arapiles,072,24792,6465,0.2607696030977735
2020,7,Chamberi,3,Trafalgar,073,25094,6918,0.2756834303020642
2020,7,Chamberi,4,Almagro,074,19903,4438,0.22298146008139477
2020,7,Chamberi,5,Ríos Rosas,075,27676,6974,0.2519872813990461
2020,7,Chamberi,6,Vallehermoso,076,20474,4196,0.2049428543518609
2020,8,Fuencarral-El Pardo,1,El Pardo,081,3486,699,0.20051635111876076
2020,8,Fuencarral-El Pardo,2,Fuentelarreina,082,3315,465,0.14027149321266968
2020,8,Fuencarral-El Pardo,3,Peñagrande,083,45071,8093,0.17956113687293382
2020,8,Fuencarral-El Pardo,4,Pilar,084,46980,9670,0.20583226905065985
2020,8,Fuencarral-El Pardo,5,La Paz,085,33717,6104,0.1810362725034849
2020,8,Fuencarral-El Pardo,6,Valverde,086,64845,12578,0.19397023671832833
2020,8,Fuencarral-El Pardo,7,Mirasierra,087,34077,5453,0.16001995480822842
2020,8,Fuencarral-El Pardo,8,El Goloso,088,19125,3123,0.1632941176470588
2020,9,Moncloa-Aravaca,1,Casa de Campo,091,13258,2571,0.19392065168200331
2020,9,Moncloa-Aravaca,2,Argüelles,092,24537,5603,0.22834902392305498
2020,9,Moncloa-Aravaca,3,Ciudad Universitaria,093,16458,3214,0.19528496779681614
2020,9,Moncloa-Aravaca,4,Valdezarza,094,30506,6040,0.19799383727791253
2020,9,Moncloa-Aravaca,5,Valdemarín,095,6976,1000,0.143348623853211
2020,9,Moncloa-Aravaca,6,El Plantío,096,2809,410,0.14595941616233535
2020,9,Moncloa-Aravaca,7,Aravaca,097,27580,4188,0.15184916606236404
2020,10,Latina,1,Los Cármenes,101,17803,3476,0.1952479919114756
2020,10,Latina,2,Puerta del Angel,102,42532,9941,0.23372989748894948
2020,10,Latina,3,Lucero,103,36913,7293,0.19757267087475958
2020,10,Latina,4,Aluche,104,67600,12538,0.1854733727810651
2020,10,Latina,5,Campamento,105,19908,4178,0.2098653807514567
2020,10,Latina,6,Cuatro Vientos,106,5901,1156,0.1958990001694628
2020,10,Latina,7,Águilas,107,52037,8706,0.16730403366835137
2020,11,Carabanchel,1,Comillas,111,23079,5272,0.2284327743836388
2020,11,Carabanchel,2,Opañel,112,33810,7443,0.22014196983141082
2020,11,Carabanchel,3,San Isidro,113,40167,8896,0.2214753404536062
2020,11,Carabanchel,4,Vista Alegre,114,47755,10241,0.21444874882211287
2020,11,Carabanchel,5,Puerta Bonita,115,36061,7716,0.21397077174787166
2020,11,Carabanchel,6,Buenavista,116,48180,8290,0.17206309672063097
2020,11,Carabanchel,7,Abrantes,117,32063,6249,0.19489754545738078
2020,12,Usera,1,Orcasitas,121,23229,3628,0.15618408024452193
2020,12,Usera,2,Orcasur,122,14181,2897,0.2042874268387279
2020,12,Usera,3,San Fermín,123,24051,4460,0.1854392748742256
2020,12,Usera,4,Almendrales,124,22253,5030,0.22603693883970702
2020,12,Usera,5,Moscardó,125,27239,6218,0.22827563420096186
2020,12,Usera,6,Zofío,126,14470,3087,0.2133379405666897
2020,12,Usera,7,Pradolongo,127,17937,4247,0.23677315047109326
2020,13,Puente de Vallecas,1,Entrevías,131,35601,7238,0.20330889581753323
2020,13,Puente de Vallecas,2,San Diego,132,44066,11107,0.252053737575455
2020,13,Puente de Vallecas,3,Palomeras Bajas,133,41046,7793,0.18986015689713978
2020,13,Puente de Vallecas,4,Palomeras Sureste,134,43291,8894,0.2054468596244023
2020,13,Puente de Vallecas,5,Portazgo,135,29071,6097,0.20972790753672044
2020,13,Puente de Vallecas,6,Numancia,136,48586,11287,0.23230971884905116
2020,14,Moratalaz,1,Pavones,141,9379,1555,0.16579592707111632
2020,14,Moratalaz,2,Horcajo,142,6451,858,0.13300263525034878
2020,14,Moratalaz,3,Marroquina,143,27308,4402,0.16119818368243738
2020,14,Moratalaz,4,Media Legua,144,17993,3323,0.18468293225143112
2020,14,Moratalaz,5,Fontarrón,145,17593,3384,0.19234922980730973
2020,14,Moratalaz,6,Vinateros,146,17183,3005,0.17488215096316126
2020,15,Ciudad Lineal,1,Ventas,151,49044,10388,0.21180980344180736
2020,15,Ciudad Lineal,2,Pueblo Nuevo,152,63732,13537,0.2124050712357999
2020,15,Ciudad Lineal,3,Quintana,153,25236,5875,0.2328023458551276
2020,15,Ciudad Lineal,4,La Concepción,154,21210,4312,0.2033003300330033
2020,15,Ciudad Lineal,5,San Pascual,155,18166,3210,0.17670373224705493
2020,15,Ciudad Lineal,6,San Juan Bautista,156,12768,2175,0.17034774436090225
2020,15,Ciudad Lineal,7,Colina,157,6547,1225,0.1871085993584848
2020,15,Ciudad Lineal,8,Atalaya,158,1568,229,0.14604591836734693
2020,15,Ciudad Lineal,9,Costillares,159,22322,3488,0.1562583997849655
2020,16,Hortaleza,1,Palomas,161,6857,929,0.1354819892081085
2020,16,Hortaleza,2,Piovera,162,14987,2276,0.15186494962300662
2020,16,Hortaleza,3,Canillas,163,40940,7362,0.17982413287738153
2020,16,Hortaleza,4,Pinar del Rey,164,53344,10051,0.18841856628674264
2020,16,Hortaleza,5,Apóstol Santiago,165,15613,2838,0.18177160058925254
2020,16,Hortaleza,6,Valdefuentes,166,62078,12494,0.2012629272850285
2020,17,Villaverde,1,"Villaverde Alto, Casco Histórico de Villaverde",171,46940,9669,0.205986365573072
2020,17,Villaverde,2,San Cristóbal,172,16992,3983,0.23440442561205274
2020,17,Villaverde,3,Butarque,173,20082,3966,0.19749028981177175
2020,17,Villaverde,4,Los Rosales,174,38252,7078,0.18503607654501725
2020,17,Villaverde,5,Ángeles,175,32648,6284,0.19247733398676795
2020,18,Villa de Vallecas,1,Casco Histórico de Vallecas,181,41118,8326,0.20249039350162945
2020,18,Villa de Vallecas,2,Santa Eugenia,182,24743,4751,0.19201390292203854
2020,18,Villa de Vallecas,3,Ensanche de Vallecas,183,48959,13284,0.2713290712637105
2020,19,Vicalvaro,1,Casco Histórico de Vicálvaro,191,35772,7041,0.19682992284468298
2020,19,Vicalvaro,2,Valdebernardo,192,17882,2634,0.14729895984789174
2020,19,Vicalvaro,3,Valderrivas,193,18191,1932,0.10620636578527844
2020,19,Vicalvaro,4,El Cañaveral,194,2390,738,0.3087866108786611
2020,20,San Blas-Canillejas,1,Simancas,201,28761,6069,0.21101491603212683
2020,20,San Blas-Canillejas,2,Hellín,202,9383,1875,0.19982947884471916
2020,20,San Blas-Canillejas,3,Amposta,203,8902,1920,0.21568186924286678
2020,20,San Blas-Canillejas,4,Arcos,204,24771,4350,0.17560857454281215
2020,20,San Blas-Canillejas,5,Rosas,205,31859,4099,0.12866066103769735
2020,20,San Blas-Canillejas,6,Rejas,206,17340,3816,0.22006920415224915
2020,20,San Blas-Canillejas,7,Canillejas,207,29144,5862,0.20113917101290146
2020,20,San Blas-Canillejas,8,El Salvador,208,11509,1865,0.16204709357893823
2020,21,Barajas,1,Alameda de Osuna,211,19885,2843,0.14297208951470958
2020,21,Barajas,2,Aeropuerto,212,1912,426,0.22280334728033474
2020,21,Barajas,3,Casco Histórico de Barajas,213,7707,1903,0.24691838588296353
2020,21,Barajas,4,Timón,214,12887,2772,0.21510048886474742
2020,21,Barajas,5,Corralejos,215,7767,925,0.11909360113299858
2021,1,Centro,1,Palacio,011,23729,6428,0.2708921572759071
2021,1,Centro,2,Embajadores,012,47528,16051,0.3377167143578522
2021,1,Centro,3,Cortes,013,10846,3368,0.31052922736492716
2021,1,Centro,4,Justicia,014,18304,5662,0.3093312937062937
2021,1,Centro,5,Universidad,015,33580,11329,0.33737343656938656
2021,1,Centro,6,Sol,016,8046,2542,0.31593338304747703
2021,2,Arganzuela,1,Imperial,021,22702,4540,0.1999823804070126
2021,2,Arganzuela,2,Acacias,022,36544,7860,0.2150831873905429
2021,2,Arganzuela,3,Chopera,023,20187,4911,0.24327537524149204
2021,2,Arganzuela,4,Legazpi,024,19660,4071,0.20707019328585963
2021,2,Arganzuela,5,Delicias,025,28518,6489,0.22754050073637702
2021,2,Arganzuela,6,Palos de la Frontera,026,25931,6895,0.26589795997069143
2021,2,Arganzuela,7,Atocha,027,1450,263,0.1813793103448276
2021,3,Retiro,1,Pacífico,031,33226,7018,0.2112201288147836
2021,3,Retiro,2,Adelfas,032,18719,3856,0.20599390993108607
2021,3,Retiro,3,Estrella,033,23134,3769,0.1629203769343823
2021,3,Retiro,4,Ibiza,034,21685,4482,0.20668664975789716
2021,3,Retiro,5,Los Jerónimos,035,6967,1268,0.18200086120281325
2021,3,Retiro,6,Niño Jesús,036,15361,2503,0.16294512076036716
2021,4,Salamanca,1,Recoletos,041,15702,3325,0.21175646414469496
2021,4,Salamanca,2,Goya,042,29603,7092,0.23957031381954533
2021,4,Salamanca,3,Fuente del Berro,043,21055,4855,0.23058655901211114
2021,4,Salamanca,4,Guindalera,044,42126,9512,0.22579879409390874
2021,4,Salamanca,5,Lista,045,20984,5132,0.24456728936332445
2021,4,Salamanca,6,Castellana,046,17197,3944,0.22934232715008432
2021,5,Chamartin,1,El Viso,051,17405,3659,0.21022694627980465
2021,5,Chamartin,2,Prosperidad,052,36499,8278,0.22680073426669223
2021,5,Chamartin,3,Ciudad Jardín,053,18690,4270,0.22846441947565543
2021,5,Chamartin,4,Hispanoamérica,054,31771,5873,0.18485411224072268
2021,5,Chamartin,5,Nueva España,055,24791,4815,0.1942237102174176
2021,5,Chamartin,6,Castilla,056,17180,3881,0.2259022118742724
2021,6,Tetuan,1,Bellas Vistas,061,29568,7850,0.2654897186147186
2021,6,Tetuan,2,Cuatro Caminos,062,34986,9130,0.2609615274681301
2021,6,Tetuan,3,Castillejos,063,20653,5540,0.2682419019028712
2021,6,Tetuan,4,Almenara,064,22869,5589,0.24439197166469895
2021,6,Tetuan,5,Valdeacederas,065,26743,7373,0.2756983135773847
2021,6,Tetuan,6,Berruguete,066,25796,6873,0.26643665684602263
2021,7,Chamberi,1,Gaztambide,071,23067,5820,0.2523084926518403
2021,7,Chamberi,2,Arapiles,072,24377,6306,0.258686466751446
2021,7,Chamberi,3,Trafalgar,073,24752,6727,0.2717760180995475
2021,7,Chamberi,4,Almagro,074,19655,4347,0.2211650979394556
2021,7,Chamberi,5,Ríos Rosas,075,27352,6901,0.25230330505995907
2021,7,Chamberi,6,Vallehermoso,076,20188,4139,0.20502278581335448
2021,8,Fuencarral-El Pardo,1,El Pardo,081,3463,688,0.19867167196072769
2021,8,Fuencarral-El Pardo,2,Fuentelarreina,082,3373,455,0.13489475244589386
2021,8,Fuencarral-El Pardo,3,Peñagrande,083,44532,7816,0.1755142369532022
2021,8,Fuencarral-El Pardo,4,Pilar,084,46182,9435,0.20430037677017018
2021,8,Fuencarral-El Pardo,5,La Paz,085,33145,5769,0.1740534017197164
2021,8,Fuencarral-El Pardo,6,Valverde,086,64336,11867,0.18445349415568266
2021,8,Fuencarral-El Pardo,7,Mirasierra,087,34633,5494,0.15863482805416798
2021,8,Fuencarral-El Pardo,8,El Goloso,088,19020,2826,0.14858044164037854
2021,9,Moncloa-Aravaca,1,Casa de Campo,091,13150,2529,0.192319391634981
2021,9,Moncloa-Aravaca,2,Argüelles,092,24315,5631,0.23158544108574955
2021,9,Moncloa-Aravaca,3,Ciudad Universitaria,093,16234,3150,0.19403720586423556
2021,9,Moncloa-Aravaca,4,Valdezarza,094,30223,5944,0.19667140919167522
2021,9,Moncloa-Aravaca,5,Valdemarín,095,6888,973,0.14126016260162602
2021,9,Moncloa-Aravaca,6,El Plantío,096,2911,438,0.15046375815870836
2021,9,Moncloa-Aravaca,7,Aravaca,097,27647,4246,0.15357905016819184
2021,10,Latina,1,Los Cármenes,101,17655,3471,0.1966015293118097
2021,10,Latina,2,Puerta del Angel,102,42222,9919,0.23492492065747714
2021,10,Latina,3,Lucero,103,36736,7340,0.19980400696864112
2021,10,Latina,4,Aluche,104,67328,12540,0.18625237642585551
2021,10,Latina,5,Campamento,105,19669,4115,0.20921246631755555
2021,10,Latina,6,Cuatro Vientos,106,5909,1056,0.17871044169910305
2021,10,Latina,7,Águilas,107,51625,8625,0.16707021791767554
2021,11,Carabanchel,1,Comillas,111,22820,5244,0.22979842243645926
2021,11,Carabanchel,2,Opañel,112,33834,7586,0.2242123307915115
2021,11,Carabanchel,3,San Isidro,113,39889,8849,0.22184060768632957
2021,11,Carabanchel,4,Vista Alegre,114,47261,10065,0.21296629356128732
2021,11,Carabanchel,5,Puerta Bonita,115,36095,7793,0.21590247956780717
2021,11,Carabanchel,6,Buenavista,116,48194,8110,0.1682782089056729
2021,11,Carabanchel,7,Abrantes,117,31664,6149,0.1941953006568974
2021,12,Usera,1,Orcasitas,121,23194,3595,0.15499698197809778
2021,12,Usera,2,Orcasur,122,14212,2909,0.20468618069237265
2021,12,Usera,3,San Fermín,123,23915,4468,0.1868283504076939
2021,12,Usera,4,Almendrales,124,22623,5102,0.225522698139062
2021,12,Usera,5,Moscardó,125,26758,6007,0.22449360938784663
2021,12,Usera,6,Zofío,126,14398,3082,0.21405750798722045
2021,12,Usera,7,Pradolongo,127,17987,4283,0.23811641741257575
2021,13,Puente de Vallecas,1,Entrevías,131,35386,7206,0.2036398575707907
2021,13,Puente de Vallecas,2,San Diego,132,43815,11034,0.2518315645326943
2021,13,Puente de Vallecas,3,Palomeras Bajas,133,40616,7783,0.19162399054559778
2021,13,Puente de Vallecas,4,Palomeras Sureste,134,43064,8814,0.20467211592049042
2021,13,Puente de Vallecas,5,Portazgo,135,28849,5999,0.207944816111477
2021,13,Puente de Vallecas,6,Numancia,136,48337,11053,0.22866541158946563
2021,14,Moratalaz,1,Pavones,141,8997,1493,0.16594420362343004
2021,14,Moratalaz,2,Horcajo,142,6396,859,0.13430268918073796
2021,14,Moratalaz,3,Marroquina,143,26786,4306,0.16075561860673487
2021,14,Moratalaz,4,Media Legua,144,17724,3209,0.1810539381629429
2021,14,Moratalaz,5,Fontarrón,145,17372,3368,0.19387520147363574
2021,14,Moratalaz,6,Vinateros,146,16928,2960,0.17485822306238186
2021,15,Ciudad Lineal,1,Ventas,151,48631,10423,0.2143283091032469
2021,15,Ciudad Lineal,2,Pueblo Nuevo,152,63038,13315,0.2112218027221676
2021,15,Ciudad Lineal,3,Quintana,153,24757,5707,0.23052066082320152
2021,15,Ciudad Lineal,4,La Concepción,154,20831,4185,0.20090250108012098
2021,15,Ciudad Lineal,5,San Pascual,155,17899,3142,0.17554053299066988
2021,15,Ciudad Lineal,6,San Juan Bautista,156,12544,2086,0.16629464285714285
2021,15,Ciudad Lineal,7,Colina,157,6389,1156,0.18093598372202221
2021,15,Ciudad Lineal,8,Atalaya,158,1581,242,0.15306767868437698
2021,15,Ciudad Lineal,9,Costillares,159,22146,3461,0.15628104398085432
2021,16,Hortaleza,1,Palomas,161,6909,944,0.1366333767549573
2021,16,Hortaleza,2,Piovera,162,14870,2250,0.15131136516476126
2021,16,Hortaleza,3,Canillas,163,40431,7140,0.17659716554129257
2021,16,Hortaleza,4,Pinar del Rey,164,52729,9858,0.18695594454664416
2021,16,Hortaleza,5,Apóstol Santiago,165,15538,2751,0.1770498133607929
2021,16,Hortaleza,6,Valdefuentes,166,63433,11935,0.1881512777261047
2021,17,Villaverde,1,"Villaverde Alto, Casco Histórico de Villaverde",171,46836,9628,0.2055683662140234
2021,17,Villaverde,2,San Cristóbal,172,17059,4061,0.23805615803974442
2021,17,Villaverde,3,Butarque,173,20766,4055,0.1952711162477126
2021,17,Villaverde,4,Los Rosales,174,37961,7004,0.1845051500223914
2021,17,Villaverde,5,Ángeles,175,32828,6509,0.19827586206896552
2021,18,Villa de Vallecas,1,Casco Histórico de Vallecas,181,40384,8079,0.20005447702060222
2021,18,Villa de Vallecas,2,Santa Eugenia,182,24395,4685,0.19204755072760812
2021,18,Villa de Vallecas,3,Ensanche de Vallecas,183,50396,12840,0.2547821255655211
2021,19,Vicalvaro,1,Casco Histórico de Vicálvaro,191,35675,6933,0.19433777154870358
2021,19,Vicalvaro,2,Valdebernardo,192,17628,2660,0.1508963013387792
2021,19,Vicalvaro,3,Valderrivas,193,18008,1858,0.1031763660595291
2021,19,Vicalvaro,4,El Cañaveral,194,4421,1606,0.36326622935987335
2021,20,San Blas-Canillejas,1,Simancas,201,28616,5978,0.2089041095890411
2021,20,San Blas-Canillejas,2,Hellín,202,9419,1980,0.2102133984499416
2021,20,San Blas-Canillejas,3,Amposta,203,8926,1917,0.21476585256553887
2021,20,San Blas-Canillejas,4,Arcos,204,24705,4376,0.17713013560008095
2021,20,San Blas-Canillejas,5,Rosas,205,31611,4131,0.13068235740723166
2021,20,San Blas-Canillejas,6,Rejas,206,17200,3631,0.2111046511627907
2021,20,San Blas-Canillejas,7,Canillejas,207,29065,5824,0.20037846206777912
2021,20,San Blas-Canillejas,8,El Salvador,208,11409,1909,0.16732404242264878
2021,21,Barajas,1,Alameda de Osuna,211,19751,2691,0.1362462660118475
2021,21,Barajas,2,Aeropuerto,212,1924,426,0.22141372141372143
2021,21,Barajas,3,Casco Histórico de Barajas,213,7540,1815,0.24071618037135278
2021,21,Barajas,4,Timón,214,13366,2812,0.2103845578333084
2021,21,Barajas,5,Corralejos,215,7690,893,0.11612483745123538
2022,1,Centro,1,Palacio,011,23487,6330,0.2695107932047516
2022,1,Centro,2,Embajadores,012,46656,15387,0.3297968106995885
2022,1,Centro,3,Cortes,013,10865,3360,0.3092498849516797
2022,1,Centro,4,Justicia,014,18070,5547,0.30697288323187605
2022,1,Centro,5,Universidad,015,32956,10784,0.3272241776914674
2022,1,Centro,6,Sol,016,8147,2562,0.31447158463238
2022,2,Arganzuela,1,Imperial,021,22503,4394,0.19526285384171
2022,2,Arganzuela,2,Acacias,022,36133,7576,0.2096698309024991
2022,2,Arganzuela,3,Chopera,023,19803,4722,0.23844871989092561
2022,2,Arganzuela,4,Legazpi,024,19493,3964,0.20335505053095984
2022,2,Arganzuela,5,Delicias,025,28310,6323,0.22334864005651714
2022,2,Arganzuela,6,Palos de la Frontera,026,25162,6500,0.25832604721405295
2022,2,Arganzuela,7,Atocha,027,1620,340,0.20987654320987653
2022,3,Retiro,1,Pacífico,031,32819,6895,0.2100917151649959
2022,3,Retiro,2,Adelfas,032,18744,3821,0.20385189927443448
2022,3,Retiro,3,Estrella,033,22831,3582,0.15689194516227936
2022,3,Retiro,4,Ibiza,034,21452,4370,0.2037106097333582
2022,3,Retiro,5,Los Jerónimos,035,6968,1263,0.18125717566016072
2022,3,Retiro,6,Niño Jesús,036,15158,2421,0.15971764084971632
2022,4,Salamanca,1,Recoletos,041,15709,3281,0.20886116239098607
2022,4,Salamanca,2,Goya,042,29564,7075,0.23931132458395346
2022,4,Salamanca,3,Fuente del Berro,043,20909,4703,0.22492706490028216
2022,4,Salamanca,4,Guindalera,044,41864,9362,0.22362889356009938
2022,4,Salamanca,5,Lista,045,20845,4996,0.23967378268169826
2022,4,Salamanca,6,Castellana,046,17050,3838,0.22510263929618768
2022,5,Chamartin,1,El Viso,051,17192,3559,0.20701489064681247
2022,5,Chamartin,2,Prosperidad,052,36085,8113,0.22483026188166827
2022,5,Chamartin,3,Ciudad Jardín,053,18435,4121,0.22354217521019798
2022,5,Chamartin,4,Hispanoamérica,054,31513,5706,0.18106813061276297
2022,5,Chamartin,5,Nueva España,055,24386,4583,0.18793570081194128
2022,5,Chamartin,6,Castilla,056,17042,3833,0.22491491608966083
2022,6,Tetuan,1,Bellas Vistas,061,29055,7634,0.2627430734813285
2022,6,Tetuan,2,Cuatro Caminos,062,34553,8863,0.256504500332822
2022,6,Tetuan,3,Castillejos,063,20340,5330,0.26204523107177974
2022,6,Tetuan,4,Almenara,064,22650,5525,0.24392935982339956
2022,6,Tetuan,5,Valdeacederas,065,26209,7073,0.2698691289251784
2022,6,Tetuan,6,Berruguete,066,25043,6581,0.2627880046320329
2022,7,Chamberi,1,Gaztambide,071,22754,5546,0.24373736485892591
2022,7,Chamberi,2,Arapiles,072,24050,6056,0.2518087318087318
2022,7,Chamberi,3,Trafalgar,073,24580,6662,0.271033360455655
2022,7,Chamberi,4,Almagro,074,19418,4320,0.22247399320218353
2022,7,Chamberi,5,Ríos Rosas,075,26971,6658,0.24685773608690817
2022,7,Chamberi,6,Vallehermoso,076,19954,4014,0.20116267415054626
2022,8,Fuencarral-El Pardo,1,El Pardo,081,3412,657,0.1925556858147714
2022,8,Fuencarral-El Pardo,2,Fuentelarreina,082,3351,457,0.13637720083557148
2022,8,Fuencarral-El Pardo,3,Peñagrande,083,44021,7507,0.17053224597351263
2022,8,Fuencarral-El Pardo,4,Pilar,084,45495,9092,0.19984613693812506
2022,8,Fuencarral-El Pardo,5,La Paz,085,32423,5356,0.16519137649199642
2022,8,Fuencarral-El Pardo,6,Valverde,086,63776,11361,0.17813911189162068
2022,8,Fuencarral-El Pardo,7,Mirasierra,087,35251,5573,0.15809480582111146
2022,8,Fuencarral-El Pardo,8,El Goloso,088,19107,2662,0.13932066781807714
2022,9,Moncloa-Aravaca,1,Casa de Campo,091,12853,2384,0.18548198864078425
2022,9,Moncloa-Aravaca,2,Argüelles,092,24265,5555,0.22893055841747373
2022,9,Moncloa-Aravaca,3,Ciudad Universitaria,093,16253,3026,0.18618101273611026
2022,9,Moncloa-Aravaca,4,Valdezarza,094,29875,5780,0.19347280334728034
2022,9,Moncloa-Aravaca,5,Valdemarín,095,7057,988,0.1400028340654669
2022,9,Moncloa-Aravaca,6,El Plantío,096,3010,437,0.1451827242524917
2022,9,Moncloa-Aravaca,7,Aravaca,097,27394,4251,0.1551799664160035
2022,10,Latina,1,Los Cármenes,101,17591,3506,0.1993064635324882
2022,10,Latina,2,Puerta del Angel,102,41558,9589,0.23073776408874344
2022,10,Latina,3,Lucero,103,36172,7123,0.19692026982196173
2022,10,Latina,4,Aluche,104,66022,11879,0.17992487352700615
2022,10,Latina,5,Campamento,105,19392,4027,0.20766295379537955
2022,10,Latina,6,Cuatro Vientos,106,5975,1032,0.17271966527196653
2022,10,Latina,7,Águilas,107,50853,8292,0.16305822665329478
2022,11,Carabanchel,1,Comillas,111,22285,4933,0.22135965896342832
2022,11,Carabanchel,2,Opañel,112,33402,7553,0.226124184180588
2022,11,Carabanchel,3,San Isidro,113,39528,8649,0.21880692167577415
2022,11,Carabanchel,4,Vista Alegre,114,46626,9748,0.2090679020289109
2022,11,Carabanchel,5,Puerta Bonita,115,35482,7551,0.21281213009413225
2022,11,Carabanchel,6,Buenavista,116,47938,7890,0.16458759230672954
2022,11,Carabanchel,7,Abrantes,117,31018,5925,0.19101811851183184
2022,12,Usera,1,Orcasitas,121,23073,3549,0.1538161487452867
2022,12,Usera,2,Orcasur,122,14293,2945,0.20604491709228293
2022,12,Usera,3,San Fermín,123,23530,4332,0.18410539736506587
2022,12,Usera,4,Almendrales,124,22555,4936,0.21884282864109952
2022,12,Usera,5,Moscardó,125,26215,5746,0.21918748807934388
2022,12,Usera,6,Zofío,126,14047,2929,0.2085142735103581
2022,12,Usera,7,Pradolongo,127,17501,4084,0.2333580938232101
2022,13,Puente de Vallecas,1,Entrevías,131,34797,6972,0.20036210018105008
2022,13,Puente de Vallecas,2,San Diego,132,43053,10612,0.2464868882540125
2022,13,Puente de Vallecas,3,Palomeras Bajas,133,40019,7725,0.19303330917814038
2022,13,Puente de Vallecas,4,Palomeras Sureste,134,42637,8644,0.20273471398081477
2022,13,Puente de Vallecas,5,Portazgo,135,28361,5699,0.2009449596276577
2022,13,Puente de Vallecas,6,Numancia,136,47459,10667,0.22476242651551867
2022,14,Moratalaz,1,Pavones,141,8763,1408,0.16067556772794706
2022,14,Moratalaz,2,Horcajo,142,6364,920,0.14456316781898176
2022,14,Moratalaz,3,Marroquina,143,26377,4234,0.16051863365811123
2022,14,Moratalaz,4,Media Legua,144,17409,3057,0.17559882819231432
2022,14,Moratalaz,5,Fontarrón,145,17097,3282,0.19196350236883664
2022,14,Moratalaz,6,Vinateros,146,16649,2884,0.1732236170340561
2022,15,Ciudad Lineal,1,Ventas,151,47975,10327,0.2152579468473163
2022,15,Ciudad Lineal,2,Pueblo Nuevo,152,62154,12872,0.2070984972809473
2022,15,Ciudad Lineal,3,Quintana,153,24277,5528,0.22770523540799933
2022,15,Ciudad Lineal,4,La Concepción,154,20512,4061,0.19798166926677066
2022,15,Ciudad Lineal,5,San Pascual,155,17594,2999,0.17045583721723315
2022,15,Ciudad Lineal,6,San Juan Bautista,156,12310,2049,0.16645004061738425
2022,15,Ciudad Lineal,7,Colina,157,6363,1086,0.17067421027817067
2022,15,Ciudad Lineal,8,Atalaya,158,1606,231,0.14383561643835616
2022,15,Ciudad Lineal,9,Costillares,159,21817,3365,0.15423752119906495
2022,16,Hortaleza,1,Palomas,161,6942,915,0.13180639585133966
2022,16,Hortaleza,2,Piovera,162,14963,2225,0.14870012697988372
2022,16,Hortaleza,3,Canillas,163,39812,6820,0.17130513413041293
2022,16,Hortaleza,4,Pinar del Rey,164,52031,9518,0.18292940746862446
2022,16,Hortaleza,5,Apóstol Santiago,165,15435,2705,0.1752510528020732
2022,16,Hortaleza,6,Valdefuentes,166,64589,11378,0.176160027249222
2022,17,Villaverde,1,"Villaverde Alto, Casco Histórico de Villaverde",171,46332,9448,0.2039195372528706
2022,17,Villaverde,2,San Cristóbal,172,16675,3943,0.23646176911544228
2022,17,Villaverde,3,Butarque,173,20841,3896,0.18693920637205508
2022,17,Villaverde,4,Los Rosales,174,37441,6881,0.18378248444218903
2022,17,Villaverde,5,Ángeles,175,33015,6634,0.20093896713615023
2022,18,Villa de Vallecas,1,Casco Histórico de Vallecas,181,39659,7786,0.19632365919463426
2022,18,Villa de Vallecas,2,Santa Eugenia,182,24190,4530,0.18726746589499793
2022,18,Villa de Vallecas,3,Ensanche de Vallecas,183,51250,12267,0.23935609756097562
2022,19,Vicalvaro,1,Casco Histórico de Vicálvaro,191,35180,6735,0.19144400227401934
2022,19,Vicalvaro,2,Valdebernardo,192,17449,2754,0.15783139434924637
2022,19,Vicalvaro,3,Valderrivas,193,17904,1814,0.10131814119749777
2022,19,Vicalvaro,4,El Cañaveral,194,8900,3394,0.38134831460674157
2022,20,San Blas-Canillejas,1,Simancas,201,28228,5926,0.20993339946152756
2022,20,San Blas-Canillejas,2,Hellín,202,9332,1958,0.20981568795542221
2022,20,San Blas-Canillejas,3,Amposta,203,8764,1893,0.21599726152441806
2022,20,San Blas-Canillejas,4,Arcos,204,25022,4293,0.17156901926304852
2022,20,San Blas-Canillejas,5,Rosas,205,30963,4036,0.1303491263766431
2022,20,San Blas-Canillejas,6,Rejas,206,17008,3390,0.19931796801505175
2022,20,San Blas-Canillejas,7,Canillejas,207,28651,5566,0.1942689609437716
2022,20,San Blas-Canillejas,8,El Salvador,208,11315,1886,0.16668139637649138
2022,21,Barajas,1,Alameda de Osuna,211,19694,2595,0.13176602010764699
2022,21,Barajas,2,Aeropuerto,212,1902,398,0.2092534174553102
2022,21,Barajas,3,Casco Histórico de Barajas,213,7393,1737,0.2349519816042202
2022,21,Barajas,4,Timón,214,13605,2710,0.199191473722896
2022,21,Barajas,5,Corralejos,215,7622,861,0.11296247704014695
2023,1,Centro,1,Palacio,011,23642,6426,0.27180441587006177
2023,1,Centro,2,Embajadores,012,46478,15309,0.32938164292783684
2023,1,Centro,3,Cortes,013,10863,3381,0.31123998895332783
2023,1,Centro,4,Justicia,014,18322,5625,0.307007968562384
2023,1,Centro,5,Universidad,015,32943,10826,0.3286282366511854
2023,1,Centro,6,Sol,016,7424,2310,0.31115301724137934
2023,2,Arganzuela,1,Imperial,021,22458,4417,0.1966782438329326
2023,2,Arganzuela,2,Acacias,022,36207,7651,0.21131272958267738
2023,2,Arganzuela,3,Chopera,023,19864,4868,0.2450664518727346
2023,2,Arganzuela,4,Legazpi,024,19515,3895,0.19959005892902895
2023,2,Arganzuela,5,Delicias,025,28700,6512,0.22689895470383276
2023,2,Arganzuela,6,Palos de la Frontera,026,25205,6571,0.26070224161872646
2023,2,Arganzuela,7,Atocha,027,1950,439,0.22512820512820514
2023,3,Retiro,1,Pacífico,031,33141,6982,0.21067559820162338
2023,3,Retiro,2,Adelfas,032,18899,3809,0.2015450552939309
2023,3,Retiro,3,Estrella,033,22719,3563,0.15682908578722654
2023,3,Retiro,4,Ibiza,034,21571,4367,0.20244773074961755
2023,3,Retiro,5,Los Jerónimos,035,6164,1125,0.1825113562621674
2023,3,Retiro,6,Niño Jesús,036,14495,2262,0.15605381165919283
2023,4,Salamanca,1,Recoletos,041,15509,3248,0.20942678444774002
2023,4,Salamanca,2,Goya,042,29622,7198,0.24299507123084194
2023,4,Salamanca,3,Fuente del Berro,043,21001,4818,0.2294176467787248
2023,4,Salamanca,4,Guindalera,044,42147,9560,0.22682515956058558
2023,4,Salamanca,5,Lista,045,21048,5127,0.2435860889395667
2023,4,Salamanca,6,Castellana,046,16997,3892,0.22898158498558568
2023,5,Chamartin,1,El Viso,051,17331,3550,0.20483526628584617
2023,5,Chamartin,2,Prosperidad,052,36160,8249,0.228125
2023,5,Chamartin,3,Ciudad Jardín,053,18573,4172,0.224627146933721
2023,5,Chamartin,4,Hispanoamérica,054,31573,5827,0.1845564247933361
2023,5,Chamartin,5,Nueva España,055,24541,4744,0.19330915610610813
2023,5,Chamartin,6,Castilla,056,17111,3873,0.2263456256209456
2023,6,Tetuan,1,Bellas Vistas,061,29527,7982,0.2703288515595895
2023,6,Tetuan,2,Cuatro Caminos,062,34882,9083,0.26039217934751446
2023,6,Tetuan,3,Castillejos,063,20663,5502,0.2662730484440788
2023,6,Tetuan,4,Almenara,064,23184,5730,0.24715320910973085
2023,6,Tetuan,5,Valdeacederas,065,26691,7303,0.27361282829418154
2023,6,Tetuan,6,Berruguete,066,25798,7031,0.27254050701604776
2023,7,Chamberi,1,Gaztambide,071,23050,5727,0.24845986984815618
2023,7,Chamberi,2,Arapiles,072,24280,6241,0.25704283360790775
2023,7,Chamberi,3,Trafalgar,073,24731,6760,0.27334115078241883
2023,7,Chamberi,4,Almagro,074,19485,4394,0.22550680010264307
2023,7,Chamberi,5,Ríos Rosas,075,27278,6854,0.25126475548060706
2023,7,Chamberi,6,Vallehermoso,076,19955,4036,0.2022550739163117
2023,8,Fuencarral-El Pardo,1,El Pardo,081,3442,652,0.189424753050552
2023,8,Fuencarral-El Pardo,2,Fuentelarreina,082,3414,450,0.13181019332161686
2023,8,Fuencarral-El Pardo,3,Peñagrande,083,44453,7591,0.17076462780914675
2023,8,Fuencarral-El Pardo,4,Pilar,084,45022,9146,0.20314512904802096
2023,8,Fuencarral-El Pardo,5,La Paz,085,32308,5157,0.15961990838182494
2023,8,Fuencarral-El Pardo,6,Valverde,086,64976,11779,0.18128231962570795
2023,8,Fuencarral-El Pardo,7,Mirasierra,087,35753,5566,0.15567924369982938
2023,8,Fuencarral-El Pardo,8,El Goloso,088,19060,2464,0.1292759706190976
2023,9,Moncloa-Aravaca,1,Casa de Campo,091,12808,2376,0.18550905683947533
2023,9,Moncloa-Aravaca,2,Argüelles,092,24614,5616,0.22816283415942146
2023,9,Moncloa-Aravaca,3,Ciudad Universitaria,093,16415,3063,0.18659762412427658
2023,9,Moncloa-Aravaca,4,Valdezarza,094,30587,6059,0.19809069212410502
2023,9,Moncloa-Aravaca,5,Valdemarín,095,7189,1012,0.14077062178328
2023,9,Moncloa-Aravaca,6,El Plantío,096,3058,429,0.14028776978417265
2023,9,Moncloa-Aravaca,7,Aravaca,097,27569,4291,0.15564583408901303
2023,10,Latina,1,Los Cármenes,101,17160,3566,0.2078088578088578
2023,10,Latina,2,Puerta del Angel,102,43451,10633,0.24471243469655474
2023,10,Latina,3,Lucero,103,36918,7508,0.2033696299907904
2023,10,Latina,4,Aluche,104,66833,12213,0.18273906603025453
2023,10,Latina,5,Campamento,105,19830,4183,0.21094301563287948
2023,10,Latina,6,Cuatro Vientos,106,6122,1124,0.18360013067624958
2023,10,Latina,7,Águilas,107,51516,8510,0.16519139684758133
2023,11,Carabanchel,1,Comillas,111,22808,5288,0.23184847421957208
2023,11,Carabanchel,2,Opañel,112,34058,7861,0.23081214398966468
2023,11,Carabanchel,3,San Isidro,113,40539,9195,0.2268186191075261
2023,11,Carabanchel,4,Vista Alegre,114,47983,10313,0.21493028781026613
2023,11,Carabanchel,5,Puerta Bonita,115,36932,8027,0.21734539153038016
2023,11,Carabanchel,6,Buenavista,116,49286,8349,0.1693990179767074
2023,11,Carabanchel,7,Abrantes,117,31803,6217,0.19548470270100304
2023,12,Usera,1,Orcasitas,121,23172,3629,0.1566114275850164
2023,12,Usera,2,Orcasur,122,14447,3027,0.20952446874783692
2023,12,Usera,3,San Fermín,123,23689,4477,0.1889906707754654
2023,12,Usera,4,Almendrales,124,22960,5159,0.22469512195121952
2023,12,Usera,5,Moscardó,125,26704,6118,0.22910425404433793
2023,12,Usera,6,Zofío,126,14442,3086,0.21368231546877164
2023,12,Usera,7,Pradolongo,127,17943,4270,0.2379758122944881
2023,13,Puente de Vallecas,1,Entrevías,131,35558,7265,0.20431407840710952
2023,13,Puente de Vallecas,2,San Diego,132,45289,11528,0.2545430457727042
2023,13,Puente de Vallecas,3,Palomeras Bajas,133,40643,8175,0.20114164800826712
2023,13,Puente de Vallecas,4,Palomeras Sureste,134,43303,8960,0.20691407061866382
2023,13,Puente de Vallecas,5,Portazgo,135,28830,5832,0.20228928199791885
2023,13,Puente de Vallecas,6,Numancia,136,48901,11396,0.23304226907425207
2023,14,Moratalaz,1,Pavones,141,8324,1306,0.1568957232099952
2023,14,Moratalaz,2,Horcajo,142,6358,965,0.15177728845548916
2023,14,Moratalaz,3,Marroquina,143,26213,4276,0.1631251669019189
2023,14,Moratalaz,4,Media Legua,144,17401,3181,0.18280558588586862
2023,14,Moratalaz,5,Fontarrón,145,17368,3378,0.1944956241363427
2023,14,Moratalaz,6,Vinateros,146,16936,3002,0.17725555030703827
2023,15,Ciudad Lineal,1,Ventas,151,50412,11774,0.23355550265809727
2023,15,Ciudad Lineal,2,Pueblo Nuevo,152,63109,13437,0.21291733350235306
2023,15,Ciudad Lineal,3,Quintana,153,25583,6205,0.24254387679318298
2023,15,Ciudad Lineal,4,La Concepción,154,21017,4427,0.21063900651853262
2023,15,Ciudad Lineal,5,San Pascual,155,18391,3422,0.18606927301397422
2023,15,Ciudad Lineal,6,San Juan Bautista,156,12481,2106,0.1687364794487621
2023,15,Ciudad Lineal,7,Colina,157,6595,1192,0.18074298711144807
2023,15,Ciudad Lineal,8,Atalaya,158,1625,249,0.15323076923076923
2023,15,Ciudad Lineal,9,Costillares,159,21986,3503,0.1593286636950787
2023,16,Hortaleza,1,Palomas,161,6942,904,0.13022183808700663
2023,16,Hortaleza,2,Piovera,162,15090,2334,0.15467196819085488
2023,16,Hortaleza,3,Canillas,163,39918,6838,0.17130116739315596
2023,16,Hortaleza,4,Pinar del Rey,164,52250,9833,0.1881913875598086
2023,16,Hortaleza,5,Apóstol Santiago,165,15499,2790,0.1800116136524937
2023,16,Hortaleza,6,Valdefuentes,166,69188,12048,0.1741342429323004
2023,17,Villaverde,1,"Villaverde Alto, Casco Histórico de Villaverde",171,48092,10050,0.20897446560758545
2023,17,Villaverde,2,San Cristóbal,172,17367,4207,0.2422410318419992
2023,17,Villaverde,3,Butarque,173,21362,3972,0.18593764628780077
2023,17,Villaverde,4,Los Rosales,174,37942,7092,0.1869168731221338
2023,17,Villaverde,5,Ángeles,175,34900,7570,0.2169054441260745
2023,18,Villa de Vallecas,1,Casco Histórico de Vallecas,181,40604,8212,0.2022460841296424
2023,18,Villa de Vallecas,2,Santa Eugenia,182,23954,4401,0.1837271436920765
2023,18,Villa de Vallecas,3,Ensanche de Vallecas,183,53299,12471,0.23398187583256722
2023,19,Vicalvaro,1,Casco Histórico de Vicálvaro,191,38485,8082,0.2100038976224503
2023,19,Vicalvaro,2,Valdebernardo,192,17544,2923,0.166609667122663
2023,19,Vicalvaro,3,Valderrivas,193,17808,1872,0.10512129380053908
2023,19,Vicalvaro,4,El Cañaveral,194,10000,3756,0.3756
2023,20,San Blas-Canillejas,1,Simancas,201,28084,6076,0.21635094715852443
2023,20,San Blas-Canillejas,2,Hellín,202,9605,2118,0.22051015096304008
2023,20,San Blas-Canillejas,3,Amposta,203,9176,2115,0.2304925893635571
2023,20,San Blas-Canillejas,4,Arcos,204,25423,4476,0.17606104708334971
2023,20,San Blas-Canillejas,5,Rosas,205,30836,4074,0.13211830328187832
2023,20,San Blas-Canillejas,6,Rejas,206,17459,3544,0.2029898619623117
2023,20,San Blas-Canillejas,7,Canillejas,207,29188,5839,0.2000479649170892
2023,20,San Blas-Canillejas,8,El Salvador,208,11244,1913,0.17013518320882248
2023,21,Barajas,1,Alameda de Osuna,211,19749,2546,0.1289179198946782
2023,21,Barajas,2,Aeropuerto,212,1909,408,0.21372446306967
2023,21,Barajas,3,Casco Histórico de Barajas,213,7411,1753,0.2365402779651869
2023,21,Barajas,4,Timón,214,12087,2186,0.18085546454868867
2023,21,Barajas,5,Corralejos,215,7645,884,0.1156311314584696
