anio,distrito_num,distrito_nombre,barrio_num,barrio_nombre,codigo_barrio,transacciones_vivienda_barrio,tasa_transacciones_vivienda
2017,1,Centro,1,Palacio,011,235,0.010468172301661544
2017,1,Centro,2,Embajadores,012,981,0.02190074341973076
2017,1,Centro,3,Cortes,013,288,0.027280477408354646
2017,1,Centro,4,Justicia,014,405,0.024630541871921183
2017,1,Centro,5,Universidad,015,674,0.021876014281077574
2017,1,Centro,6,Sol,016,127,0.017241379310344827
2017,2,Arganzuela,1,Imperial,021,195,0.008587282015148846
2017,2,Arganzuela,2,Acacias,022,66,0.0017956252040483187
2017,2,Arganzuela,3,Chopera,023,262,0.013211638344006857
2017,2,Arganzuela,4,Legazpi,024,94,0.004961993243243243
2017,2,Arganzuela,5,Delicias,025,454,0.01661907899553408
2017,2,Arganzuela,6,Palos de la Frontera,026,311,0.012118614347504188
2017,2,Arganzuela,7,Atocha,027,4,0.0036003600360036
2017,3,Retiro,1,Pacífico,031,373,0.011057749318154867
2017,3,Retiro,2,Adelfas,032,251,0.0138215859030837
2017,3,Retiro,3,Estrella,033,179,0.0077055531640120535
2017,3,Retiro,4,Ibiza,034,348,0.016272327691012813
2017,3,Retiro,5,Los Jerónimos,035,105,0.014845185918280787
2017,3,Retiro,6,Niño Jesús,036,162,0.01064388961892247
2017,4,Salamanca,1,Recoletos,041,294,0.018895815926473422
2017,4,Salamanca,2,Goya,042,526,0.017903335602450648
2017,4,Salamanca,3,Fuente del Berro,043,332,0.016082933682119847
2017,4,Salamanca,4,Guindalera,044,575,0.014101778050275904
2017,4,Salamanca,5,Lista,045,284,0.013633526955018961
2017,4,Salamanca,6,Castellana,046,273,0.016002344665885113
2017,5,Chamartin,1,El Viso,051,187,0.01093823116518484
2017,5,Chamartin,2,Prosperidad,052,533,0.014729453379760128
2017,5,Chamartin,3,Ciudad Jardín,053,268,0.014589003810560696
2017,5,Chamartin,4,Hispanoamérica,054,348,0.011103311849913854
2017,5,Chamartin,5,Nueva España,055,219,0.009066070541480377
2017,5,Chamartin,6,Castilla,056,140,0.008409418548774628
2017,6,Tetuan,1,Bellas Vistas,061,363,0.012765059605443612
2017,6,Tetuan,2,Cuatro Caminos,062,575,0.016891891891891893
2017,6,Tetuan,3,Castillejos,063,389,0.01941117764471058
2017,6,Tetuan,4,Almenara,064,310,0.014065973955261128
2017,6,Tetuan,5,Valdeacederas,065,357,0.014123511492661313
2017,6,Tetuan,6,Berruguete,066,322,0.013211340417675296
2017,7,Chamberi,1,Gaztambide,071,388,0.017253646389185345
2017,7,Chamberi,2,Arapiles,072,335,0.013802480326315356
2017,7,Chamberi,3,Trafalgar,073,466,0.018930776730581734
2017,7,Chamberi,4,Almagro,074,291,0.014722250328847516
2017,7,Chamberi,5,Ríos Rosas,075,403,0.014970838441249674
2017,7,Chamberi,6,Vallehermoso,076,228,0.011472275334608031
2017,8,Fuencarral-El Pardo,1,El Pardo,081,32,0.009373169302870533
2017,8,Fuencarral-El Pardo,2,Fuentelarreina,082,30,0.009377930603313536
2017,8,Fuencarral-El Pardo,3,Peñagrande,083,411,0.009269073769197807
2017,8,Fuencarral-El Pardo,4,Pilar,084,382,0.008313926915794285
2017,8,Fuencarral-El Pardo,5,La Paz,085,188,0.00554735910298023
2017,8,Fuencarral-El Pardo,6,Valverde,086,773,0.012869391492549738
2017,8,Fuencarral-El Pardo,7,Mirasierra,087,561,0.018155339805825243
2017,8,Fuencarral-El Pardo,8,El Goloso,088,335,0.019228561588795774
2017,9,Moncloa-Aravaca,1,Casa de Campo,091,134,0.01039323664003723
2017,9,Moncloa-Aravaca,2,Argüelles,092,382,0.01587433510638298
2017,9,Moncloa-Aravaca,3,Ciudad Universitaria,093,159,0.009881914232442512
2017,9,Moncloa-Aravaca,4,Valdezarza,094,326,0.011124001910871494
2017,9,Moncloa-Aravaca,5,Valdemarín,095,102,0.015843429636533086
2017,9,Moncloa-Aravaca,6,El Plantío,096,25,0.009191176470588236
2017,9,Moncloa-Aravaca,7,Aravaca,097,600,0.02332452184730213
2017,10,Latina,1,Los Cármenes,101,153,0.008948938410247412
2017,10,Latina,2,Puerta del Angel,102,521,0.012666844958790207
2017,10,Latina,3,Lucero,103,387,0.010936837643069098
2017,10,Latina,4,Aluche,104,652,0.009956174507917602
2017,10,Latina,5,Campamento,105,201,0.010668789808917197
2017,10,Latina,6,Cuatro Vientos,106,34,0.006193078324225865
2017,10,Latina,7,Águilas,107,471,0.009226068049597462
2017,11,Carabanchel,1,Comillas,111,194,0.008752142921591627
2017,11,Carabanchel,2,Opañel,112,234,0.007290855273407073
2017,11,Carabanchel,3,San Isidro,113,426,0.011184037805198214
2017,11,Carabanchel,4,Vista Alegre,114,451,0.010134831460674157
2017,11,Carabanchel,5,Puerta Bonita,115,222,0.006712018140589569
2017,11,Carabanchel,6,Buenavista,116,450,0.00992676255183976
2017,11,Carabanchel,7,Abrantes,117,153,0.005195775460997725
2017,12,Usera,1,Orcasitas,121,121,0.005390235210263721
2017,12,Usera,2,Orcasur,122,141,0.01053575431517597
2017,12,Usera,3,San Fermín,123,218,0.009491053158605076
2017,12,Usera,4,Almendrales,124,208,0.010101991257892181
2017,12,Usera,5,Moscardó,125,250,0.009834002045472426
2017,12,Usera,6,Zofío,126,59,0.004373934316850767
2017,12,Usera,7,Pradolongo,127,229,0.013565547064747349
2017,13,Puente de Vallecas,1,Entrevías,131,362,0.010759079831183498
2017,13,Puente de Vallecas,2,San Diego,132,605,0.015385397858759505
2017,13,Puente de Vallecas,3,Palomeras Bajas,133,395,0.010027162186175208
2017,13,Puente de Vallecas,4,Palomeras Sureste,134,443,0.010527566539923955
2017,13,Puente de Vallecas,5,Portazgo,135,298,0.0107340969670773
2017,13,Puente de Vallecas,6,Numancia,136,643,0.013972489623851019
2017,14,Moratalaz,1,Pavones,141,74,0.008085664335664336
2017,14,Moratalaz,2,Horcajo,142,41,0.0063536339686967305
2017,14,Moratalaz,3,Marroquina,143,163,0.005943048820505342
2017,14,Moratalaz,4,Media Legua,144,139,0.0077818833277348565
2017,14,Moratalaz,5,Fontarrón,145,224,0.013357185450208706
2017,14,Moratalaz,6,Vinateros,146,158,0.009387439843146574
2017,15,Ciudad Lineal,1,Ventas,151,535,0.011278116238379324
2017,15,Ciudad Lineal,2,Pueblo Nuevo,152,720,0.011884914412109407
2017,15,Ciudad Lineal,3,Quintana,153,358,0.014762886597938145
2017,15,Ciudad Lineal,4,La Concepción,154,276,0.013404565322972318
2017,15,Ciudad Lineal,5,San Pascual,155,177,0.009754215805136118
2017,15,Ciudad Lineal,6,San Juan Bautista,156,131,0.010561109319574331
2017,15,Ciudad Lineal,7,Colina,157,77,0.012526435659671384
2017,15,Ciudad Lineal,8,Atalaya,158,19,0.012163892445582587
2017,15,Ciudad Lineal,9,Costillares,159,148,0.0067248273355143585
2017,16,Hortaleza,1,Palomas,161,63,0.009431137724550898
2017,16,Hortaleza,2,Piovera,162,208,0.014345816952893303
2017,16,Hortaleza,3,Canillas,163,314,0.00773284736245875
2017,16,Hortaleza,4,Pinar del Rey,164,552,0.010593789582773577
2017,16,Hortaleza,5,Apóstol Santiago,165,102,0.006699507389162562
2017,16,Hortaleza,6,Valdefuentes,166,976,0.01886537160529622
2017,17,Villaverde,1,"Villaverde Alto, Casco Histórico de Villaverde",171,472,0.010827426421673204
2017,17,Villaverde,2,San Cristóbal,172,209,0.0136986301369863
2017,17,Villaverde,3,Butarque,173,118,0.0068247541931752455
2017,17,Villaverde,4,Los Rosales,174,250,0.006835830690145466
2017,17,Villaverde,5,Ángeles,175,259,0.008538836871950416
2017,18,Villa de Vallecas,1,Casco Histórico de Vallecas,181,524,0.006562386504527295
2017,18,Villa de Vallecas,2,Santa Eugenia,182,165,0.006822128504093277
2017,18,Villa de Vallecas,3,Ensanche de Vallecas,183,564,NA
2017,19,Vicalvaro,1,Casco Histórico de Vicálvaro,191,343,0.006666796244824972
2017,19,Vicalvaro,2,Valdebernardo,192,48,0.0025885779000161787
2017,19,Vicalvaro,3,Valderrivas,193,76,NA
2017,19,Vicalvaro,4,El Cañaveral,194,65,NA
2017,20,San Blas-Canillejas,1,Simancas,201,419,0.015775602409638555
2017,20,San Blas-Canillejas,2,Hellín,202,179,0.020182658698838653
2017,20,San Blas-Canillejas,3,Amposta,203,151,0.018349738728885647
2017,20,San Blas-Canillejas,4,Arcos,204,247,0.01036682615629984
2017,20,San Blas-Canillejas,5,Rosas,205,152,0.004815307609453209
2017,20,San Blas-Canillejas,6,Rejas,206,191,0.012074851435073966
2017,20,San Blas-Canillejas,7,Canillejas,207,272,0.009540512101017187
2017,20,San Blas-Canillejas,8,El Salvador,208,76,0.006668421514433623
2017,21,Barajas,1,Alameda de Osuna,211,158,0.00812924470055567
2017,21,Barajas,2,Aeropuerto,212,18,0.010089686098654708
2017,21,Barajas,3,Casco Histórico de Barajas,213,69,0.00941336971350614
2017,21,Barajas,4,Timón,214,89,0.008055027604308082
2017,21,Barajas,5,Corralejos,215,72,0.009745533297238766
2018,1,Centro,1,Palacio,011,227,0.010053144375553586
2018,1,Centro,2,Embajadores,012,1026,0.02290383069916957
2018,1,Centro,3,Cortes,013,228,0.02160113690194221
2018,1,Centro,4,Justicia,014,445,0.026770137760933645
2018,1,Centro,5,Universidad,015,609,0.0196508663805621
2018,1,Centro,6,Sol,016,114,0.015761094981335544
2018,2,Arganzuela,1,Imperial,021,160,0.007024938531787847
2018,2,Arganzuela,2,Acacias,022,61,0.0016559437522056628
2018,2,Arganzuela,3,Chopera,023,229,0.01153129563422126
2018,2,Arganzuela,4,Legazpi,024,177,0.009180497925311204
2018,2,Arganzuela,5,Delicias,025,285,0.010336198455010336
2018,2,Arganzuela,6,Palos de la Frontera,026,336,0.012998568610004256
2018,2,Arganzuela,7,Atocha,027,4,0.003427592116538132
2018,3,Retiro,1,Pacífico,031,372,0.011041524442729512
2018,3,Retiro,2,Adelfas,032,159,0.008660130718954249
2018,3,Retiro,3,Estrella,033,190,0.00815625670744795
2018,3,Retiro,4,Ibiza,034,333,0.015463199442767587
2018,3,Retiro,5,Los Jerónimos,035,116,0.016331127692524285
2018,3,Retiro,6,Niño Jesús,036,128,0.00835727343954035
2018,4,Salamanca,1,Recoletos,041,248,0.01568032372281234
2018,4,Salamanca,2,Goya,042,420,0.014151897028101624
2018,4,Salamanca,3,Fuente del Berro,043,301,0.014466285384726295
2018,4,Salamanca,4,Guindalera,044,593,0.014327132157525973
2018,4,Salamanca,5,Lista,045,336,0.01598781880472021
2018,4,Salamanca,6,Castellana,046,217,0.012776731040979745
2018,5,Chamartin,1,El Viso,051,190,0.011059371362048894
2018,5,Chamartin,2,Prosperidad,052,419,0.011439336027083106
2018,5,Chamartin,3,Ciudad Jardín,053,281,0.015145798523149895
2018,5,Chamartin,4,Hispanoamérica,054,297,0.009436360170299295
2018,5,Chamartin,5,Nueva España,055,202,0.008227770762901715
2018,5,Chamartin,6,Castilla,056,142,0.00838203175727525
2018,6,Tetuan,1,Bellas Vistas,061,463,0.016041854341348485
2018,6,Tetuan,2,Cuatro Caminos,062,484,0.014091067893327123
2018,6,Tetuan,3,Castillejos,063,282,0.013796477495107632
2018,6,Tetuan,4,Almenara,064,570,0.02533558538536759
2018,6,Tetuan,5,Valdeacederas,065,373,0.014552690101829815
2018,6,Tetuan,6,Berruguete,066,303,0.01228112840466926
2018,7,Chamberi,1,Gaztambide,071,313,0.013763081523172984
2018,7,Chamberi,2,Arapiles,072,366,0.014989556456567146
2018,7,Chamberi,3,Trafalgar,073,396,0.016102797657774885
2018,7,Chamberi,4,Almagro,074,253,0.012744307878299416
2018,7,Chamberi,5,Ríos Rosas,075,394,0.014531238474588773
2018,7,Chamberi,6,Vallehermoso,076,209,0.010387157695939566
2018,8,Fuencarral-El Pardo,1,El Pardo,081,45,0.01292731973570813
2018,8,Fuencarral-El Pardo,2,Fuentelarreina,082,37,0.011412708204811845
2018,8,Fuencarral-El Pardo,3,Peñagrande,083,501,0.01124932638764146
2018,8,Fuencarral-El Pardo,4,Pilar,084,209,0.004518430439952438
2018,8,Fuencarral-El Pardo,5,La Paz,085,198,0.005848125941459669
2018,8,Fuencarral-El Pardo,6,Valverde,086,674,0.010859582695561105
2018,8,Fuencarral-El Pardo,7,Mirasierra,087,360,0.011217748971706343
2018,8,Fuencarral-El Pardo,8,El Goloso,088,246,0.013665148316853682
2018,9,Moncloa-Aravaca,1,Casa de Campo,091,119,0.009188479654080766
2018,9,Moncloa-Aravaca,2,Argüelles,092,361,0.015004779916039736
2018,9,Moncloa-Aravaca,3,Ciudad Universitaria,093,146,0.00904416775072787
2018,9,Moncloa-Aravaca,4,Valdezarza,094,326,0.011051971386920705
2018,9,Moncloa-Aravaca,5,Valdemarín,095,109,0.016567867457060344
2018,9,Moncloa-Aravaca,6,El Plantío,096,24,0.00876872488125685
2018,9,Moncloa-Aravaca,7,Aravaca,097,521,0.019890810521895164
2018,10,Latina,1,Los Cármenes,101,165,0.009572431397574984
2018,10,Latina,2,Puerta del Angel,102,551,0.013265281556202903
2018,10,Latina,3,Lucero,103,426,0.011975374581845782
2018,10,Latina,4,Aluche,104,692,0.010467402813492665
2018,10,Latina,5,Campamento,105,207,0.010868994486741926
2018,10,Latina,6,Cuatro Vientos,106,31,0.0054606306147613175
2018,10,Latina,7,Águilas,107,424,0.008270750024383107
2018,11,Carabanchel,1,Comillas,111,145,0.0064856644451402245
2018,11,Carabanchel,2,Opañel,112,286,0.008784323361385835
2018,11,Carabanchel,3,San Isidro,113,451,0.011663089296335565
2018,11,Carabanchel,4,Vista Alegre,114,511,0.011328869773422604
2018,11,Carabanchel,5,Puerta Bonita,115,273,0.008015502510349687
2018,11,Carabanchel,6,Buenavista,116,428,0.009238473493351752
2018,11,Carabanchel,7,Abrantes,117,182,0.0060949063996517195
2018,12,Usera,1,Orcasitas,121,191,0.008447589562140645
2018,12,Usera,2,Orcasur,122,132,0.00969803835133348
2018,12,Usera,3,San Fermín,123,222,0.009538540861046661
2018,12,Usera,4,Almendrales,124,211,0.010017566348573327
2018,12,Usera,5,Moscardó,125,241,0.009334934345586242
2018,12,Usera,6,Zofío,126,96,0.006988934187536401
2018,12,Usera,7,Pradolongo,127,238,0.013768367465000578
2018,13,Puente de Vallecas,1,Entrevías,131,409,0.012005048577886054
2018,13,Puente de Vallecas,2,San Diego,132,679,0.016811508083884225
2018,13,Puente de Vallecas,3,Palomeras Bajas,133,314,0.007898178891236543
2018,13,Puente de Vallecas,4,Palomeras Sureste,134,410,0.00970597983050045
2018,13,Puente de Vallecas,5,Portazgo,135,273,0.00974304068522484
2018,13,Puente de Vallecas,6,Numancia,136,608,0.013026803505238575
2018,14,Moratalaz,1,Pavones,141,72,0.007897334649555774
2018,14,Moratalaz,2,Horcajo,142,23,0.0036340654131774373
2018,14,Moratalaz,3,Marroquina,143,147,0.0053575333479116555
2018,14,Moratalaz,4,Media Legua,144,144,0.008082168715271931
2018,14,Moratalaz,5,Fontarrón,145,189,0.011146496815286623
2018,14,Moratalaz,6,Vinateros,146,153,0.009072580645161291
2018,15,Ciudad Lineal,1,Ventas,151,582,0.012150313152400834
2018,15,Ciudad Lineal,2,Pueblo Nuevo,152,694,0.0113184160741079
2018,15,Ciudad Lineal,3,Quintana,153,319,0.013026788631166285
2018,15,Ciudad Lineal,4,La Concepción,154,261,0.0125047911077041
2018,15,Ciudad Lineal,5,San Pascual,155,183,0.010101010101010102
2018,15,Ciudad Lineal,6,San Juan Bautista,156,117,0.009398345248614347
2018,15,Ciudad Lineal,7,Colina,157,84,0.01333968556455455
2018,15,Ciudad Lineal,8,Atalaya,158,23,0.014603174603174604
2018,15,Ciudad Lineal,9,Costillares,159,163,0.007382915119123109
2018,16,Hortaleza,1,Palomas,161,62,0.009179745336097127
2018,16,Hortaleza,2,Piovera,162,146,0.009900990099009901
2018,16,Hortaleza,3,Canillas,163,360,0.008835439931279911
2018,16,Hortaleza,4,Pinar del Rey,164,627,0.011961768128660549
2018,16,Hortaleza,5,Apóstol Santiago,165,131,0.008560412990916814
2018,16,Hortaleza,6,Valdefuentes,166,1426,0.026241213058039822
2018,17,Villaverde,1,"Villaverde Alto, Casco Histórico de Villaverde",171,637,0.01432265317594154
2018,17,Villaverde,2,San Cristóbal,172,248,0.015949578751045083
2018,17,Villaverde,3,Butarque,173,217,0.011846271427011683
2018,17,Villaverde,4,Los Rosales,174,298,0.008037544503182652
2018,17,Villaverde,5,Ángeles,175,385,0.012594046450768727
2018,18,Villa de Vallecas,1,Casco Histórico de Vallecas,181,326,0.008277052759863911
2018,18,Villa de Vallecas,2,Santa Eugenia,182,168,0.006899950714637753
2018,18,Villa de Vallecas,3,Ensanche de Vallecas,183,1044,0.0239136908170511
2018,19,Vicalvaro,1,Casco Histórico de Vicálvaro,191,311,0.009093567251461989
2018,19,Vicalvaro,2,Valdebernardo,192,64,0.003628735045642683
2018,19,Vicalvaro,3,Valderrivas,193,100,0.005500550055005501
2018,19,Vicalvaro,4,El Cañaveral,194,294,0.3107822410147992
2018,20,San Blas-Canillejas,1,Simancas,201,498,0.0182157357620981
2018,20,San Blas-Canillejas,2,Hellín,202,144,0.016060673656033905
2018,20,San Blas-Canillejas,3,Amposta,203,151,0.018004053892929535
2018,20,San Blas-Canillejas,4,Arcos,204,240,0.009992505620784412
2018,20,San Blas-Canillejas,5,Rosas,205,170,0.005375324100423702
2018,20,San Blas-Canillejas,6,Rejas,206,171,0.010437648782274309
2018,20,San Blas-Canillejas,7,Canillejas,207,266,0.009302000279759406
2018,20,San Blas-Canillejas,8,El Salvador,208,103,0.009105374823196606
2018,21,Barajas,1,Alameda de Osuna,211,216,0.011091142490372272
2018,21,Barajas,2,Aeropuerto,212,19,0.010614525139664804
2018,21,Barajas,3,Casco Histórico de Barajas,213,99,0.013443780554046714
2018,21,Barajas,4,Timón,214,155,0.013189244383934649
2018,21,Barajas,5,Corralejos,215,106,0.0140807651434644
2019,1,Centro,1,Palacio,011,213,0.009267316394013226
2019,1,Centro,2,Embajadores,012,880,0.019369180991790108
2019,1,Centro,3,Cortes,013,198,0.018812351543942993
2019,1,Centro,4,Justicia,014,359,0.020866027317640222
2019,1,Centro,5,Universidad,015,612,0.01923983778175988
2019,1,Centro,6,Sol,016,84,0.011416145691764067
2019,2,Arganzuela,1,Imperial,021,124,0.005433353781438962
2019,2,Arganzuela,2,Acacias,022,32,8.67044192158669e-4
2019,2,Arganzuela,3,Chopera,023,94,0.004688747007182761
2019,2,Arganzuela,4,Legazpi,024,96,0.004879784476185635
2019,2,Arganzuela,5,Delicias,025,289,0.010418168709444845
2019,2,Arganzuela,6,Palos de la Frontera,026,330,0.012744265080713678
2019,2,Arganzuela,7,Atocha,027,6,0.00510204081632653
2019,3,Retiro,1,Pacífico,031,273,0.008108348926312037
2019,3,Retiro,2,Adelfas,032,310,0.016742276949665156
2019,3,Retiro,3,Estrella,033,136,0.005820671945217205
2019,3,Retiro,4,Ibiza,034,270,0.012437238011884472
2019,3,Retiro,5,Los Jerónimos,035,80,0.011317017965766021
2019,3,Retiro,6,Niño Jesús,036,103,0.006706165766000391
2019,4,Salamanca,1,Recoletos,041,161,0.010198910426960597
2019,4,Salamanca,2,Goya,042,324,0.010894784626248362
2019,4,Salamanca,3,Fuente del Berro,043,239,0.011324867323730099
2019,4,Salamanca,4,Guindalera,044,444,0.01063447582093842
2019,4,Salamanca,5,Lista,045,182,0.008651423682083947
2019,4,Salamanca,6,Castellana,046,174,0.010139269273352368
2019,5,Chamartin,1,El Viso,051,173,0.009985569985569986
2019,5,Chamartin,2,Prosperidad,052,380,0.010345766403484889
2019,5,Chamartin,3,Ciudad Jardín,053,223,0.011932152603135534
2019,5,Chamartin,4,Hispanoamérica,054,315,0.009900990099009901
2019,5,Chamartin,5,Nueva España,055,217,0.008785780800842139
2019,5,Chamartin,6,Castilla,056,125,0.007373326254940128
2019,6,Tetuan,1,Bellas Vistas,061,337,0.01152333732261925
2019,6,Tetuan,2,Cuatro Caminos,062,511,0.014709268854346574
2019,6,Tetuan,3,Castillejos,063,272,0.013223140495867768
2019,6,Tetuan,4,Almenara,064,290,0.01275173687450532
2019,6,Tetuan,5,Valdeacederas,065,396,0.015168345654422186
2019,6,Tetuan,6,Berruguete,066,342,0.01363147195982303
2019,7,Chamberi,1,Gaztambide,071,273,0.011871113623516111
2019,7,Chamberi,2,Arapiles,072,293,0.011950403784974304
2019,7,Chamberi,3,Trafalgar,073,350,0.014126003955281108
2019,7,Chamberi,4,Almagro,074,245,0.012337596938261659
2019,7,Chamberi,5,Ríos Rosas,075,329,0.01197888221372656
2019,7,Chamberi,6,Vallehermoso,076,202,0.009952209686160516
2019,8,Fuencarral-El Pardo,1,El Pardo,081,18,0.005194805194805195
2019,8,Fuencarral-El Pardo,2,Fuentelarreina,082,28,0.008557457212713936
2019,8,Fuencarral-El Pardo,3,Peñagrande,083,347,0.007776607426996257
2019,8,Fuencarral-El Pardo,4,Pilar,084,310,0.006655645490263435
2019,8,Fuencarral-El Pardo,5,La Paz,085,152,0.004491194894220541
2019,8,Fuencarral-El Pardo,6,Valverde,086,606,0.009564242988589195
2019,8,Fuencarral-El Pardo,7,Mirasierra,087,460,0.013977939165577805
2019,8,Fuencarral-El Pardo,8,El Goloso,088,171,0.009205426356589148
2019,9,Moncloa-Aravaca,1,Casa de Campo,091,108,0.008282208588957056
2019,9,Moncloa-Aravaca,2,Argüelles,092,235,0.009714356578892977
2019,9,Moncloa-Aravaca,3,Ciudad Universitaria,093,101,0.006189863332720476
2019,9,Moncloa-Aravaca,4,Valdezarza,094,294,0.009869414884688978
2019,9,Moncloa-Aravaca,5,Valdemarín,095,62,0.009194720450837905
2019,9,Moncloa-Aravaca,6,El Plantío,096,18,0.006401137980085348
2019,9,Moncloa-Aravaca,7,Aravaca,097,205,0.007633019324570875
2019,10,Latina,1,Los Cármenes,101,146,0.008367721228794131
2019,10,Latina,2,Puerta del Angel,102,433,0.010339557763025933
2019,10,Latina,3,Lucero,103,377,0.010413214009501712
2019,10,Latina,4,Aluche,104,541,0.00813020348050855
2019,10,Latina,5,Campamento,105,185,0.009556772393842339
2019,10,Latina,6,Cuatro Vientos,106,28,0.004860267314702308
2019,10,Latina,7,Águilas,107,402,0.007775177455853625
2019,11,Carabanchel,1,Comillas,111,143,0.006360361161766668
2019,11,Carabanchel,2,Opañel,112,247,0.007452104389802383
2019,11,Carabanchel,3,San Isidro,113,378,0.009674942411057078
2019,11,Carabanchel,4,Vista Alegre,114,414,0.008976193573565761
2019,11,Carabanchel,5,Puerta Bonita,115,290,0.008293296728437429
2019,11,Carabanchel,6,Buenavista,116,360,0.007632616715430607
2019,11,Carabanchel,7,Abrantes,117,161,0.005220492866407263
2019,12,Usera,1,Orcasitas,121,132,0.005765199161425576
2019,12,Usera,2,Orcasur,122,122,0.008816940088169401
2019,12,Usera,3,San Fermín,123,189,0.007966616084977238
2019,12,Usera,4,Almendrales,124,173,0.008051379904128077
2019,12,Usera,5,Moscardó,125,174,0.006586917019987886
2019,12,Usera,6,Zofío,126,73,0.0052075902411185615
2019,12,Usera,7,Pradolongo,127,193,0.01101283880171184
2019,13,Puente de Vallecas,1,Entrevías,131,295,0.008487254732723402
2019,13,Puente de Vallecas,2,San Diego,132,518,0.012381680849029544
2019,13,Puente de Vallecas,3,Palomeras Bajas,133,331,0.008218497827436375
2019,13,Puente de Vallecas,4,Palomeras Sureste,134,391,0.009162702411360813
2019,13,Puente de Vallecas,5,Portazgo,135,284,0.009990853444030114
2019,13,Puente de Vallecas,6,Numancia,136,540,0.011381839642525926
2019,14,Moratalaz,1,Pavones,141,57,0.006230870135548754
2019,14,Moratalaz,2,Horcajo,142,15,0.0023651844843897824
2019,14,Moratalaz,3,Marroquina,143,157,0.005748178523047633
2019,14,Moratalaz,4,Media Legua,144,133,0.00742063270657814
2019,14,Moratalaz,5,Fontarrón,145,172,0.010008146165483534
2019,14,Moratalaz,6,Vinateros,146,130,0.007689577664734414
2019,15,Ciudad Lineal,1,Ventas,151,519,0.010762722408859027
2019,15,Ciudad Lineal,2,Pueblo Nuevo,152,578,0.009280965991200745
2019,15,Ciudad Lineal,3,Quintana,153,264,0.010697354025689857
2019,15,Ciudad Lineal,4,La Concepción,154,205,0.009794085327982418
2019,15,Ciudad Lineal,5,San Pascual,155,142,0.007803055280800088
2019,15,Ciudad Lineal,6,San Juan Bautista,156,125,0.009993604093380237
2019,15,Ciudad Lineal,7,Colina,157,77,0.012033130176590093
2019,15,Ciudad Lineal,8,Atalaya,158,23,0.01464968152866242
2019,15,Ciudad Lineal,9,Costillares,159,159,0.007203370633806007
2019,16,Hortaleza,1,Palomas,161,53,0.0077964107090320684
2019,16,Hortaleza,2,Piovera,162,104,0.006966307187353473
2019,16,Hortaleza,3,Canillas,163,299,0.007346798368470195
2019,16,Hortaleza,4,Pinar del Rey,164,628,0.011887185311376112
2019,16,Hortaleza,5,Apóstol Santiago,165,120,0.007758453481606
2019,16,Hortaleza,6,Valdefuentes,166,1052,0.018151074916318715
2019,17,Villaverde,1,"Villaverde Alto, Casco Histórico de Villaverde",171,438,0.009663754302356367
2019,17,Villaverde,2,San Cristóbal,172,293,0.018208936672674165
2019,17,Villaverde,3,Butarque,173,536,0.028341793570219966
2019,17,Villaverde,4,Los Rosales,174,291,0.0077198567449263825
2019,17,Villaverde,5,Ángeles,175,693,0.022173161835285084
2019,18,Villa de Vallecas,1,Casco Histórico de Vallecas,181,321,0.007954996034892942
2019,18,Villa de Vallecas,2,Santa Eugenia,182,202,0.008282762014105298
2019,18,Villa de Vallecas,3,Ensanche de Vallecas,183,1085,0.02364091949014054
2019,19,Vicalvaro,1,Casco Histórico de Vicálvaro,191,273,0.007816078790655061
2019,19,Vicalvaro,2,Valdebernardo,192,45,0.0025452488687782806
2019,19,Vicalvaro,3,Valderrivas,193,68,0.003744905826632889
2019,19,Vicalvaro,4,El Cañaveral,194,568,0.3717277486910995
2019,20,San Blas-Canillejas,1,Simancas,201,380,0.013568521031207599
2019,20,San Blas-Canillejas,2,Hellín,202,130,0.014122759369907659
2019,20,San Blas-Canillejas,3,Amposta,203,136,0.015817632007443592
2019,20,San Blas-Canillejas,4,Arcos,204,206,0.008478064038192444
2019,20,San Blas-Canillejas,5,Rosas,205,137,0.004319994954750418
2019,20,San Blas-Canillejas,6,Rejas,206,371,0.022162485065710873
2019,20,San Blas-Canillejas,7,Canillejas,207,312,0.010883594376809571
2019,20,San Blas-Canillejas,8,El Salvador,208,85,0.007474498768906085
2019,21,Barajas,1,Alameda de Osuna,211,288,0.014714147039288816
2019,21,Barajas,2,Aeropuerto,212,14,0.0075107296137339056
2019,21,Barajas,3,Casco Histórico de Barajas,213,72,0.00949241924851681
2019,21,Barajas,4,Timón,214,125,0.010079019512981777
2019,21,Barajas,5,Corralejos,215,64,0.00837038974627256
2020,1,Centro,1,Palacio,011,145,0.006119434479848069
2020,1,Centro,2,Embajadores,012,646,0.013679485007623242
2020,1,Centro,3,Cortes,013,113,0.01046974891133142
2020,1,Centro,4,Justicia,014,218,0.012049524651779792
2020,1,Centro,5,Universidad,015,466,0.013893858079904592
2020,1,Centro,6,Sol,016,76,0.00993853798875376
2020,2,Arganzuela,1,Imperial,021,170,0.007394197729546344
2020,2,Arganzuela,2,Acacias,022,67,0.0018096369922212619
2020,2,Arganzuela,3,Chopera,023,75,0.0036851415094339623
2020,2,Arganzuela,4,Legazpi,024,95,0.004786858812859014
2020,2,Arganzuela,5,Delicias,025,249,0.008784308191631977
2020,2,Arganzuela,6,Palos de la Frontera,026,181,0.006855800916631946
2020,2,Arganzuela,7,Atocha,027,94,0.07762180016515277
2020,3,Retiro,1,Pacífico,031,204,0.00601397364464491
2020,3,Retiro,2,Adelfas,032,132,0.006997455470737914
2020,3,Retiro,3,Estrella,033,116,0.004950917626973965
2020,3,Retiro,4,Ibiza,034,182,0.008242753623188406
2020,3,Retiro,5,Los Jerónimos,035,65,0.009183385137044362
2020,3,Retiro,6,Niño Jesús,036,77,0.004967741935483871
2020,4,Salamanca,1,Recoletos,041,90,0.005657530802112145
2020,4,Salamanca,2,Goya,042,294,0.009782391694949091
2020,4,Salamanca,3,Fuente del Berro,043,194,0.009101571663148018
2020,4,Salamanca,4,Guindalera,044,512,0.012056988107853526
2020,4,Salamanca,5,Lista,045,169,0.007935389961027375
2020,4,Salamanca,6,Castellana,046,120,0.006910054128757342
2020,5,Chamartin,1,El Viso,051,165,0.009440979573153287
2020,5,Chamartin,2,Prosperidad,052,313,0.008443485298084705
2020,5,Chamartin,3,Ciudad Jardín,053,123,0.0064897377723843195
2020,5,Chamartin,4,Hispanoamérica,054,217,0.006748141928662499
2020,5,Chamartin,5,Nueva España,055,156,0.006220839813374806
2020,5,Chamartin,6,Castilla,056,113,0.006536703881529473
2020,6,Tetuan,1,Bellas Vistas,061,223,0.007428628535261001
2020,6,Tetuan,2,Cuatro Caminos,062,347,0.009816679868733733
2020,6,Tetuan,3,Castillejos,063,179,0.008554360812425329
2020,6,Tetuan,4,Almenara,064,314,0.013595427779702112
2020,6,Tetuan,5,Valdeacederas,065,342,0.012834947083990092
2020,6,Tetuan,6,Berruguete,066,224,0.008630986783801487
2020,7,Chamberi,1,Gaztambide,071,235,0.010017904339670902
2020,7,Chamberi,2,Arapiles,072,224,0.0090351726363343
2020,7,Chamberi,3,Trafalgar,073,189,0.007531680879891607
2020,7,Chamberi,4,Almagro,074,157,0.007888258051550018
2020,7,Chamberi,5,Ríos Rosas,075,204,0.007371007371007371
2020,7,Chamberi,6,Vallehermoso,076,144,0.007033310540197324
2020,8,Fuencarral-El Pardo,1,El Pardo,081,19,0.005450372920252439
2020,8,Fuencarral-El Pardo,2,Fuentelarreina,082,31,0.009351432880844645
2020,8,Fuencarral-El Pardo,3,Peñagrande,083,326,0.007233032326773314
2020,8,Fuencarral-El Pardo,4,Pilar,084,289,0.006151553852703278
2020,8,Fuencarral-El Pardo,5,La Paz,085,111,0.003292107838775692
2020,8,Fuencarral-El Pardo,6,Valverde,086,378,0.005829285218598196
2020,8,Fuencarral-El Pardo,7,Mirasierra,087,245,0.007189600023476245
2020,8,Fuencarral-El Pardo,8,El Goloso,088,170,0.008888888888888889
2020,9,Moncloa-Aravaca,1,Casa de Campo,091,88,0.006637501885653945
2020,9,Moncloa-Aravaca,2,Argüelles,092,189,0.0077026531360802055
2020,9,Moncloa-Aravaca,3,Ciudad Universitaria,093,73,0.004435532871551829
2020,9,Moncloa-Aravaca,4,Valdezarza,094,264,0.00865403527174982
2020,9,Moncloa-Aravaca,5,Valdemarín,095,67,0.009604357798165137
2020,9,Moncloa-Aravaca,6,El Plantío,096,62,0.022071911712353152
2020,9,Moncloa-Aravaca,7,Aravaca,097,195,0.007070340826686004
2020,10,Latina,1,Los Cármenes,101,114,0.0064034151547491995
2020,10,Latina,2,Puerta del Angel,102,320,0.007523746825919308
2020,10,Latina,3,Lucero,103,312,0.008452306775390784
2020,10,Latina,4,Aluche,104,524,0.007751479289940829
2020,10,Latina,5,Campamento,105,151,0.0075848904962829014
2020,10,Latina,6,Cuatro Vientos,106,29,0.0049144212845280465
2020,10,Latina,7,Águilas,107,277,0.005323135461306378
2020,11,Carabanchel,1,Comillas,111,132,0.00571948524632783
2020,11,Carabanchel,2,Opañel,112,171,0.005057675244010648
2020,11,Carabanchel,3,San Isidro,113,346,0.008614036398038191
2020,11,Carabanchel,4,Vista Alegre,114,362,0.0075803580776882
2020,11,Carabanchel,5,Puerta Bonita,115,144,0.003993233687363079
2020,11,Carabanchel,6,Buenavista,116,311,0.006454960564549606
2020,11,Carabanchel,7,Abrantes,117,92,0.002869350965287091
2020,12,Usera,1,Orcasitas,121,100,0.004304963623057385
2020,12,Usera,2,Orcasur,122,74,0.005218249770820111
2020,12,Usera,3,San Fermín,123,155,0.006444638476570621
2020,12,Usera,4,Almendrales,124,532,0.023906888958792075
2020,12,Usera,5,Moscardó,125,127,0.004662432541576416
2020,12,Usera,6,Zofío,126,51,0.0035245335176226677
2020,12,Usera,7,Pradolongo,127,112,0.006244076489937002
2020,13,Puente de Vallecas,1,Entrevías,131,230,0.006460492682789809
2020,13,Puente de Vallecas,2,San Diego,132,445,0.010098488630690327
2020,13,Puente de Vallecas,3,Palomeras Bajas,133,226,0.005506017638746772
2020,13,Puente de Vallecas,4,Palomeras Sureste,134,296,0.006837448892379479
2020,13,Puente de Vallecas,5,Portazgo,135,175,0.006019744762822056
2020,13,Puente de Vallecas,6,Numancia,136,414,0.008520973119828757
2020,14,Moratalaz,1,Pavones,141,42,0.004478089348544621
2020,14,Moratalaz,2,Horcajo,142,9,0.0013951325375910712
2020,14,Moratalaz,3,Marroquina,143,138,0.005053464186319028
2020,14,Moratalaz,4,Media Legua,144,105,0.00583560273439671
2020,14,Moratalaz,5,Fontarrón,145,127,0.00721878019666913
2020,14,Moratalaz,6,Vinateros,146,113,0.0065762672408776115
2020,15,Ciudad Lineal,1,Ventas,151,348,0.007095669195008564
2020,15,Ciudad Lineal,2,Pueblo Nuevo,152,496,0.007782589593924559
2020,15,Ciudad Lineal,3,Quintana,153,182,0.007211919480107782
2020,15,Ciudad Lineal,4,La Concepción,154,149,0.007024988213107025
2020,15,Ciudad Lineal,5,San Pascual,155,90,0.004954310249917428
2020,15,Ciudad Lineal,6,San Juan Bautista,156,57,0.004464285714285714
2020,15,Ciudad Lineal,7,Colina,157,47,0.007178860546815336
2020,15,Ciudad Lineal,8,Atalaya,158,14,0.008928571428571428
2020,15,Ciudad Lineal,9,Costillares,159,119,0.005331063524773766
2020,16,Hortaleza,1,Palomas,161,53,0.007729327694326965
2020,16,Hortaleza,2,Piovera,162,77,0.005137786081270434
2020,16,Hortaleza,3,Canillas,163,229,0.005593551538837323
2020,16,Hortaleza,4,Pinar del Rey,164,358,0.006711157768446311
2020,16,Hortaleza,5,Apóstol Santiago,165,88,0.005636328700441939
2020,16,Hortaleza,6,Valdefuentes,166,392,0.006314636425142563
2020,17,Villaverde,1,"Villaverde Alto, Casco Histórico de Villaverde",171,240,0.0051129100979974435
2020,17,Villaverde,2,San Cristóbal,172,133,0.007827212806026366
2020,17,Villaverde,3,Butarque,173,260,0.01294691763768549
2020,17,Villaverde,4,Los Rosales,174,181,0.004731778730523894
2020,17,Villaverde,5,Ángeles,175,212,0.006493506493506494
2020,18,Villa de Vallecas,1,Casco Histórico de Vallecas,181,271,0.006590787489663894
2020,18,Villa de Vallecas,2,Santa Eugenia,182,117,0.004728610111950855
2020,18,Villa de Vallecas,3,Ensanche de Vallecas,183,589,0.012030474478645397
2020,19,Vicalvaro,1,Casco Histórico de Vicálvaro,191,197,0.00550710052555071
2020,19,Vicalvaro,2,Valdebernardo,192,30,0.0016776646907504754
2020,19,Vicalvaro,3,Valderrivas,193,36,0.0019790006046946293
2020,19,Vicalvaro,4,El Cañaveral,194,685,0.28661087866108786
2020,20,San Blas-Canillejas,1,Simancas,201,257,0.00893571155384027
2020,20,San Blas-Canillejas,2,Hellín,202,101,0.010764147927102206
2020,20,San Blas-Canillejas,3,Amposta,203,85,0.009548416086272748
2020,20,San Blas-Canillejas,4,Arcos,204,260,0.010496144685317508
2020,20,San Blas-Canillejas,5,Rosas,205,98,0.0030760538623308955
2020,20,San Blas-Canillejas,6,Rejas,206,124,0.007151095732410611
2020,20,San Blas-Canillejas,7,Canillejas,207,173,0.005936041723853967
2020,20,San Blas-Canillejas,8,El Salvador,208,61,0.00530019984360066
2020,21,Barajas,1,Alameda de Osuna,211,155,0.0077948202162434
2020,21,Barajas,2,Aeropuerto,212,12,0.006276150627615063
2020,21,Barajas,3,Casco Histórico de Barajas,213,41,0.0053198391073050475
2020,21,Barajas,4,Timón,214,328,0.025452005897416
2020,21,Barajas,5,Corralejos,215,62,0.007982490021887473
2021,1,Centro,1,Palacio,011,176,0.007417084580049728
2021,1,Centro,2,Embajadores,012,733,0.015422487796667227
2021,1,Centro,3,Cortes,013,197,0.018163378203946156
2021,1,Centro,4,Justicia,014,304,0.016608391608391608
2021,1,Centro,5,Universidad,015,525,0.01563430613460393
2021,1,Centro,6,Sol,016,112,0.01391996022868506
2021,2,Arganzuela,1,Imperial,021,196,0.008633600563826976
2021,2,Arganzuela,2,Acacias,022,77,0.0021070490367775833
2021,2,Arganzuela,3,Chopera,023,98,0.004854609402090454
2021,2,Arganzuela,4,Legazpi,024,134,0.00681586978636826
2021,2,Arganzuela,5,Delicias,025,290,0.01016901606003226
2021,2,Arganzuela,6,Palos de la Frontera,026,298,0.011492036558559253
2021,2,Arganzuela,7,Atocha,027,204,0.1406896551724138
2021,3,Retiro,1,Pacífico,031,353,0.01062420995605851
2021,3,Retiro,2,Adelfas,032,219,0.01169934291361718
2021,3,Retiro,3,Estrella,033,174,0.007521397077894009
2021,3,Retiro,4,Ibiza,034,321,0.014802859119206825
2021,3,Retiro,5,Los Jerónimos,035,94,0.013492177407779532
2021,3,Retiro,6,Niño Jesús,036,111,0.007226092051298744
2021,4,Salamanca,1,Recoletos,041,197,0.012546172462106738
2021,4,Salamanca,2,Goya,042,434,0.014660676282809175
2021,4,Salamanca,3,Fuente del Berro,043,287,0.01363096651626692
2021,4,Salamanca,4,Guindalera,044,560,0.013293452974410104
2021,4,Salamanca,5,Lista,045,279,0.013295844452916507
2021,4,Salamanca,6,Castellana,046,182,0.01058324126301099
2021,5,Chamartin,1,El Viso,051,211,0.01212295317437518
2021,5,Chamartin,2,Prosperidad,052,563,0.015425080139181896
2021,5,Chamartin,3,Ciudad Jardín,053,212,0.011342964151952916
2021,5,Chamartin,4,Hispanoamérica,054,289,0.009096345724088005
2021,5,Chamartin,5,Nueva España,055,193,0.007785083296357549
2021,5,Chamartin,6,Castilla,056,152,0.008847497089639115
2021,6,Tetuan,1,Bellas Vistas,061,351,0.011870941558441558
2021,6,Tetuan,2,Cuatro Caminos,062,462,0.013205282112845138
2021,6,Tetuan,3,Castillejos,063,299,0.014477315644216336
2021,6,Tetuan,4,Almenara,064,238,0.010407101316192225
2021,6,Tetuan,5,Valdeacederas,065,388,0.014508469506038964
2021,6,Tetuan,6,Berruguete,066,347,0.013451697937664753
2021,7,Chamberi,1,Gaztambide,071,294,0.012745480556639354
2021,7,Chamberi,2,Arapiles,072,325,0.013332239405997457
2021,7,Chamberi,3,Trafalgar,073,425,0.017170329670329672
2021,7,Chamberi,4,Almagro,074,280,0.014245738997710507
2021,7,Chamberi,5,Ríos Rosas,075,381,0.013929511553085697
2021,7,Chamberi,6,Vallehermoso,076,199,0.009857340994650287
2021,8,Fuencarral-El Pardo,1,El Pardo,081,33,0.009529309846953509
2021,8,Fuencarral-El Pardo,2,Fuentelarreina,082,37,0.010969463385710051
2021,8,Fuencarral-El Pardo,3,Peñagrande,083,415,0.009319141291655439
2021,8,Fuencarral-El Pardo,4,Pilar,084,464,0.01004720453856481
2021,8,Fuencarral-El Pardo,5,La Paz,085,202,0.0060944335495549855
2021,8,Fuencarral-El Pardo,6,Valverde,086,709,0.01102026858990301
2021,8,Fuencarral-El Pardo,7,Mirasierra,087,405,0.011694049028383334
2021,8,Fuencarral-El Pardo,8,El Goloso,088,157,0.00825446898002103
2021,9,Moncloa-Aravaca,1,Casa de Campo,091,126,0.009581749049429657
2021,9,Moncloa-Aravaca,2,Argüelles,092,379,0.015587086160806087
2021,9,Moncloa-Aravaca,3,Ciudad Universitaria,093,143,0.008808673155106566
2021,9,Moncloa-Aravaca,4,Valdezarza,094,311,0.01029017635575555
2021,9,Moncloa-Aravaca,5,Valdemarín,095,74,0.010743321718931475
2021,9,Moncloa-Aravaca,6,El Plantío,096,42,0.014428031604259704
2021,9,Moncloa-Aravaca,7,Aravaca,097,201,0.007270228234528158
2021,10,Latina,1,Los Cármenes,101,135,0.0076465590484282074
2021,10,Latina,2,Puerta del Angel,102,486,0.011510586897825779
2021,10,Latina,3,Lucero,103,389,0.01058906794425087
2021,10,Latina,4,Aluche,104,592,0.00879277566539924
2021,10,Latina,5,Campamento,105,164,0.008337993797346078
2021,10,Latina,6,Cuatro Vientos,106,35,0.005923168048739211
2021,10,Latina,7,Águilas,107,386,0.007476997578692494
2021,11,Carabanchel,1,Comillas,111,157,0.006879929886064855
2021,11,Carabanchel,2,Opañel,112,191,0.005645208961399775
2021,11,Carabanchel,3,San Isidro,113,377,0.009451227155356113
2021,11,Carabanchel,4,Vista Alegre,114,422,0.008929138190050994
2021,11,Carabanchel,5,Puerta Bonita,115,139,0.0038509488848871036
2021,11,Carabanchel,6,Buenavista,116,445,0.009233514545379093
2021,11,Carabanchel,7,Abrantes,117,105,0.003316068721576554
2021,12,Usera,1,Orcasitas,121,95,0.004095886867293266
2021,12,Usera,2,Orcasur,122,75,0.005277230509428652
2021,12,Usera,3,San Fermín,123,165,0.006899435500731758
2021,12,Usera,4,Almendrales,124,141,0.00623259514653229
2021,12,Usera,5,Moscardó,125,160,0.005979520143508483
2021,12,Usera,6,Zofío,126,46,0.003194888178913738
2021,12,Usera,7,Pradolongo,127,97,0.005392783677100128
2021,13,Puente de Vallecas,1,Entrevías,131,382,0.010795229751879274
2021,13,Puente de Vallecas,2,San Diego,132,615,0.014036288942143102
2021,13,Puente de Vallecas,3,Palomeras Bajas,133,261,0.0064260389994091
2021,13,Puente de Vallecas,4,Palomeras Sureste,134,443,0.01028701467583132
2021,13,Puente de Vallecas,5,Portazgo,135,180,0.0062393843807411
2021,13,Puente de Vallecas,6,Numancia,136,623,0.01288867741067919
2021,14,Moratalaz,1,Pavones,141,69,0.00766922307435812
2021,14,Moratalaz,2,Horcajo,142,24,0.00375234521575985
2021,14,Moratalaz,3,Marroquina,143,204,0.007615918763533189
2021,14,Moratalaz,4,Media Legua,144,160,0.009027307605506657
2021,14,Moratalaz,5,Fontarrón,145,187,0.010764448537877044
2021,14,Moratalaz,6,Vinateros,146,182,0.010751417769376182
2021,15,Ciudad Lineal,1,Ventas,151,538,0.01106290226398799
2021,15,Ciudad Lineal,2,Pueblo Nuevo,152,650,0.010311240838859101
2021,15,Ciudad Lineal,3,Quintana,153,352,0.014218200912873126
2021,15,Ciudad Lineal,4,La Concepción,154,306,0.01468964524026691
2021,15,Ciudad Lineal,5,San Pascual,155,164,0.009162523045980222
2021,15,Ciudad Lineal,6,San Juan Bautista,156,94,0.0074936224489795915
2021,15,Ciudad Lineal,7,Colina,157,76,0.011895445296603538
2021,15,Ciudad Lineal,8,Atalaya,158,14,0.008855154965211892
2021,15,Ciudad Lineal,9,Costillares,159,145,0.006547457780186038
2021,16,Hortaleza,1,Palomas,161,76,0.011000144738746562
2021,16,Hortaleza,2,Piovera,162,103,0.006926698049764627
2021,16,Hortaleza,3,Canillas,163,297,0.0073458484825999855
2021,16,Hortaleza,4,Pinar del Rey,164,496,0.009406588404862599
2021,16,Hortaleza,5,Apóstol Santiago,165,110,0.00707941820054061
2021,16,Hortaleza,6,Valdefuentes,166,1202,0.01894912742578784
2021,17,Villaverde,1,"Villaverde Alto, Casco Histórico de Villaverde",171,286,0.006106413869672901
2021,17,Villaverde,2,San Cristóbal,172,119,0.006975789905621666
2021,17,Villaverde,3,Butarque,173,71,0.0034190503707984205
2021,17,Villaverde,4,Los Rosales,174,172,0.004530965991412239
2021,17,Villaverde,5,Ángeles,175,259,0.007889606433532351
2021,18,Villa de Vallecas,1,Casco Histórico de Vallecas,181,383,0.009483954041204437
2021,18,Villa de Vallecas,2,Santa Eugenia,182,178,0.0072965771674523465
2021,18,Villa de Vallecas,3,Ensanche de Vallecas,183,479,0.009504722597031511
2021,19,Vicalvaro,1,Casco Histórico de Vicálvaro,191,341,0.009558514365802382
2021,19,Vicalvaro,2,Valdebernardo,192,57,0.003233492171545269
2021,19,Vicalvaro,3,Valderrivas,193,98,0.005442025766326077
2021,19,Vicalvaro,4,El Cañaveral,194,1682,0.3804569102013119
2021,20,San Blas-Canillejas,1,Simancas,201,324,0.011322337154039698
2021,20,San Blas-Canillejas,2,Hellín,202,161,0.017093109671939697
2021,20,San Blas-Canillejas,3,Amposta,203,123,0.013779968630965719
2021,20,San Blas-Canillejas,4,Arcos,204,438,0.017729204614450517
2021,20,San Blas-Canillejas,5,Rosas,205,150,0.004745183638606814
2021,20,San Blas-Canillejas,6,Rejas,206,255,0.014825581395348838
2021,20,San Blas-Canillejas,7,Canillejas,207,289,0.009943230689833132
2021,20,San Blas-Canillejas,8,El Salvador,208,71,0.00622315715663073
2021,21,Barajas,1,Alameda de Osuna,211,182,0.009214723305149107
2021,21,Barajas,2,Aeropuerto,212,10,0.005197505197505198
2021,21,Barajas,3,Casco Histórico de Barajas,213,75,0.009946949602122016
2021,21,Barajas,4,Timón,214,120,0.008978003890468352
2021,21,Barajas,5,Corralejos,215,89,0.011573472041612484
2022,1,Centro,1,Palacio,011,243,0.010346148933452547
2022,1,Centro,2,Embajadores,012,961,0.020597565157750342
2022,1,Centro,3,Cortes,013,231,0.02126092959042798
2022,1,Centro,4,Justicia,014,409,0.022634200332042057
2022,1,Centro,5,Universidad,015,622,0.01887364971477121
2022,1,Centro,6,Sol,016,127,0.015588560206210874
2022,2,Arganzuela,1,Imperial,021,204,0.009065457938941474
2022,2,Arganzuela,2,Acacias,022,294,0.008136606426258545
2022,2,Arganzuela,3,Chopera,023,185,0.00934201888602737
2022,2,Arganzuela,4,Legazpi,024,156,0.008002872826142718
2022,2,Arganzuela,5,Delicias,025,582,0.02055810667608619
2022,2,Arganzuela,6,Palos de la Frontera,026,382,0.01518162308242588
2022,2,Arganzuela,7,Atocha,027,8,0.0049382716049382715
2022,3,Retiro,1,Pacífico,031,440,0.013406867972820622
2022,3,Retiro,2,Adelfas,032,241,0.012857447716602646
2022,3,Retiro,3,Estrella,033,207,0.009066619946563883
2022,3,Retiro,4,Ibiza,034,360,0.016781652060413946
2022,3,Retiro,5,Los Jerónimos,035,130,0.018656716417910446
2022,3,Retiro,6,Niño Jesús,036,160,0.01055548225359546
2022,4,Salamanca,1,Recoletos,041,288,0.018333439429626328
2022,4,Salamanca,2,Goya,042,535,0.01809633337843323
2022,4,Salamanca,3,Fuente del Berro,043,330,0.01578267731598833
2022,4,Salamanca,4,Guindalera,044,614,0.014666539270017199
2022,4,Salamanca,5,Lista,045,305,0.014631806188534421
2022,4,Salamanca,6,Castellana,046,225,0.013196480938416423
2022,5,Chamartin,1,El Viso,051,220,0.012796649604467194
2022,5,Chamartin,2,Prosperidad,052,502,0.013911597616738257
2022,5,Chamartin,3,Ciudad Jardín,053,282,0.015296989422294549
2022,5,Chamartin,4,Hispanoamérica,054,339,0.010757465173103165
2022,5,Chamartin,5,Nueva España,055,480,0.019683424915935374
2022,5,Chamartin,6,Castilla,056,200,0.011735711770918906
2022,6,Tetuan,1,Bellas Vistas,061,423,0.014558595766649458
2022,6,Tetuan,2,Cuatro Caminos,062,460,0.013312881660058461
2022,6,Tetuan,3,Castillejos,063,366,0.01799410029498525
2022,6,Tetuan,4,Almenara,064,318,0.01403973509933775
2022,6,Tetuan,5,Valdeacederas,065,404,0.015414552253042849
2022,6,Tetuan,6,Berruguete,066,380,0.015173900890468394
2022,7,Chamberi,1,Gaztambide,071,362,0.01590929067416718
2022,7,Chamberi,2,Arapiles,072,334,0.013887733887733887
2022,7,Chamberi,3,Trafalgar,073,441,0.017941415785191213
2022,7,Chamberi,4,Almagro,074,297,0.015295087032650118
2022,7,Chamberi,5,Ríos Rosas,075,400,0.014830744132586853
2022,7,Chamberi,6,Vallehermoso,076,234,0.011726972035682069
2022,8,Fuencarral-El Pardo,1,El Pardo,081,31,0.009085580304806565
2022,8,Fuencarral-El Pardo,2,Fuentelarreina,082,94,0.028051327961802448
2022,8,Fuencarral-El Pardo,3,Peñagrande,083,562,0.012766634106449194
2022,8,Fuencarral-El Pardo,4,Pilar,084,480,0.010550609957138147
2022,8,Fuencarral-El Pardo,5,La Paz,085,229,0.007062887456435247
2022,8,Fuencarral-El Pardo,6,Valverde,086,661,0.010364400401404917
2022,8,Fuencarral-El Pardo,7,Mirasierra,087,312,0.00885081274290091
2022,8,Fuencarral-El Pardo,8,El Goloso,088,167,0.008740252263568326
2022,9,Moncloa-Aravaca,1,Casa de Campo,091,130,0.010114370185948806
2022,9,Moncloa-Aravaca,2,Argüelles,092,359,0.014794972182155367
2022,9,Moncloa-Aravaca,3,Ciudad Universitaria,093,159,0.009782809327508768
2022,9,Moncloa-Aravaca,4,Valdezarza,094,351,0.011748953974895398
2022,9,Moncloa-Aravaca,5,Valdemarín,095,45,0.006376647300552643
2022,9,Moncloa-Aravaca,6,El Plantío,096,21,0.0069767441860465115
2022,9,Moncloa-Aravaca,7,Aravaca,097,121,0.0044170256260495
2022,10,Latina,1,Los Cármenes,101,163,0.009266101983969075
2022,10,Latina,2,Puerta del Angel,102,642,0.015448289138072092
2022,10,Latina,3,Lucero,103,405,0.011196505584429946
2022,10,Latina,4,Aluche,104,695,0.010526794098936717
2022,10,Latina,5,Campamento,105,239,0.0123246699669967
2022,10,Latina,6,Cuatro Vientos,106,41,0.0068619246861924684
2022,10,Latina,7,Águilas,107,463,0.009104674257172634
2022,11,Carabanchel,1,Comillas,111,203,0.009109266322638546
2022,11,Carabanchel,2,Opañel,112,356,0.010658044428477337
2022,11,Carabanchel,3,San Isidro,113,564,0.01426836672738312
2022,11,Carabanchel,4,Vista Alegre,114,549,0.011774546390425942
2022,11,Carabanchel,5,Puerta Bonita,115,388,0.010935122033707232
2022,11,Carabanchel,6,Buenavista,116,563,0.011744336434561308
2022,11,Carabanchel,7,Abrantes,117,243,0.007834160809852345
2022,12,Usera,1,Orcasitas,121,89,0.003857322411476618
2022,12,Usera,2,Orcasur,122,20,0.0013992863639543834
2022,12,Usera,3,San Fermín,123,209,0.008882277943051424
2022,12,Usera,4,Almendrales,124,84,0.0037242296608290845
2022,12,Usera,5,Moscardó,125,202,0.00770551211138661
2022,12,Usera,6,Zofío,126,118,0.008400370185804798
2022,12,Usera,7,Pradolongo,127,15,8.570938803496943e-4
2022,13,Puente de Vallecas,1,Entrevías,131,448,0.012874673104003219
2022,13,Puente de Vallecas,2,San Diego,132,850,0.019743107332822335
2022,13,Puente de Vallecas,3,Palomeras Bajas,133,409,0.010220145430920313
2022,13,Puente de Vallecas,4,Palomeras Sureste,134,620,0.014541360789924244
2022,13,Puente de Vallecas,5,Portazgo,135,298,0.010507386904552026
2022,13,Puente de Vallecas,6,Numancia,136,711,0.01498135232516488
2022,14,Moratalaz,1,Pavones,141,74,0.008444596599338126
2022,14,Moratalaz,2,Horcajo,142,23,0.003614079195474544
2022,14,Moratalaz,3,Marroquina,143,212,0.00803730522803958
2022,14,Moratalaz,4,Media Legua,144,198,0.011373427537480614
2022,14,Moratalaz,5,Fontarrón,145,257,0.01503187693747441
2022,14,Moratalaz,6,Vinateros,146,190,0.01141209682263199
2022,15,Ciudad Lineal,1,Ventas,151,730,0.015216258467952059
2022,15,Ciudad Lineal,2,Pueblo Nuevo,152,866,0.01393313382887666
2022,15,Ciudad Lineal,3,Quintana,153,404,0.016641265395230052
2022,15,Ciudad Lineal,4,La Concepción,154,303,0.014771840873634945
2022,15,Ciudad Lineal,5,San Pascual,155,220,0.012504262816869387
2022,15,Ciudad Lineal,6,San Juan Bautista,156,137,0.011129163281884647
2022,15,Ciudad Lineal,7,Colina,157,76,0.011944051548011944
2022,15,Ciudad Lineal,8,Atalaya,158,22,0.0136986301369863
2022,15,Ciudad Lineal,9,Costillares,159,214,0.009808864646835037
2022,16,Hortaleza,1,Palomas,161,83,0.011956208585422068
2022,16,Hortaleza,2,Piovera,162,105,0.007017309363095636
2022,16,Hortaleza,3,Canillas,163,323,0.008113131719079675
2022,16,Hortaleza,4,Pinar del Rey,164,559,0.010743595164421211
2022,16,Hortaleza,5,Apóstol Santiago,165,146,0.009459021703919664
2022,16,Hortaleza,6,Valdefuentes,166,1363,0.021102664540401616
2022,17,Villaverde,1,"Villaverde Alto, Casco Histórico de Villaverde",171,30,6.475006475006475e-4
2022,17,Villaverde,2,San Cristóbal,172,159,0.009535232383808096
2022,17,Villaverde,3,Butarque,173,119,0.0057098987572573295
2022,17,Villaverde,4,Los Rosales,174,223,0.005956037498998424
2022,17,Villaverde,5,Ángeles,175,19,5.754959866727245e-4
2022,18,Villa de Vallecas,1,Casco Histórico de Vallecas,181,516,0.013010918076603041
2022,18,Villa de Vallecas,2,Santa Eugenia,182,192,0.007937164117403885
2022,18,Villa de Vallecas,3,Ensanche de Vallecas,183,622,0.012136585365853658
2022,19,Vicalvaro,1,Casco Histórico de Vicálvaro,191,414,0.011768050028425242
2022,19,Vicalvaro,2,Valdebernardo,192,68,0.003897071465413491
2022,19,Vicalvaro,3,Valderrivas,193,96,0.005361930294906166
2022,19,Vicalvaro,4,El Cañaveral,194,1188,0.13348314606741574
2022,20,San Blas-Canillejas,1,Simancas,201,383,0.013568088422842567
2022,20,San Blas-Canillejas,2,Hellín,202,188,0.020145735105015
2022,20,San Blas-Canillejas,3,Amposta,203,170,0.019397535371976266
2022,20,San Blas-Canillejas,4,Arcos,204,328,0.01310846455119495
2022,20,San Blas-Canillejas,5,Rosas,205,148,0.004779898588638052
2022,20,San Blas-Canillejas,6,Rejas,206,238,0.013993414863593604
2022,20,San Blas-Canillejas,7,Canillejas,207,315,0.010994380649890056
2022,20,San Blas-Canillejas,8,El Salvador,208,91,0.008042421564295183
2022,21,Barajas,1,Alameda de Osuna,211,322,0.01635015740834772
2022,21,Barajas,2,Aeropuerto,212,18,0.00946372239747634
2022,21,Barajas,3,Casco Histórico de Barajas,213,120,0.01623157040443663
2022,21,Barajas,4,Timón,214,118,0.008673281881661154
2022,21,Barajas,5,Corralejos,215,94,0.012332721070585148
2023,1,Centro,1,Palacio,011,258,0.010912782336519752
2023,1,Centro,2,Embajadores,012,750,0.016136666810103704
2023,1,Centro,3,Cortes,013,180,0.016570008285004142
2023,1,Centro,4,Justicia,014,323,0.01762907979478223
2023,1,Centro,5,Universidad,015,613,0.018607898491333517
2023,1,Centro,6,Sol,016,123,0.016567887931034482
2023,2,Arganzuela,1,Imperial,021,153,0.006812717071867486
2023,2,Arganzuela,2,Acacias,022,217,0.0059933162095727344
2023,2,Arganzuela,3,Chopera,023,191,0.009615384615384616
2023,2,Arganzuela,4,Legazpi,024,173,0.00886497565974891
2023,2,Arganzuela,5,Delicias,025,246,0.008571428571428572
2023,2,Arganzuela,6,Palos de la Frontera,026,332,0.013171989684586391
2023,2,Arganzuela,7,Atocha,027,5,0.002564102564102564
2023,3,Retiro,1,Pacífico,031,329,0.009927280407953895
2023,3,Retiro,2,Adelfas,032,117,0.006190803746229959
2023,3,Retiro,3,Estrella,033,147,0.006470355209296184
2023,3,Retiro,4,Ibiza,034,257,0.011914143989615688
2023,3,Retiro,5,Los Jerónimos,035,82,0.013303049967553536
2023,3,Retiro,6,Niño Jesús,036,124,0.008554674025526043
2023,4,Salamanca,1,Recoletos,041,243,0.01566832161970469
2023,4,Salamanca,2,Goya,042,478,0.01613665518871109
2023,4,Salamanca,3,Fuente del Berro,043,255,0.012142278939098139
2023,4,Salamanca,4,Guindalera,044,555,0.013168197024699266
2023,4,Salamanca,5,Lista,045,247,0.011735081717977955
2023,4,Salamanca,6,Castellana,046,189,0.011119609342825205
2023,5,Chamartin,1,El Viso,051,184,0.010616813801857942
2023,5,Chamartin,2,Prosperidad,052,383,0.010591814159292036
2023,5,Chamartin,3,Ciudad Jardín,053,267,0.014375706670973995
2023,5,Chamartin,4,Hispanoamérica,054,311,0.00985018845215849
2023,5,Chamartin,5,Nueva España,055,186,0.007579153253738641
2023,5,Chamartin,6,Castilla,056,149,0.008707848752264625
2023,6,Tetuan,1,Bellas Vistas,061,230,0.007789480814170082
2023,6,Tetuan,2,Cuatro Caminos,062,416,0.01192592167880282
2023,6,Tetuan,3,Castillejos,063,289,0.013986352417364371
2023,6,Tetuan,4,Almenara,064,303,0.01306935817805383
2023,6,Tetuan,5,Valdeacederas,065,693,0.025963808025177025
2023,6,Tetuan,6,Berruguete,066,269,0.010427164896503605
2023,7,Chamberi,1,Gaztambide,071,260,0.011279826464208243
2023,7,Chamberi,2,Arapiles,072,312,0.012850082372322899
2023,7,Chamberi,3,Trafalgar,073,376,0.01520359063523513
2023,7,Chamberi,4,Almagro,074,310,0.015909674108288425
2023,7,Chamberi,5,Ríos Rosas,075,380,0.013930640076251924
2023,7,Chamberi,6,Vallehermoso,076,208,0.010423452768729642
2023,8,Fuencarral-El Pardo,1,El Pardo,081,24,0.006972690296339338
2023,8,Fuencarral-El Pardo,2,Fuentelarreina,082,30,0.008787346221441126
2023,8,Fuencarral-El Pardo,3,Peñagrande,083,336,0.007558544980091332
2023,8,Fuencarral-El Pardo,4,Pilar,084,396,0.008795699880058638
2023,8,Fuencarral-El Pardo,5,La Paz,085,156,0.004828525442614832
2023,8,Fuencarral-El Pardo,6,Valverde,086,561,0.00863395715341049
2023,8,Fuencarral-El Pardo,7,Mirasierra,087,353,0.009873297345677285
2023,8,Fuencarral-El Pardo,8,El Goloso,088,177,0.009286463798530955
2023,9,Moncloa-Aravaca,1,Casa de Campo,091,95,0.007417239225484072
2023,9,Moncloa-Aravaca,2,Argüelles,092,333,0.013528885999837491
2023,9,Moncloa-Aravaca,3,Ciudad Universitaria,093,109,0.006640268047517515
2023,9,Moncloa-Aravaca,4,Valdezarza,094,241,0.007879164350868016
2023,9,Moncloa-Aravaca,5,Valdemarín,095,61,0.0084851857003755745
2023,9,Moncloa-Aravaca,6,El Plantío,096,35,0.01144538914323087
2023,9,Moncloa-Aravaca,7,Aravaca,097,200,0.007254525009974972
2023,10,Latina,1,Los Cármenes,101,142,0.008275058275058275
2023,10,Latina,2,Puerta del Angel,102,532,0.012243676785344411
2023,10,Latina,3,Lucero,103,396,0.010726474890297415
2023,10,Latina,4,Aluche,104,519,0.00776562476620831
2023,10,Latina,5,Campamento,105,147,0.007413010590015128
2023,10,Latina,6,Cuatro Vientos,106,30,0.004900359359686377
2023,10,Latina,7,Águilas,107,379,0.007356937650438699
2023,11,Carabanchel,1,Comillas,111,294,0.01289021396001403
2023,11,Carabanchel,2,Opañel,112,351,0.010305948675788362
2023,11,Carabanchel,3,San Isidro,113,427,0.010533066923209749
2023,11,Carabanchel,4,Vista Alegre,114,505,0.010524560781943606
2023,11,Carabanchel,5,Puerta Bonita,115,400,0.010830715910321672
2023,11,Carabanchel,6,Buenavista,116,519,0.010530373736963843
2023,11,Carabanchel,7,Abrantes,117,317,0.009967613118259284
2023,12,Usera,1,Orcasitas,121,122,0.005264974969791127
2023,12,Usera,2,Orcasur,122,12,8.306222745206618e-4
2023,12,Usera,3,San Fermín,123,187,0.007893959221579636
2023,12,Usera,4,Almendrales,124,135,0.005879790940766551
2023,12,Usera,5,Moscardó,125,176,0.006590772917914919
2023,12,Usera,6,Zofío,126,133,0.009209250796288603
2023,12,Usera,7,Pradolongo,127,7,3.901242824499805e-4
2023,13,Puente de Vallecas,1,Entrevías,131,403,0.011333595815287699
2023,13,Puente de Vallecas,2,San Diego,132,699,0.015434211397911193
2023,13,Puente de Vallecas,3,Palomeras Bajas,133,315,0.0077504121250891915
2023,13,Puente de Vallecas,4,Palomeras Sureste,134,424,0.009791469413204627
2023,13,Puente de Vallecas,5,Portazgo,135,308,0.010683315990287894
2023,13,Puente de Vallecas,6,Numancia,136,0,0
2023,14,Moratalaz,1,Pavones,141,58,0.006967803940413263
2023,14,Moratalaz,2,Horcajo,142,20,0.0031456432840515887
2023,14,Moratalaz,3,Marroquina,143,183,0.006981268836073704
2023,14,Moratalaz,4,Media Legua,144,122,0.0070110913165910005
2023,14,Moratalaz,5,Fontarrón,145,158,0.009097190234914785
2023,14,Moratalaz,6,Vinateros,146,160,0.00944733112895607
2023,15,Ciudad Lineal,1,Ventas,151,599,0.011882091565500278
2023,15,Ciudad Lineal,2,Pueblo Nuevo,152,774,0.012264494763029045
2023,15,Ciudad Lineal,3,Quintana,153,346,0.013524606183793926
2023,15,Ciudad Lineal,4,La Concepción,154,254,0.0120854546319646
2023,15,Ciudad Lineal,5,San Pascual,155,171,0.009298026208471534
2023,15,Ciudad Lineal,6,San Juan Bautista,156,131,0.010495953849851775
2023,15,Ciudad Lineal,7,Colina,157,105,0.01592115238817286
2023,15,Ciudad Lineal,8,Atalaya,158,0,0
2023,15,Ciudad Lineal,9,Costillares,159,954,0.043391248976621485
2023,16,Hortaleza,1,Palomas,161,50,0.007202535292422933
2023,16,Hortaleza,2,Piovera,162,186,0.012326043737574552
2023,16,Hortaleza,3,Canillas,163,321,0.008041485044340898
2023,16,Hortaleza,4,Pinar del Rey,164,448,0.008574162679425837
2023,16,Hortaleza,5,Apóstol Santiago,165,138,0.008903800245177108
2023,16,Hortaleza,6,Valdefuentes,166,674,0.009741573683297682
2023,17,Villaverde,1,"Villaverde Alto, Casco Histórico de Villaverde",171,11,2.2872827081427266e-4
2023,17,Villaverde,2,San Cristóbal,172,316,0.018195428110784822
2023,17,Villaverde,3,Butarque,173,165,0.007723995880535531
2023,17,Villaverde,4,Los Rosales,174,336,0.008855621738442886
2023,17,Villaverde,5,Ángeles,175,9,2.5787965616045846e-4
2023,18,Villa de Vallecas,1,Casco Histórico de Vallecas,181,419,0.010319180376317605
2023,18,Villa de Vallecas,2,Santa Eugenia,182,139,0.0058027886783000755
2023,18,Villa de Vallecas,3,Ensanche de Vallecas,183,730,0.013696317004071371
2023,19,Vicalvaro,1,Casco Histórico de Vicálvaro,191,440,0.01143302585422892
2023,19,Vicalvaro,2,Valdebernardo,192,37,0.002108983128134975
2023,19,Vicalvaro,3,Valderrivas,193,85,0.004773135669362084
2023,19,Vicalvaro,4,El Cañaveral,194,1085,0.1085
2023,20,San Blas-Canillejas,1,Simancas,201,358,0.012747471870103973
2023,20,San Blas-Canillejas,2,Hellín,202,175,0.018219677251431546
2023,20,San Blas-Canillejas,3,Amposta,203,146,0.015911072362685266
2023,20,San Blas-Canillejas,4,Arcos,204,237,0.009322267238327499
2023,20,San Blas-Canillejas,5,Rosas,205,124,0.004021273835776365
2023,20,San Blas-Canillejas,6,Rejas,206,694,0.03975027206598316
2023,20,San Blas-Canillejas,7,Canillejas,207,320,0.010963409620391941
2023,20,San Blas-Canillejas,8,El Salvador,208,76,0.006759160441124155
2023,21,Barajas,1,Alameda de Osuna,211,141,0.007139602005164818
2023,21,Barajas,2,Aeropuerto,212,13,0.006809848088004191
2023,21,Barajas,3,Casco Histórico de Barajas,213,94,0.012683848333558224
2023,21,Barajas,4,Timón,214,104,0.008604285596094979
2023,21,Barajas,5,Corralejos,215,60,0.007848266841072597
