anio,distrito_num,distrito_nombre,barrio_num,barrio_nombre,codigo_barrio,zonas_verdes_significativas_ha_distrito,zonas_verdes_significativas_m2_per_capita_distrito
2017,1,Centro,1,Palacio,011,11.8,0.8911175217870683
2017,1,Centro,2,Embajadores,012,11.8,0.8911175217870683
2017,1,Centro,3,Cortes,013,11.8,0.8911175217870683
2017,1,Centro,4,Justicia,014,11.8,0.8911175217870683
2017,1,Centro,5,Universidad,015,11.8,0.8911175217870683
2017,1,Centro,6,Sol,016,11.8,0.8911175217870683
2017,2,Arganzuela,1,Imperial,021,44.84,2.9435899455790353
2017,2,Arganzuela,2,Acacias,022,44.84,2.9435899455790353
2017,2,Arganzuela,3,Chopera,023,44.84,2.9435899455790353
2017,2,Arganzuela,4,Legazpi,024,44.84,2.9435899455790353
2017,2,Arganzuela,5,Delicias,025,44.84,2.9435899455790353
2017,2,Arganzuela,6,Palos de la Frontera,026,44.84,2.9435899455790353
2017,2,Arganzuela,7,Atocha,027,44.84,2.9435899455790353
2017,3,Retiro,1,Pacífico,031,13.920000000000002,1.1717073088610368
2017,3,Retiro,2,Adelfas,032,13.920000000000002,1.1717073088610368
2017,3,Retiro,3,Estrella,033,13.920000000000002,1.1717073088610368
2017,3,Retiro,4,Ibiza,034,13.920000000000002,1.1717073088610368
2017,3,Retiro,5,Los Jerónimos,035,13.920000000000002,1.1717073088610368
2017,3,Retiro,6,Niño Jesús,036,13.920000000000002,1.1717073088610368
2017,4,Salamanca,1,Recoletos,041,12.65,0.8769618989518052
2017,4,Salamanca,2,Goya,042,12.65,0.8769618989518052
2017,4,Salamanca,3,Fuente del Berro,043,12.65,0.8769618989518052
2017,4,Salamanca,4,Guindalera,044,12.65,0.8769618989518052
2017,4,Salamanca,5,Lista,045,12.65,0.8769618989518052
2017,4,Salamanca,6,Castellana,046,12.65,0.8769618989518052
2017,5,Chamartin,1,El Viso,051,12.19,0.8477169362578061
2017,5,Chamartin,2,Prosperidad,052,12.19,0.8477169362578061
2017,5,Chamartin,3,Ciudad Jardín,053,12.19,0.8477169362578061
2017,5,Chamartin,4,Hispanoamérica,054,12.19,0.8477169362578061
2017,5,Chamartin,5,Nueva España,055,12.19,0.8477169362578061
2017,5,Chamartin,6,Castilla,056,12.19,0.8477169362578061
2017,6,Tetuan,1,Bellas Vistas,061,37.65,2.441539239718299
2017,6,Tetuan,2,Cuatro Caminos,062,37.65,2.441539239718299
2017,6,Tetuan,3,Castillejos,063,37.65,2.441539239718299
2017,6,Tetuan,4,Almenara,064,37.65,2.441539239718299
2017,6,Tetuan,5,Valdeacederas,065,37.65,2.441539239718299
2017,6,Tetuan,6,Berruguete,066,37.65,2.441539239718299
2017,7,Chamberi,1,Gaztambide,071,4.85,0.35161744022503516
2017,7,Chamberi,2,Arapiles,072,4.85,0.35161744022503516
2017,7,Chamberi,3,Trafalgar,073,4.85,0.35161744022503516
2017,7,Chamberi,4,Almagro,074,4.85,0.35161744022503516
2017,7,Chamberi,5,Ríos Rosas,075,4.85,0.35161744022503516
2017,7,Chamberi,6,Vallehermoso,076,4.85,0.35161744022503516
2017,8,Fuencarral-El Pardo,1,El Pardo,081,39.94,1.6698860263067674
2017,8,Fuencarral-El Pardo,2,Fuentelarreina,082,39.94,1.6698860263067674
2017,8,Fuencarral-El Pardo,3,Peñagrande,083,39.94,1.6698860263067674
2017,8,Fuencarral-El Pardo,4,Pilar,084,39.94,1.6698860263067674
2017,8,Fuencarral-El Pardo,5,La Paz,085,39.94,1.6698860263067674
2017,8,Fuencarral-El Pardo,6,Valverde,086,39.94,1.6698860263067674
2017,8,Fuencarral-El Pardo,7,Mirasierra,087,39.94,1.6698860263067674
2017,8,Fuencarral-El Pardo,8,El Goloso,088,39.94,1.6698860263067674
2017,9,Moncloa-Aravaca,1,Casa de Campo,091,13.26,1.1310615430545485
2017,9,Moncloa-Aravaca,2,Argüelles,092,13.26,1.1310615430545485
2017,9,Moncloa-Aravaca,3,Ciudad Universitaria,093,13.26,1.1310615430545485
2017,9,Moncloa-Aravaca,4,Valdezarza,094,13.26,1.1310615430545485
2017,9,Moncloa-Aravaca,5,Valdemarín,095,13.26,1.1310615430545485
2017,9,Moncloa-Aravaca,6,El Plantío,096,13.26,1.1310615430545485
2017,9,Moncloa-Aravaca,7,Aravaca,097,13.26,1.1310615430545485
2017,10,Latina,1,Los Cármenes,101,79.04,3.370848810777846
2017,10,Latina,2,Puerta del Angel,102,79.04,3.370848810777846
2017,10,Latina,3,Lucero,103,79.04,3.370848810777846
2017,10,Latina,4,Aluche,104,79.04,3.370848810777846
2017,10,Latina,5,Campamento,105,79.04,3.370848810777846
2017,10,Latina,6,Cuatro Vientos,106,79.04,3.370848810777846
2017,10,Latina,7,Águilas,107,79.04,3.370848810777846
2017,11,Carabanchel,1,Comillas,111,26.06,1.0649557630616457
2017,11,Carabanchel,2,Opañel,112,26.06,1.0649557630616457
2017,11,Carabanchel,3,San Isidro,113,26.06,1.0649557630616457
2017,11,Carabanchel,4,Vista Alegre,114,26.06,1.0649557630616457
2017,11,Carabanchel,5,Puerta Bonita,115,26.06,1.0649557630616457
2017,11,Carabanchel,6,Buenavista,116,26.06,1.0649557630616457
2017,11,Carabanchel,7,Abrantes,117,26.06,1.0649557630616457
2017,12,Usera,1,Orcasitas,121,63.989999999999995,4.733618381145419
2017,12,Usera,2,Orcasur,122,63.989999999999995,4.733618381145419
2017,12,Usera,3,San Fermín,123,63.989999999999995,4.733618381145419
2017,12,Usera,4,Almendrales,124,63.989999999999995,4.733618381145419
2017,12,Usera,5,Moscardó,125,63.989999999999995,4.733618381145419
2017,12,Usera,6,Zofío,126,63.989999999999995,4.733618381145419
2017,12,Usera,7,Pradolongo,127,63.989999999999995,4.733618381145419
2017,13,Puente de Vallecas,1,Entrevías,131,72.31,3.168392318039812
2017,13,Puente de Vallecas,2,San Diego,132,72.31,3.168392318039812
2017,13,Puente de Vallecas,3,Palomeras Bajas,133,72.31,3.168392318039812
2017,13,Puente de Vallecas,4,Palomeras Sureste,134,72.31,3.168392318039812
2017,13,Puente de Vallecas,5,Portazgo,135,72.31,3.168392318039812
2017,13,Puente de Vallecas,6,Numancia,136,72.31,3.168392318039812
2017,14,Moratalaz,1,Pavones,141,6.42,0.6794010265093391
2017,14,Moratalaz,2,Horcajo,142,6.42,0.6794010265093391
2017,14,Moratalaz,3,Marroquina,143,6.42,0.6794010265093391
2017,14,Moratalaz,4,Media Legua,144,6.42,0.6794010265093391
2017,14,Moratalaz,5,Fontarrón,145,6.42,0.6794010265093391
2017,14,Moratalaz,6,Vinateros,146,6.42,0.6794010265093391
2017,15,Ciudad Lineal,1,Ventas,151,33.1,1.5530791788856304
2017,15,Ciudad Lineal,2,Pueblo Nuevo,152,33.1,1.5530791788856304
2017,15,Ciudad Lineal,3,Quintana,153,33.1,1.5530791788856304
2017,15,Ciudad Lineal,4,La Concepción,154,33.1,1.5530791788856304
2017,15,Ciudad Lineal,5,San Pascual,155,33.1,1.5530791788856304
2017,15,Ciudad Lineal,6,San Juan Bautista,156,33.1,1.5530791788856304
2017,15,Ciudad Lineal,7,Colina,157,33.1,1.5530791788856304
2017,15,Ciudad Lineal,8,Atalaya,158,33.1,1.5530791788856304
2017,15,Ciudad Lineal,9,Costillares,159,33.1,1.5530791788856304
2017,16,Hortaleza,1,Palomas,161,42.300000000000004,2.3389420019795306
2017,16,Hortaleza,2,Piovera,162,42.300000000000004,2.3389420019795306
2017,16,Hortaleza,3,Canillas,163,42.300000000000004,2.3389420019795306
2017,16,Hortaleza,4,Pinar del Rey,164,42.300000000000004,2.3389420019795306
2017,16,Hortaleza,5,Apóstol Santiago,165,42.300000000000004,2.3389420019795306
2017,16,Hortaleza,6,Valdefuentes,166,42.300000000000004,2.3389420019795306
2017,17,Villaverde,1,"Villaverde Alto, Casco Histórico de Villaverde",171,16.35,1.14300494952602
2017,17,Villaverde,2,San Cristóbal,172,16.35,1.14300494952602
2017,17,Villaverde,3,Butarque,173,16.35,1.14300494952602
2017,17,Villaverde,4,Los Rosales,174,16.35,1.14300494952602
2017,17,Villaverde,5,Ángeles,175,16.35,1.14300494952602
2017,18,Villa de Vallecas,1,Casco Histórico de Vallecas,181,6.16,0.5921084250492623
2017,18,Villa de Vallecas,2,Santa Eugenia,182,6.16,0.5921084250492623
2017,19,Vicalvaro,1,Casco Histórico de Vicálvaro,191,72.55,10.365470339467368
2017,19,Vicalvaro,2,Valdebernardo,192,72.55,10.365470339467368
2017,20,San Blas-Canillejas,1,Simancas,201,29.41,1.9001776772734615
2017,20,San Blas-Canillejas,2,Hellín,202,29.41,1.9001776772734615
2017,20,San Blas-Canillejas,3,Amposta,203,29.41,1.9001776772734615
2017,20,San Blas-Canillejas,4,Arcos,204,29.41,1.9001776772734615
2017,20,San Blas-Canillejas,5,Rosas,205,29.41,1.9001776772734615
2017,20,San Blas-Canillejas,6,Rejas,206,29.41,1.9001776772734615
2017,20,San Blas-Canillejas,7,Canillejas,207,29.41,1.9001776772734615
2017,20,San Blas-Canillejas,8,El Salvador,208,29.41,1.9001776772734615
2017,21,Barajas,1,Alameda de Osuna,211,7.42,1.5791601932449402
2017,21,Barajas,2,Aeropuerto,212,7.42,1.5791601932449402
2017,21,Barajas,3,Casco Histórico de Barajas,213,7.42,1.5791601932449402
2017,21,Barajas,4,Timón,214,7.42,1.5791601932449402
2017,21,Barajas,5,Corralejos,215,7.42,1.5791601932449402
2018,1,Centro,1,Palacio,011,11.8,0.8887014415038635
2018,1,Centro,2,Embajadores,012,11.8,0.8887014415038635
2018,1,Centro,3,Cortes,013,11.8,0.8887014415038635
2018,1,Centro,4,Justicia,014,11.8,0.8887014415038635
2018,1,Centro,5,Universidad,015,11.8,0.8887014415038635
2018,1,Centro,6,Sol,016,11.8,0.8887014415038635
2018,2,Arganzuela,1,Imperial,021,44.84,2.924201616006157
2018,2,Arganzuela,2,Acacias,022,44.84,2.924201616006157
2018,2,Arganzuela,3,Chopera,023,44.84,2.924201616006157
2018,2,Arganzuela,4,Legazpi,024,44.84,2.924201616006157
2018,2,Arganzuela,5,Delicias,025,44.84,2.924201616006157
2018,2,Arganzuela,6,Palos de la Frontera,026,44.84,2.924201616006157
2018,2,Arganzuela,7,Atocha,027,44.84,2.924201616006157
2018,3,Retiro,1,Pacífico,031,13.920000000000002,1.1668063704945517
2018,3,Retiro,2,Adelfas,032,13.920000000000002,1.1668063704945517
2018,3,Retiro,3,Estrella,033,13.920000000000002,1.1668063704945517
2018,3,Retiro,4,Ibiza,034,13.920000000000002,1.1668063704945517
2018,3,Retiro,5,Los Jerónimos,035,13.920000000000002,1.1668063704945517
2018,3,Retiro,6,Niño Jesús,036,13.920000000000002,1.1668063704945517
2018,4,Salamanca,1,Recoletos,041,12.65,0.8682760088131731
2018,4,Salamanca,2,Goya,042,12.65,0.8682760088131731
2018,4,Salamanca,3,Fuente del Berro,043,12.65,0.8682760088131731
2018,4,Salamanca,4,Guindalera,044,12.65,0.8682760088131731
2018,4,Salamanca,5,Lista,045,12.65,0.8682760088131731
2018,4,Salamanca,6,Castellana,046,12.65,0.8682760088131731
2018,5,Chamartin,1,El Viso,051,12.19,0.8387980210146773
2018,5,Chamartin,2,Prosperidad,052,12.19,0.8387980210146773
2018,5,Chamartin,3,Ciudad Jardín,053,12.19,0.8387980210146773
2018,5,Chamartin,4,Hispanoamérica,054,12.19,0.8387980210146773
2018,5,Chamartin,5,Nueva España,055,12.19,0.8387980210146773
2018,5,Chamartin,6,Castilla,056,12.19,0.8387980210146773
2018,6,Tetuan,1,Bellas Vistas,061,37.65,2.4065042729033372
2018,6,Tetuan,2,Cuatro Caminos,062,37.65,2.4065042729033372
2018,6,Tetuan,3,Castillejos,063,37.65,2.4065042729033372
2018,6,Tetuan,4,Almenara,064,37.65,2.4065042729033372
2018,6,Tetuan,5,Valdeacederas,065,37.65,2.4065042729033372
2018,6,Tetuan,6,Berruguete,066,37.65,2.4065042729033372
2018,7,Chamberi,1,Gaztambide,071,4.85,0.34932799377691987
2018,7,Chamberi,2,Arapiles,072,4.85,0.34932799377691987
2018,7,Chamberi,3,Trafalgar,073,4.85,0.34932799377691987
2018,7,Chamberi,4,Almagro,074,4.85,0.34932799377691987
2018,7,Chamberi,5,Ríos Rosas,075,4.85,0.34932799377691987
2018,7,Chamberi,6,Vallehermoso,076,4.85,0.34932799377691987
2018,8,Fuencarral-El Pardo,1,El Pardo,081,39.94,1.6400443477189668
2018,8,Fuencarral-El Pardo,2,Fuentelarreina,082,39.94,1.6400443477189668
2018,8,Fuencarral-El Pardo,3,Peñagrande,083,39.94,1.6400443477189668
2018,8,Fuencarral-El Pardo,4,Pilar,084,39.94,1.6400443477189668
2018,8,Fuencarral-El Pardo,5,La Paz,085,39.94,1.6400443477189668
2018,8,Fuencarral-El Pardo,6,Valverde,086,39.94,1.6400443477189668
2018,8,Fuencarral-El Pardo,7,Mirasierra,087,39.94,1.6400443477189668
2018,8,Fuencarral-El Pardo,8,El Goloso,088,39.94,1.6400443477189668
2018,9,Moncloa-Aravaca,1,Casa de Campo,091,13.26,1.122216674142469
2018,9,Moncloa-Aravaca,2,Argüelles,092,13.26,1.122216674142469
2018,9,Moncloa-Aravaca,3,Ciudad Universitaria,093,13.26,1.122216674142469
2018,9,Moncloa-Aravaca,4,Valdezarza,094,13.26,1.122216674142469
2018,9,Moncloa-Aravaca,5,Valdemarín,095,13.26,1.122216674142469
2018,9,Moncloa-Aravaca,6,El Plantío,096,13.26,1.122216674142469
2018,9,Moncloa-Aravaca,7,Aravaca,097,13.26,1.122216674142469
2018,10,Latina,1,Los Cármenes,101,79.04,3.3428634264350126
2018,10,Latina,2,Puerta del Angel,102,79.04,3.3428634264350126
2018,10,Latina,3,Lucero,103,79.04,3.3428634264350126
2018,10,Latina,4,Aluche,104,79.04,3.3428634264350126
2018,10,Latina,5,Campamento,105,79.04,3.3428634264350126
2018,10,Latina,6,Cuatro Vientos,106,79.04,3.3428634264350126
2018,10,Latina,7,Águilas,107,79.04,3.3428634264350126
2018,11,Carabanchel,1,Comillas,111,26.06,1.0468470060818356
2018,11,Carabanchel,2,Opañel,112,26.06,1.0468470060818356
2018,11,Carabanchel,3,San Isidro,113,26.06,1.0468470060818356
2018,11,Carabanchel,4,Vista Alegre,114,26.06,1.0468470060818356
2018,11,Carabanchel,5,Puerta Bonita,115,26.06,1.0468470060818356
2018,11,Carabanchel,6,Buenavista,116,26.06,1.0468470060818356
2018,11,Carabanchel,7,Abrantes,117,26.06,1.0468470060818356
2018,12,Usera,1,Orcasitas,121,63.989999999999995,4.657306928098866
2018,12,Usera,2,Orcasur,122,63.989999999999995,4.657306928098866
2018,12,Usera,3,San Fermín,123,63.989999999999995,4.657306928098866
2018,12,Usera,4,Almendrales,124,63.989999999999995,4.657306928098866
2018,12,Usera,5,Moscardó,125,63.989999999999995,4.657306928098866
2018,12,Usera,6,Zofío,126,63.989999999999995,4.657306928098866
2018,12,Usera,7,Pradolongo,127,63.989999999999995,4.657306928098866
2018,13,Puente de Vallecas,1,Entrevías,131,72.31,3.1282852186252157
2018,13,Puente de Vallecas,2,San Diego,132,72.31,3.1282852186252157
2018,13,Puente de Vallecas,3,Palomeras Bajas,133,72.31,3.1282852186252157
2018,13,Puente de Vallecas,4,Palomeras Sureste,134,72.31,3.1282852186252157
2018,13,Puente de Vallecas,5,Portazgo,135,72.31,3.1282852186252157
2018,13,Puente de Vallecas,6,Numancia,136,72.31,3.1282852186252157
2018,14,Moratalaz,1,Pavones,141,6.42,0.6792141428888818
2018,14,Moratalaz,2,Horcajo,142,6.42,0.6792141428888818
2018,14,Moratalaz,3,Marroquina,143,6.42,0.6792141428888818
2018,14,Moratalaz,4,Media Legua,144,6.42,0.6792141428888818
2018,14,Moratalaz,5,Fontarrón,145,6.42,0.6792141428888818
2018,14,Moratalaz,6,Vinateros,146,6.42,0.6792141428888818
2018,15,Ciudad Lineal,1,Ventas,151,33.1,1.538876387778253
2018,15,Ciudad Lineal,2,Pueblo Nuevo,152,33.1,1.538876387778253
2018,15,Ciudad Lineal,3,Quintana,153,33.1,1.538876387778253
2018,15,Ciudad Lineal,4,La Concepción,154,33.1,1.538876387778253
2018,15,Ciudad Lineal,5,San Pascual,155,33.1,1.538876387778253
2018,15,Ciudad Lineal,6,San Juan Bautista,156,33.1,1.538876387778253
2018,15,Ciudad Lineal,7,Colina,157,33.1,1.538876387778253
2018,15,Ciudad Lineal,8,Atalaya,158,33.1,1.538876387778253
2018,15,Ciudad Lineal,9,Costillares,159,33.1,1.538876387778253
2018,16,Hortaleza,1,Palomas,161,42.300000000000004,2.29508374614095
2018,16,Hortaleza,2,Piovera,162,42.300000000000004,2.29508374614095
2018,16,Hortaleza,3,Canillas,163,42.300000000000004,2.29508374614095
2018,16,Hortaleza,4,Pinar del Rey,164,42.300000000000004,2.29508374614095
2018,16,Hortaleza,5,Apóstol Santiago,165,42.300000000000004,2.29508374614095
2018,16,Hortaleza,6,Valdefuentes,166,42.300000000000004,2.29508374614095
2018,17,Villaverde,1,"Villaverde Alto, Casco Histórico de Villaverde",171,16.35,1.1199550647998466
2018,17,Villaverde,2,San Cristóbal,172,16.35,1.1199550647998466
2018,17,Villaverde,3,Butarque,173,16.35,1.1199550647998466
2018,17,Villaverde,4,Los Rosales,174,16.35,1.1199550647998466
2018,17,Villaverde,5,Ángeles,175,16.35,1.1199550647998466
2018,18,Villa de Vallecas,1,Casco Histórico de Vallecas,181,6.16,0.5736048644672272
2018,18,Villa de Vallecas,2,Santa Eugenia,182,6.16,0.5736048644672272
2018,18,Villa de Vallecas,3,Ensanche de Vallecas,183,6.16,0.5736048644672272
2018,19,Vicalvaro,1,Casco Histórico de Vicálvaro,191,72.55,10.223637670335245
2018,19,Vicalvaro,2,Valdebernardo,192,72.55,10.223637670335245
2018,19,Vicalvaro,3,Valderrivas,193,72.55,10.223637670335245
2018,19,Vicalvaro,4,El Cañaveral,194,72.55,10.223637670335245
2018,20,San Blas-Canillejas,1,Simancas,201,29.41,1.877709462608618
2018,20,San Blas-Canillejas,2,Hellín,202,29.41,1.877709462608618
2018,20,San Blas-Canillejas,3,Amposta,203,29.41,1.877709462608618
2018,20,San Blas-Canillejas,4,Arcos,204,29.41,1.877709462608618
2018,20,San Blas-Canillejas,5,Rosas,205,29.41,1.877709462608618
2018,20,San Blas-Canillejas,6,Rejas,206,29.41,1.877709462608618
2018,20,San Blas-Canillejas,7,Canillejas,207,29.41,1.877709462608618
2018,20,San Blas-Canillejas,8,El Salvador,208,29.41,1.877709462608618
2018,21,Barajas,1,Alameda de Osuna,211,7.42,1.5487695422571959
2018,21,Barajas,2,Aeropuerto,212,7.42,1.5487695422571959
2018,21,Barajas,3,Casco Histórico de Barajas,213,7.42,1.5487695422571959
2018,21,Barajas,4,Timón,214,7.42,1.5487695422571959
2018,21,Barajas,5,Corralejos,215,7.42,1.5487695422571959
2019,1,Centro,1,Palacio,011,11.8,0.8720457602317573
2019,1,Centro,2,Embajadores,012,11.8,0.8720457602317573
2019,1,Centro,3,Cortes,013,11.8,0.8720457602317573
2019,1,Centro,4,Justicia,014,11.8,0.8720457602317573
2019,1,Centro,5,Universidad,015,11.8,0.8720457602317573
2019,1,Centro,6,Sol,016,11.8,0.8720457602317573
2019,2,Arganzuela,1,Imperial,021,44.84,2.906780759756256
2019,2,Arganzuela,2,Acacias,022,44.84,2.906780759756256
2019,2,Arganzuela,3,Chopera,023,44.84,2.906780759756256
2019,2,Arganzuela,4,Legazpi,024,44.84,2.906780759756256
2019,2,Arganzuela,5,Delicias,025,44.84,2.906780759756256
2019,2,Arganzuela,6,Palos de la Frontera,026,44.84,2.906780759756256
2019,2,Arganzuela,7,Atocha,027,44.84,2.906780759756256
2019,3,Retiro,1,Pacífico,031,13.920000000000002,1.1630335792525506
2019,3,Retiro,2,Adelfas,032,13.920000000000002,1.1630335792525506
2019,3,Retiro,3,Estrella,033,13.920000000000002,1.1630335792525506
2019,3,Retiro,4,Ibiza,034,13.920000000000002,1.1630335792525506
2019,3,Retiro,5,Los Jerónimos,035,13.920000000000002,1.1630335792525506
2019,3,Retiro,6,Niño Jesús,036,13.920000000000002,1.1630335792525506
2019,4,Salamanca,1,Recoletos,041,12.65,0.8630217358675927
2019,4,Salamanca,2,Goya,042,12.65,0.8630217358675927
2019,4,Salamanca,3,Fuente del Berro,043,12.65,0.8630217358675927
2019,4,Salamanca,4,Guindalera,044,12.65,0.8630217358675927
2019,4,Salamanca,5,Lista,045,12.65,0.8630217358675927
2019,4,Salamanca,6,Castellana,046,12.65,0.8630217358675927
2019,5,Chamartin,1,El Viso,051,12.19,0.8337266005977663
2019,5,Chamartin,2,Prosperidad,052,12.19,0.8337266005977663
2019,5,Chamartin,3,Ciudad Jardín,053,12.19,0.8337266005977663
2019,5,Chamartin,4,Hispanoamérica,054,12.19,0.8337266005977663
2019,5,Chamartin,5,Nueva España,055,12.19,0.8337266005977663
2019,5,Chamartin,6,Castilla,056,12.19,0.8337266005977663
2019,6,Tetuan,1,Bellas Vistas,061,37.65,2.37549923340463
2019,6,Tetuan,2,Cuatro Caminos,062,37.65,2.37549923340463
2019,6,Tetuan,3,Castillejos,063,37.65,2.37549923340463
2019,6,Tetuan,4,Almenara,064,37.65,2.37549923340463
2019,6,Tetuan,5,Valdeacederas,065,37.65,2.37549923340463
2019,6,Tetuan,6,Berruguete,066,37.65,2.37549923340463
2019,7,Chamberi,1,Gaztambide,071,4.85,0.34664646349133743
2019,7,Chamberi,2,Arapiles,072,4.85,0.34664646349133743
2019,7,Chamberi,3,Trafalgar,073,4.85,0.34664646349133743
2019,7,Chamberi,4,Almagro,074,4.85,0.34664646349133743
2019,7,Chamberi,5,Ríos Rosas,075,4.85,0.34664646349133743
2019,7,Chamberi,6,Vallehermoso,076,4.85,0.34664646349133743
2019,8,Fuencarral-El Pardo,1,El Pardo,081,39.94,1.6194627470856564
2019,8,Fuencarral-El Pardo,2,Fuentelarreina,082,39.94,1.6194627470856564
2019,8,Fuencarral-El Pardo,3,Peñagrande,083,39.94,1.6194627470856564
2019,8,Fuencarral-El Pardo,4,Pilar,084,39.94,1.6194627470856564
2019,8,Fuencarral-El Pardo,5,La Paz,085,39.94,1.6194627470856564
2019,8,Fuencarral-El Pardo,6,Valverde,086,39.94,1.6194627470856564
2019,8,Fuencarral-El Pardo,7,Mirasierra,087,39.94,1.6194627470856564
2019,8,Fuencarral-El Pardo,8,El Goloso,088,39.94,1.6194627470856564
2019,9,Moncloa-Aravaca,1,Casa de Campo,091,13.26,1.1073161362516597
2019,9,Moncloa-Aravaca,2,Argüelles,092,13.26,1.1073161362516597
2019,9,Moncloa-Aravaca,3,Ciudad Universitaria,093,13.26,1.1073161362516597
2019,9,Moncloa-Aravaca,4,Valdezarza,094,13.26,1.1073161362516597
2019,9,Moncloa-Aravaca,5,Valdemarín,095,13.26,1.1073161362516597
2019,9,Moncloa-Aravaca,6,El Plantío,096,13.26,1.1073161362516597
2019,9,Moncloa-Aravaca,7,Aravaca,097,13.26,1.1073161362516597
2019,10,Latina,1,Los Cármenes,101,79.04,3.3085803745594284
2019,10,Latina,2,Puerta del Angel,102,79.04,3.3085803745594284
2019,10,Latina,3,Lucero,103,79.04,3.3085803745594284
2019,10,Latina,4,Aluche,104,79.04,3.3085803745594284
2019,10,Latina,5,Campamento,105,79.04,3.3085803745594284
2019,10,Latina,6,Cuatro Vientos,106,79.04,3.3085803745594284
2019,10,Latina,7,Águilas,107,79.04,3.3085803745594284
2019,11,Carabanchel,1,Comillas,111,26.06,1.0268170248311623
2019,11,Carabanchel,2,Opañel,112,26.06,1.0268170248311623
2019,11,Carabanchel,3,San Isidro,113,26.06,1.0268170248311623
2019,11,Carabanchel,4,Vista Alegre,114,26.06,1.0268170248311623
2019,11,Carabanchel,5,Puerta Bonita,115,26.06,1.0268170248311623
2019,11,Carabanchel,6,Buenavista,116,26.06,1.0268170248311623
2019,11,Carabanchel,7,Abrantes,117,26.06,1.0268170248311623
2019,12,Usera,1,Orcasitas,121,63.989999999999995,4.573883333452463
2019,12,Usera,2,Orcasur,122,63.989999999999995,4.573883333452463
2019,12,Usera,3,San Fermín,123,63.989999999999995,4.573883333452463
2019,12,Usera,4,Almendrales,124,63.989999999999995,4.573883333452463
2019,12,Usera,5,Moscardó,125,63.989999999999995,4.573883333452463
2019,12,Usera,6,Zofío,126,63.989999999999995,4.573883333452463
2019,12,Usera,7,Pradolongo,127,63.989999999999995,4.573883333452463
2019,13,Puente de Vallecas,1,Entrevías,131,72.31,3.0716361103087353
2019,13,Puente de Vallecas,2,San Diego,132,72.31,3.0716361103087353
2019,13,Puente de Vallecas,3,Palomeras Bajas,133,72.31,3.0716361103087353
2019,13,Puente de Vallecas,4,Palomeras Sureste,134,72.31,3.0716361103087353
2019,13,Puente de Vallecas,5,Portazgo,135,72.31,3.0716361103087353
2019,13,Puente de Vallecas,6,Numancia,136,72.31,3.0716361103087353
2019,14,Moratalaz,1,Pavones,141,6.42,0.677086629121053
2019,14,Moratalaz,2,Horcajo,142,6.42,0.677086629121053
2019,14,Moratalaz,3,Marroquina,143,6.42,0.677086629121053
2019,14,Moratalaz,4,Media Legua,144,6.42,0.677086629121053
2019,14,Moratalaz,5,Fontarrón,145,6.42,0.677086629121053
2019,14,Moratalaz,6,Vinateros,146,6.42,0.677086629121053
2019,15,Ciudad Lineal,1,Ventas,151,33.1,1.5263444281511405
2019,15,Ciudad Lineal,2,Pueblo Nuevo,152,33.1,1.5263444281511405
2019,15,Ciudad Lineal,3,Quintana,153,33.1,1.5263444281511405
2019,15,Ciudad Lineal,4,La Concepción,154,33.1,1.5263444281511405
2019,15,Ciudad Lineal,5,San Pascual,155,33.1,1.5263444281511405
2019,15,Ciudad Lineal,6,San Juan Bautista,156,33.1,1.5263444281511405
2019,15,Ciudad Lineal,7,Colina,157,33.1,1.5263444281511405
2019,15,Ciudad Lineal,8,Atalaya,158,33.1,1.5263444281511405
2019,15,Ciudad Lineal,9,Costillares,159,33.1,1.5263444281511405
2019,16,Hortaleza,1,Palomas,161,42.300000000000004,2.2418910324358707
2019,16,Hortaleza,2,Piovera,162,42.300000000000004,2.2418910324358707
2019,16,Hortaleza,3,Canillas,163,42.300000000000004,2.2418910324358707
2019,16,Hortaleza,4,Pinar del Rey,164,42.300000000000004,2.2418910324358707
2019,16,Hortaleza,5,Apóstol Santiago,165,42.300000000000004,2.2418910324358707
2019,16,Hortaleza,6,Valdefuentes,166,42.300000000000004,2.2418910324358707
2019,17,Villaverde,1,"Villaverde Alto, Casco Histórico de Villaverde",171,16.35,1.0952865832417804
2019,17,Villaverde,2,San Cristóbal,172,16.35,1.0952865832417804
2019,17,Villaverde,3,Butarque,173,16.35,1.0952865832417804
2019,17,Villaverde,4,Los Rosales,174,16.35,1.0952865832417804
2019,17,Villaverde,5,Ángeles,175,16.35,1.0952865832417804
2019,18,Villa de Vallecas,1,Casco Histórico de Vallecas,181,6.16,0.5567858272698513
2019,18,Villa de Vallecas,2,Santa Eugenia,182,6.16,0.5567858272698513
2019,18,Villa de Vallecas,3,Ensanche de Vallecas,183,6.16,0.5567858272698513
2019,19,Vicalvaro,1,Casco Histórico de Vicálvaro,191,72.55,10.03541096079896
2019,19,Vicalvaro,2,Valdebernardo,192,72.55,10.03541096079896
2019,19,Vicalvaro,3,Valderrivas,193,72.55,10.03541096079896
2019,19,Vicalvaro,4,El Cañaveral,194,72.55,10.03541096079896
2019,20,San Blas-Canillejas,1,Simancas,201,29.41,1.8543622595350537
2019,20,San Blas-Canillejas,2,Hellín,202,29.41,1.8543622595350537
2019,20,San Blas-Canillejas,3,Amposta,203,29.41,1.8543622595350537
2019,20,San Blas-Canillejas,4,Arcos,204,29.41,1.8543622595350537
2019,20,San Blas-Canillejas,5,Rosas,205,29.41,1.8543622595350537
2019,20,San Blas-Canillejas,6,Rejas,206,29.41,1.8543622595350537
2019,20,San Blas-Canillejas,7,Canillejas,207,29.41,1.8543622595350537
2019,20,San Blas-Canillejas,8,El Salvador,208,29.41,1.8543622595350537
2019,21,Barajas,1,Alameda de Osuna,211,7.42,1.5121255349500713
2019,21,Barajas,2,Aeropuerto,212,7.42,1.5121255349500713
2019,21,Barajas,3,Casco Histórico de Barajas,213,7.42,1.5121255349500713
2019,21,Barajas,4,Timón,214,7.42,1.5121255349500713
2019,21,Barajas,5,Corralejos,215,7.42,1.5121255349500713
2020,1,Centro,1,Palacio,011,11.8,0.8369328538701052
2020,1,Centro,2,Embajadores,012,11.8,0.8369328538701052
2020,1,Centro,3,Cortes,013,11.8,0.8369328538701052
2020,1,Centro,4,Justicia,014,11.8,0.8369328538701052
2020,1,Centro,5,Universidad,015,11.8,0.8369328538701052
2020,1,Centro,6,Sol,016,11.8,0.8369328538701052
2020,2,Arganzuela,1,Imperial,021,44.91966717834316,2.8763129632481808
2020,2,Arganzuela,2,Acacias,022,44.91966717834316,2.8763129632481808
2020,2,Arganzuela,3,Chopera,023,44.91966717834316,2.8763129632481808
2020,2,Arganzuela,4,Legazpi,024,44.91966717834316,2.8763129632481808
2020,2,Arganzuela,5,Delicias,025,44.91966717834316,2.8763129632481808
2020,2,Arganzuela,6,Palos de la Frontera,026,44.91966717834316,2.8763129632481808
2020,2,Arganzuela,7,Atocha,027,44.91966717834316,2.8763129632481808
2020,3,Retiro,1,Pacífico,031,13.91,1.1507946356920074
2020,3,Retiro,2,Adelfas,032,13.91,1.1507946356920074
2020,3,Retiro,3,Estrella,033,13.91,1.1507946356920074
2020,3,Retiro,4,Ibiza,034,13.91,1.1507946356920074
2020,3,Retiro,5,Los Jerónimos,035,13.91,1.1507946356920074
2020,3,Retiro,6,Niño Jesús,036,13.91,1.1507946356920074
2020,4,Salamanca,1,Recoletos,041,12.65,0.8523971564300394
2020,4,Salamanca,2,Goya,042,12.65,0.8523971564300394
2020,4,Salamanca,3,Fuente del Berro,043,12.65,0.8523971564300394
2020,4,Salamanca,4,Guindalera,044,12.65,0.8523971564300394
2020,4,Salamanca,5,Lista,045,12.65,0.8523971564300394
2020,4,Salamanca,6,Castellana,046,12.65,0.8523971564300394
2020,5,Chamartin,1,El Viso,051,12.16,0.8215050567149256
2020,5,Chamartin,2,Prosperidad,052,12.16,0.8215050567149256
2020,5,Chamartin,3,Ciudad Jardín,053,12.16,0.8215050567149256
2020,5,Chamartin,4,Hispanoamérica,054,12.16,0.8215050567149256
2020,5,Chamartin,5,Nueva España,055,12.16,0.8215050567149256
2020,5,Chamartin,6,Castilla,056,12.16,0.8215050567149256
2020,6,Tetuan,1,Bellas Vistas,061,35.37858180965574,2.184038337005793
2020,6,Tetuan,2,Cuatro Caminos,062,35.37858180965574,2.184038337005793
2020,6,Tetuan,3,Castillejos,063,35.37858180965574,2.184038337005793
2020,6,Tetuan,4,Almenara,064,35.37858180965574,2.184038337005793
2020,6,Tetuan,5,Valdeacederas,065,35.37858180965574,2.184038337005793
2020,6,Tetuan,6,Berruguete,066,35.37858180965574,2.184038337005793
2020,7,Chamberi,1,Gaztambide,071,4.84,0.34229863434160557
2020,7,Chamberi,2,Arapiles,072,4.84,0.34229863434160557
2020,7,Chamberi,3,Trafalgar,073,4.84,0.34229863434160557
2020,7,Chamberi,4,Almagro,074,4.84,0.34229863434160557
2020,7,Chamberi,5,Ríos Rosas,075,4.84,0.34229863434160557
2020,7,Chamberi,6,Vallehermoso,076,4.84,0.34229863434160557
2020,8,Fuencarral-El Pardo,1,El Pardo,081,39.88,1.5912790883263639
2020,8,Fuencarral-El Pardo,2,Fuentelarreina,082,39.88,1.5912790883263639
2020,8,Fuencarral-El Pardo,3,Peñagrande,083,39.88,1.5912790883263639
2020,8,Fuencarral-El Pardo,4,Pilar,084,39.88,1.5912790883263639
2020,8,Fuencarral-El Pardo,5,La Paz,085,39.88,1.5912790883263639
2020,8,Fuencarral-El Pardo,6,Valverde,086,39.88,1.5912790883263639
2020,8,Fuencarral-El Pardo,7,Mirasierra,087,39.88,1.5912790883263639
2020,8,Fuencarral-El Pardo,8,El Goloso,088,39.88,1.5912790883263639
2020,9,Moncloa-Aravaca,1,Casa de Campo,091,13.26,1.085781664537683
2020,9,Moncloa-Aravaca,2,Argüelles,092,13.26,1.085781664537683
2020,9,Moncloa-Aravaca,3,Ciudad Universitaria,093,13.26,1.085781664537683
2020,9,Moncloa-Aravaca,4,Valdezarza,094,13.26,1.085781664537683
2020,9,Moncloa-Aravaca,5,Valdemarín,095,13.26,1.085781664537683
2020,9,Moncloa-Aravaca,6,El Plantío,096,13.26,1.085781664537683
2020,9,Moncloa-Aravaca,7,Aravaca,097,13.26,1.085781664537683
2020,10,Latina,1,Los Cármenes,101,79.05945297737605,3.257577565880329
2020,10,Latina,2,Puerta del Angel,102,79.05945297737605,3.257577565880329
2020,10,Latina,3,Lucero,103,79.05945297737605,3.257577565880329
2020,10,Latina,4,Aluche,104,79.05945297737605,3.257577565880329
2020,10,Latina,5,Campamento,105,79.05945297737605,3.257577565880329
2020,10,Latina,6,Cuatro Vientos,106,79.05945297737605,3.257577565880329
2020,10,Latina,7,Águilas,107,79.05945297737605,3.257577565880329
2020,11,Carabanchel,1,Comillas,111,25.12,0.9620282251115408
2020,11,Carabanchel,2,Opañel,112,25.12,0.9620282251115408
2020,11,Carabanchel,3,San Isidro,113,25.12,0.9620282251115408
2020,11,Carabanchel,4,Vista Alegre,114,25.12,0.9620282251115408
2020,11,Carabanchel,5,Puerta Bonita,115,25.12,0.9620282251115408
2020,11,Carabanchel,6,Buenavista,116,25.12,0.9620282251115408
2020,11,Carabanchel,7,Abrantes,117,25.12,0.9620282251115408
2020,12,Usera,1,Orcasitas,121,64.05,4.4677734375
2020,12,Usera,2,Orcasur,122,64.05,4.4677734375
2020,12,Usera,3,San Fermín,123,64.05,4.4677734375
2020,12,Usera,4,Almendrales,124,64.05,4.4677734375
2020,12,Usera,5,Moscardó,125,64.05,4.4677734375
2020,12,Usera,6,Zofío,126,64.05,4.4677734375
2020,12,Usera,7,Pradolongo,127,64.05,4.4677734375
2020,13,Puente de Vallecas,1,Entrevías,131,72.28999999999999,2.991380487542466
2020,13,Puente de Vallecas,2,San Diego,132,72.28999999999999,2.991380487542466
2020,13,Puente de Vallecas,3,Palomeras Bajas,133,72.28999999999999,2.991380487542466
2020,13,Puente de Vallecas,4,Palomeras Sureste,134,72.28999999999999,2.991380487542466
2020,13,Puente de Vallecas,5,Portazgo,135,72.28999999999999,2.991380487542466
2020,13,Puente de Vallecas,6,Numancia,136,72.28999999999999,2.991380487542466
2020,14,Moratalaz,1,Pavones,141,6.42,0.6693984797772843
2020,14,Moratalaz,2,Horcajo,142,6.42,0.6693984797772843
2020,14,Moratalaz,3,Marroquina,143,6.42,0.6693984797772843
2020,14,Moratalaz,4,Media Legua,144,6.42,0.6693984797772843
2020,14,Moratalaz,5,Fontarrón,145,6.42,0.6693984797772843
2020,14,Moratalaz,6,Vinateros,146,6.42,0.6693984797772843
2020,15,Ciudad Lineal,1,Ventas,151,32.78,1.4859945691839722
2020,15,Ciudad Lineal,2,Pueblo Nuevo,152,32.78,1.4859945691839722
2020,15,Ciudad Lineal,3,Quintana,153,32.78,1.4859945691839722
2020,15,Ciudad Lineal,4,La Concepción,154,32.78,1.4859945691839722
2020,15,Ciudad Lineal,5,San Pascual,155,32.78,1.4859945691839722
2020,15,Ciudad Lineal,6,San Juan Bautista,156,32.78,1.4859945691839722
2020,15,Ciudad Lineal,7,Colina,157,32.78,1.4859945691839722
2020,15,Ciudad Lineal,8,Atalaya,158,32.78,1.4859945691839722
2020,15,Ciudad Lineal,9,Costillares,159,32.78,1.4859945691839722
2020,16,Hortaleza,1,Palomas,161,42.1,2.172129667370072
2020,16,Hortaleza,2,Piovera,162,42.1,2.172129667370072
2020,16,Hortaleza,3,Canillas,163,42.1,2.172129667370072
2020,16,Hortaleza,4,Pinar del Rey,164,42.1,2.172129667370072
2020,16,Hortaleza,5,Apóstol Santiago,165,42.1,2.172129667370072
2020,16,Hortaleza,6,Valdefuentes,166,42.1,2.172129667370072
2020,17,Villaverde,1,"Villaverde Alto, Casco Histórico de Villaverde",171,16.32,1.053487741585654
2020,17,Villaverde,2,San Cristóbal,172,16.32,1.053487741585654
2020,17,Villaverde,3,Butarque,173,16.32,1.053487741585654
2020,17,Villaverde,4,Los Rosales,174,16.32,1.053487741585654
2020,17,Villaverde,5,Ángeles,175,16.32,1.053487741585654
2020,18,Villa de Vallecas,1,Casco Histórico de Vallecas,181,6.16,0.53649190036579
2020,18,Villa de Vallecas,2,Santa Eugenia,182,6.16,0.53649190036579
2020,18,Villa de Vallecas,3,Ensanche de Vallecas,183,6.16,0.53649190036579
2020,19,Vicalvaro,1,Casco Histórico de Vicálvaro,191,72.28,9.736647134101165
2020,19,Vicalvaro,2,Valdebernardo,192,72.28,9.736647134101165
2020,19,Vicalvaro,3,Valderrivas,193,72.28,9.736647134101165
2020,19,Vicalvaro,4,El Cañaveral,194,72.28,9.736647134101165
2020,20,San Blas-Canillejas,1,Simancas,201,28.7,1.7752321100520199
2020,20,San Blas-Canillejas,2,Hellín,202,28.7,1.7752321100520199
2020,20,San Blas-Canillejas,3,Amposta,203,28.7,1.7752321100520199
2020,20,San Blas-Canillejas,4,Arcos,204,28.7,1.7752321100520199
2020,20,San Blas-Canillejas,5,Rosas,205,28.7,1.7752321100520199
2020,20,San Blas-Canillejas,6,Rejas,206,28.7,1.7752321100520199
2020,20,San Blas-Canillejas,7,Canillejas,207,28.7,1.7752321100520199
2020,20,San Blas-Canillejas,8,El Salvador,208,28.7,1.7752321100520199
2020,21,Barajas,1,Alameda de Osuna,211,6.49,1.293911240480083
2020,21,Barajas,2,Aeropuerto,212,6.49,1.293911240480083
2020,21,Barajas,3,Casco Histórico de Barajas,213,6.49,1.293911240480083
2020,21,Barajas,4,Timón,214,6.49,1.293911240480083
2020,21,Barajas,5,Corralejos,215,6.49,1.293911240480083
2021,1,Centro,1,Palacio,011,11.8,0.8307928439165546
2021,1,Centro,2,Embajadores,012,11.8,0.8307928439165546
2021,1,Centro,3,Cortes,013,11.8,0.8307928439165546
2021,1,Centro,4,Justicia,014,11.8,0.8307928439165546
2021,1,Centro,5,Universidad,015,11.8,0.8307928439165546
2021,1,Centro,6,Sol,016,11.8,0.8307928439165546
2021,2,Arganzuela,1,Imperial,021,44.91966717834316,2.8981926278997086
2021,2,Arganzuela,2,Acacias,022,44.91966717834316,2.8981926278997086
2021,2,Arganzuela,3,Chopera,023,44.91966717834316,2.8981926278997086
2021,2,Arganzuela,4,Legazpi,024,44.91966717834316,2.8981926278997086
2021,2,Arganzuela,5,Delicias,025,44.91966717834316,2.8981926278997086
2021,2,Arganzuela,6,Palos de la Frontera,026,44.91966717834316,2.8981926278997086
2021,2,Arganzuela,7,Atocha,027,44.91966717834316,2.8981926278997086
2021,3,Retiro,1,Pacífico,031,13.91,1.168004567897088
2021,3,Retiro,2,Adelfas,032,13.91,1.168004567897088
2021,3,Retiro,3,Estrella,033,13.91,1.168004567897088
2021,3,Retiro,4,Ibiza,034,13.91,1.168004567897088
2021,3,Retiro,5,Los Jerónimos,035,13.91,1.168004567897088
2021,3,Retiro,6,Niño Jesús,036,13.91,1.168004567897088
2021,4,Salamanca,1,Recoletos,041,12.65,0.8624980397771823
2021,4,Salamanca,2,Goya,042,12.65,0.8624980397771823
2021,4,Salamanca,3,Fuente del Berro,043,12.65,0.8624980397771823
2021,4,Salamanca,4,Guindalera,044,12.65,0.8624980397771823
2021,4,Salamanca,5,Lista,045,12.65,0.8624980397771823
2021,4,Salamanca,6,Castellana,046,12.65,0.8624980397771823
2021,5,Chamartin,1,El Viso,051,12.16,0.8309643560026241
2021,5,Chamartin,2,Prosperidad,052,12.16,0.8309643560026241
2021,5,Chamartin,3,Ciudad Jardín,053,12.16,0.8309643560026241
2021,5,Chamartin,4,Hispanoamérica,054,12.16,0.8309643560026241
2021,5,Chamartin,5,Nueva España,055,12.16,0.8309643560026241
2021,5,Chamartin,6,Castilla,056,12.16,0.8309643560026241
2021,6,Tetuan,1,Bellas Vistas,061,35.37858180965574,2.2026947551384204
2021,6,Tetuan,2,Cuatro Caminos,062,35.37858180965574,2.2026947551384204
2021,6,Tetuan,3,Castillejos,063,35.37858180965574,2.2026947551384204
2021,6,Tetuan,4,Almenara,064,35.37858180965574,2.2026947551384204
2021,6,Tetuan,5,Valdeacederas,065,35.37858180965574,2.2026947551384204
2021,6,Tetuan,6,Berruguete,066,35.37858180965574,2.2026947551384204
2021,7,Chamberi,1,Gaztambide,071,4.861050505827067,0.3487348900450579
2021,7,Chamberi,2,Arapiles,072,4.861050505827067,0.3487348900450579
2021,7,Chamberi,3,Trafalgar,073,4.861050505827067,0.3487348900450579
2021,7,Chamberi,4,Almagro,074,4.861050505827067,0.3487348900450579
2021,7,Chamberi,5,Ríos Rosas,075,4.861050505827067,0.3487348900450579
2021,7,Chamberi,6,Vallehermoso,076,4.861050505827067,0.3487348900450579
2021,8,Fuencarral-El Pardo,1,El Pardo,081,39.88,1.603641569220376
2021,8,Fuencarral-El Pardo,2,Fuentelarreina,082,39.88,1.603641569220376
2021,8,Fuencarral-El Pardo,3,Peñagrande,083,39.88,1.603641569220376
2021,8,Fuencarral-El Pardo,4,Pilar,084,39.88,1.603641569220376
2021,8,Fuencarral-El Pardo,5,La Paz,085,39.88,1.603641569220376
2021,8,Fuencarral-El Pardo,6,Valverde,086,39.88,1.603641569220376
2021,8,Fuencarral-El Pardo,7,Mirasierra,087,39.88,1.603641569220376
2021,8,Fuencarral-El Pardo,8,El Goloso,088,39.88,1.603641569220376
2021,9,Moncloa-Aravaca,1,Casa de Campo,091,13.26,1.0925449871465296
2021,9,Moncloa-Aravaca,2,Argüelles,092,13.26,1.0925449871465296
2021,9,Moncloa-Aravaca,3,Ciudad Universitaria,093,13.26,1.0925449871465296
2021,9,Moncloa-Aravaca,4,Valdezarza,094,13.26,1.0925449871465296
2021,9,Moncloa-Aravaca,5,Valdemarín,095,13.26,1.0925449871465296
2021,9,Moncloa-Aravaca,6,El Plantío,096,13.26,1.0925449871465296
2021,9,Moncloa-Aravaca,7,Aravaca,097,13.26,1.0925449871465296
2021,10,Latina,1,Los Cármenes,101,79.05945297737605,3.278516279790335
2021,10,Latina,2,Puerta del Angel,102,79.05945297737605,3.278516279790335
2021,10,Latina,3,Lucero,103,79.05945297737605,3.278516279790335
2021,10,Latina,4,Aluche,104,79.05945297737605,3.278516279790335
2021,10,Latina,5,Campamento,105,79.05945297737605,3.278516279790335
2021,10,Latina,6,Cuatro Vientos,106,79.05945297737605,3.278516279790335
2021,10,Latina,7,Águilas,107,79.05945297737605,3.278516279790335
2021,11,Carabanchel,1,Comillas,111,24.9,0.9585882189892861
2021,11,Carabanchel,2,Opañel,112,24.9,0.9585882189892861
2021,11,Carabanchel,3,San Isidro,113,24.9,0.9585882189892861
2021,11,Carabanchel,4,Vista Alegre,114,24.9,0.9585882189892861
2021,11,Carabanchel,5,Puerta Bonita,115,24.9,0.9585882189892861
2021,11,Carabanchel,6,Buenavista,116,24.9,0.9585882189892861
2021,11,Carabanchel,7,Abrantes,117,24.9,0.9585882189892861
2021,12,Usera,1,Orcasitas,121,64.05,4.476297637101903
2021,12,Usera,2,Orcasur,122,64.05,4.476297637101903
2021,12,Usera,3,San Fermín,123,64.05,4.476297637101903
2021,12,Usera,4,Almendrales,124,64.05,4.476297637101903
2021,12,Usera,5,Moscardó,125,64.05,4.476297637101903
2021,12,Usera,6,Zofío,126,64.05,4.476297637101903
2021,12,Usera,7,Pradolongo,127,64.05,4.476297637101903
2021,13,Puente de Vallecas,1,Entrevías,131,71.97,2.997913082597775
2021,13,Puente de Vallecas,2,San Diego,132,71.97,2.997913082597775
2021,13,Puente de Vallecas,3,Palomeras Bajas,133,71.97,2.997913082597775
2021,13,Puente de Vallecas,4,Palomeras Sureste,134,71.97,2.997913082597775
2021,13,Puente de Vallecas,5,Portazgo,135,71.97,2.997913082597775
2021,13,Puente de Vallecas,6,Numancia,136,71.97,2.997913082597775
2021,14,Moratalaz,1,Pavones,141,6.42,0.6815069583771217
2021,14,Moratalaz,2,Horcajo,142,6.42,0.6815069583771217
2021,14,Moratalaz,3,Marroquina,143,6.42,0.6815069583771217
2021,14,Moratalaz,4,Media Legua,144,6.42,0.6815069583771217
2021,14,Moratalaz,5,Fontarrón,145,6.42,0.6815069583771217
2021,14,Moratalaz,6,Vinateros,146,6.42,0.6815069583771217
2021,15,Ciudad Lineal,1,Ventas,151,32.78,1.5049399493150182
2021,15,Ciudad Lineal,2,Pueblo Nuevo,152,32.78,1.5049399493150182
2021,15,Ciudad Lineal,3,Quintana,153,32.78,1.5049399493150182
2021,15,Ciudad Lineal,4,La Concepción,154,32.78,1.5049399493150182
2021,15,Ciudad Lineal,5,San Pascual,155,32.78,1.5049399493150182
2021,15,Ciudad Lineal,6,San Juan Bautista,156,32.78,1.5049399493150182
2021,15,Ciudad Lineal,7,Colina,157,32.78,1.5049399493150182
2021,15,Ciudad Lineal,8,Atalaya,158,32.78,1.5049399493150182
2021,15,Ciudad Lineal,9,Costillares,159,32.78,1.5049399493150182
2021,16,Hortaleza,1,Palomas,161,42.1,2.1711103089061936
2021,16,Hortaleza,2,Piovera,162,42.1,2.1711103089061936
2021,16,Hortaleza,3,Canillas,163,42.1,2.1711103089061936
2021,16,Hortaleza,4,Pinar del Rey,164,42.1,2.1711103089061936
2021,16,Hortaleza,5,Apóstol Santiago,165,42.1,2.1711103089061936
2021,16,Hortaleza,6,Valdefuentes,166,42.1,2.1711103089061936
2021,17,Villaverde,1,"Villaverde Alto, Casco Histórico de Villaverde",171,16.32,1.0498552589256995
2021,17,Villaverde,2,San Cristóbal,172,16.32,1.0498552589256995
2021,17,Villaverde,3,Butarque,173,16.32,1.0498552589256995
2021,17,Villaverde,4,Los Rosales,174,16.32,1.0498552589256995
2021,17,Villaverde,5,Ángeles,175,16.32,1.0498552589256995
2021,18,Villa de Vallecas,1,Casco Histórico de Vallecas,181,6.16,0.5348382895593662
2021,18,Villa de Vallecas,2,Santa Eugenia,182,6.16,0.5348382895593662
2021,18,Villa de Vallecas,3,Ensanche de Vallecas,183,6.16,0.5348382895593662
2021,19,Vicalvaro,1,Casco Histórico de Vicálvaro,191,72.29,9.54550256166482
2021,19,Vicalvaro,2,Valdebernardo,192,72.29,9.54550256166482
2021,19,Vicalvaro,3,Valderrivas,193,72.29,9.54550256166482
2021,19,Vicalvaro,4,El Cañaveral,194,72.29,9.54550256166482
2021,20,San Blas-Canillejas,1,Simancas,201,30.62,1.902442358233251
2021,20,San Blas-Canillejas,2,Hellín,202,30.62,1.902442358233251
2021,20,San Blas-Canillejas,3,Amposta,203,30.62,1.902442358233251
2021,20,San Blas-Canillejas,4,Arcos,204,30.62,1.902442358233251
2021,20,San Blas-Canillejas,5,Rosas,205,30.62,1.902442358233251
2021,20,San Blas-Canillejas,6,Rejas,206,30.62,1.902442358233251
2021,20,San Blas-Canillejas,7,Canillejas,207,30.62,1.902442358233251
2021,20,San Blas-Canillejas,8,El Salvador,208,30.62,1.902442358233251
2021,21,Barajas,1,Alameda de Osuna,211,6.49,1.2910027650136262
2021,21,Barajas,2,Aeropuerto,212,6.49,1.2910027650136262
2021,21,Barajas,3,Casco Histórico de Barajas,213,6.49,1.2910027650136262
2021,21,Barajas,4,Timón,214,6.49,1.2910027650136262
2021,21,Barajas,5,Corralejos,215,6.49,1.2910027650136262
2022,1,Centro,1,Palacio,011,11.78,0.8403421291045149
2022,1,Centro,2,Embajadores,012,11.78,0.8403421291045149
2022,1,Centro,3,Cortes,013,11.78,0.8403421291045149
2022,1,Centro,4,Justicia,014,11.78,0.8403421291045149
2022,1,Centro,5,Universidad,015,11.78,0.8403421291045149
2022,1,Centro,6,Sol,016,11.78,0.8403421291045149
2022,2,Arganzuela,1,Imperial,021,44.726535999999996,2.92284452112087
2022,2,Arganzuela,2,Acacias,022,44.726535999999996,2.92284452112087
2022,2,Arganzuela,3,Chopera,023,44.726535999999996,2.92284452112087
2022,2,Arganzuela,4,Legazpi,024,44.726535999999996,2.92284452112087
2022,2,Arganzuela,5,Delicias,025,44.726535999999996,2.92284452112087
2022,2,Arganzuela,6,Palos de la Frontera,026,44.726535999999996,2.92284452112087
2022,2,Arganzuela,7,Atocha,027,44.726535999999996,2.92284452112087
2022,3,Retiro,1,Pacífico,031,13.900477,1.1782861187400402
2022,3,Retiro,2,Adelfas,032,13.900477,1.1782861187400402
2022,3,Retiro,3,Estrella,033,13.900477,1.1782861187400402
2022,3,Retiro,4,Ibiza,034,13.900477,1.1782861187400402
2022,3,Retiro,5,Los Jerónimos,035,13.900477,1.1782861187400402
2022,3,Retiro,6,Niño Jesús,036,13.900477,1.1782861187400402
2022,4,Salamanca,1,Recoletos,041,12.650131,0.8667976099930794
2022,4,Salamanca,2,Goya,042,12.650131,0.8667976099930794
2022,4,Salamanca,3,Fuente del Berro,043,12.650131,0.8667976099930794
2022,4,Salamanca,4,Guindalera,044,12.650131,0.8667976099930794
2022,4,Salamanca,5,Lista,045,12.650131,0.8667976099930794
2022,4,Salamanca,6,Castellana,046,12.650131,0.8667976099930794
2022,5,Chamartin,1,El Viso,051,12.15,0.839941100426538
2022,5,Chamartin,2,Prosperidad,052,12.15,0.839941100426538
2022,5,Chamartin,3,Ciudad Jardín,053,12.15,0.839941100426538
2022,5,Chamartin,4,Hispanoamérica,054,12.15,0.839941100426538
2022,5,Chamartin,5,Nueva España,055,12.15,0.839941100426538
2022,5,Chamartin,6,Castilla,056,12.15,0.839941100426538
2022,6,Tetuan,1,Bellas Vistas,061,35.379999999999995,2.241368387709851
2022,6,Tetuan,2,Cuatro Caminos,062,35.379999999999995,2.241368387709851
2022,6,Tetuan,3,Castillejos,063,35.379999999999995,2.241368387709851
2022,6,Tetuan,4,Almenara,064,35.379999999999995,2.241368387709851
2022,6,Tetuan,5,Valdeacederas,065,35.379999999999995,2.241368387709851
2022,6,Tetuan,6,Berruguete,066,35.379999999999995,2.241368387709851
2022,7,Chamberi,1,Gaztambide,071,5.13,0.3724759851009606
2022,7,Chamberi,2,Arapiles,072,5.13,0.3724759851009606
2022,7,Chamberi,3,Trafalgar,073,5.13,0.3724759851009606
2022,7,Chamberi,4,Almagro,074,5.13,0.3724759851009606
2022,7,Chamberi,5,Ríos Rosas,075,5.13,0.3724759851009606
2022,7,Chamberi,6,Vallehermoso,076,5.13,0.3724759851009606
2022,8,Fuencarral-El Pardo,1,El Pardo,081,39.48,1.5994425448475909
2022,8,Fuencarral-El Pardo,2,Fuentelarreina,082,39.48,1.5994425448475909
2022,8,Fuencarral-El Pardo,3,Peñagrande,083,39.48,1.5994425448475909
2022,8,Fuencarral-El Pardo,4,Pilar,084,39.48,1.5994425448475909
2022,8,Fuencarral-El Pardo,5,La Paz,085,39.48,1.5994425448475909
2022,8,Fuencarral-El Pardo,6,Valverde,086,39.48,1.5994425448475909
2022,8,Fuencarral-El Pardo,7,Mirasierra,087,39.48,1.5994425448475909
2022,8,Fuencarral-El Pardo,8,El Goloso,088,39.48,1.5994425448475909
2022,9,Moncloa-Aravaca,1,Casa de Campo,091,13.26,1.098527840141831
2022,9,Moncloa-Aravaca,2,Argüelles,092,13.26,1.098527840141831
2022,9,Moncloa-Aravaca,3,Ciudad Universitaria,093,13.26,1.098527840141831
2022,9,Moncloa-Aravaca,4,Valdezarza,094,13.26,1.098527840141831
2022,9,Moncloa-Aravaca,5,Valdemarín,095,13.26,1.098527840141831
2022,9,Moncloa-Aravaca,6,El Plantío,096,13.26,1.098527840141831
2022,9,Moncloa-Aravaca,7,Aravaca,097,13.26,1.098527840141831
2022,10,Latina,1,Los Cármenes,101,79.07,3.3283802612359663
2022,10,Latina,2,Puerta del Angel,102,79.07,3.3283802612359663
2022,10,Latina,3,Lucero,103,79.07,3.3283802612359663
2022,10,Latina,4,Aluche,104,79.07,3.3283802612359663
2022,10,Latina,5,Campamento,105,79.07,3.3283802612359663
2022,10,Latina,6,Cuatro Vientos,106,79.07,3.3283802612359663
2022,10,Latina,7,Águilas,107,79.07,3.3283802612359663
2022,11,Carabanchel,1,Comillas,111,24.9,0.9715973606889367
2022,11,Carabanchel,2,Opañel,112,24.9,0.9715973606889367
2022,11,Carabanchel,3,San Isidro,113,24.9,0.9715973606889367
2022,11,Carabanchel,4,Vista Alegre,114,24.9,0.9715973606889367
2022,11,Carabanchel,5,Puerta Bonita,115,24.9,0.9715973606889367
2022,11,Carabanchel,6,Buenavista,116,24.9,0.9715973606889367
2022,11,Carabanchel,7,Abrantes,117,24.9,0.9715973606889367
2022,12,Usera,1,Orcasitas,121,64.05,4.535669267919611
2022,12,Usera,2,Orcasur,122,64.05,4.535669267919611
2022,12,Usera,3,San Fermín,123,64.05,4.535669267919611
2022,12,Usera,4,Almendrales,124,64.05,4.535669267919611
2022,12,Usera,5,Moscardó,125,64.05,4.535669267919611
2022,12,Usera,6,Zofío,126,64.05,4.535669267919611
2022,12,Usera,7,Pradolongo,127,64.05,4.535669267919611
2022,13,Puente de Vallecas,1,Entrevías,131,72.19,3.054678706532502
2022,13,Puente de Vallecas,2,San Diego,132,72.19,3.054678706532502
2022,13,Puente de Vallecas,3,Palomeras Bajas,133,72.19,3.054678706532502
2022,13,Puente de Vallecas,4,Palomeras Sureste,134,72.19,3.054678706532502
2022,13,Puente de Vallecas,5,Portazgo,135,72.19,3.054678706532502
2022,13,Puente de Vallecas,6,Numancia,136,72.19,3.054678706532502
2022,14,Moratalaz,1,Pavones,141,6.42,0.692863078600028
2022,14,Moratalaz,2,Horcajo,142,6.42,0.692863078600028
2022,14,Moratalaz,3,Marroquina,143,6.42,0.692863078600028
2022,14,Moratalaz,4,Media Legua,144,6.42,0.692863078600028
2022,14,Moratalaz,5,Fontarrón,145,6.42,0.692863078600028
2022,14,Moratalaz,6,Vinateros,146,6.42,0.692863078600028
2022,15,Ciudad Lineal,1,Ventas,151,32.75,1.5260381719227616
2022,15,Ciudad Lineal,2,Pueblo Nuevo,152,32.75,1.5260381719227616
2022,15,Ciudad Lineal,3,Quintana,153,32.75,1.5260381719227616
2022,15,Ciudad Lineal,4,La Concepción,154,32.75,1.5260381719227616
2022,15,Ciudad Lineal,5,San Pascual,155,32.75,1.5260381719227616
2022,15,Ciudad Lineal,6,San Juan Bautista,156,32.75,1.5260381719227616
2022,15,Ciudad Lineal,7,Colina,157,32.75,1.5260381719227616
2022,15,Ciudad Lineal,8,Atalaya,158,32.75,1.5260381719227616
2022,15,Ciudad Lineal,9,Costillares,159,32.75,1.5260381719227616
2022,16,Hortaleza,1,Palomas,161,42.1,2.172656524162418
2022,16,Hortaleza,2,Piovera,162,42.1,2.172656524162418
2022,16,Hortaleza,3,Canillas,163,42.1,2.172656524162418
2022,16,Hortaleza,4,Pinar del Rey,164,42.1,2.172656524162418
2022,16,Hortaleza,5,Apóstol Santiago,165,42.1,2.172656524162418
2022,16,Hortaleza,6,Valdefuentes,166,42.1,2.172656524162418
2022,17,Villaverde,1,"Villaverde Alto, Casco Histórico de Villaverde",171,16.32,1.0576524263790958
2022,17,Villaverde,2,San Cristóbal,172,16.32,1.0576524263790958
2022,17,Villaverde,3,Butarque,173,16.32,1.0576524263790958
2022,17,Villaverde,4,Los Rosales,174,16.32,1.0576524263790958
2022,17,Villaverde,5,Ángeles,175,16.32,1.0576524263790958
2022,18,Villa de Vallecas,1,Casco Histórico de Vallecas,181,6.16,0.535191443887436
2022,18,Villa de Vallecas,2,Santa Eugenia,182,6.16,0.535191443887436
2022,18,Villa de Vallecas,3,Ensanche de Vallecas,183,6.16,0.535191443887436
2022,19,Vicalvaro,1,Casco Histórico de Vicálvaro,191,72.84,9.169992320572055
2022,19,Vicalvaro,2,Valdebernardo,192,72.84,9.169992320572055
2022,19,Vicalvaro,3,Valderrivas,193,72.84,9.169992320572055
2022,19,Vicalvaro,4,El Cañaveral,194,72.84,9.169992320572055
2022,20,San Blas-Canillejas,1,Simancas,201,30.63,1.92299240973613
2022,20,San Blas-Canillejas,2,Hellín,202,30.63,1.92299240973613
2022,20,San Blas-Canillejas,3,Amposta,203,30.63,1.92299240973613
2022,20,San Blas-Canillejas,4,Arcos,204,30.63,1.92299240973613
2022,20,San Blas-Canillejas,5,Rosas,205,30.63,1.92299240973613
2022,20,San Blas-Canillejas,6,Rejas,206,30.63,1.92299240973613
2022,20,San Blas-Canillejas,7,Canillejas,207,30.63,1.92299240973613
2022,20,San Blas-Canillejas,8,El Salvador,208,30.63,1.92299240973613
2022,21,Barajas,1,Alameda de Osuna,211,6.5,1.2944081567627848
2022,21,Barajas,2,Aeropuerto,212,6.5,1.2944081567627848
2022,21,Barajas,3,Casco Histórico de Barajas,213,6.5,1.2944081567627848
2022,21,Barajas,4,Timón,214,6.5,1.2944081567627848
2022,21,Barajas,5,Corralejos,215,6.5,1.2944081567627848
2023,1,Centro,1,Palacio,011,11.726037,0.8395409960478836
2023,1,Centro,2,Embajadores,012,11.726037,0.8395409960478836
2023,1,Centro,3,Cortes,013,11.726037,0.8395409960478836
2023,1,Centro,4,Justicia,014,11.726037,0.8395409960478836
2023,1,Centro,5,Universidad,015,11.726037,0.8395409960478836
2023,1,Centro,6,Sol,016,11.726037,0.8395409960478836
2023,2,Arganzuela,1,Imperial,021,44.721387,2.9058919811044905
2023,2,Arganzuela,2,Acacias,022,44.721387,2.9058919811044905
2023,2,Arganzuela,3,Chopera,023,44.721387,2.9058919811044905
2023,2,Arganzuela,4,Legazpi,024,44.721387,2.9058919811044905
2023,2,Arganzuela,5,Delicias,025,44.721387,2.9058919811044905
2023,2,Arganzuela,6,Palos de la Frontera,026,44.721387,2.9058919811044905
2023,2,Arganzuela,7,Atocha,027,44.721387,2.9058919811044905
2023,3,Retiro,1,Pacífico,031,14.208636,1.2145275196813377
2023,3,Retiro,2,Adelfas,032,14.208636,1.2145275196813377
2023,3,Retiro,3,Estrella,033,14.208636,1.2145275196813377
2023,3,Retiro,4,Ibiza,034,14.208636,1.2145275196813377
2023,3,Retiro,5,Los Jerónimos,035,14.208636,1.2145275196813377
2023,3,Retiro,6,Niño Jesús,036,14.208636,1.2145275196813377
2023,4,Salamanca,1,Recoletos,041,12.350405,0.8440450643776825
2023,4,Salamanca,2,Goya,042,12.350405,0.8440450643776825
2023,4,Salamanca,3,Fuente del Berro,043,12.350405,0.8440450643776825
2023,4,Salamanca,4,Guindalera,044,12.350405,0.8440450643776825
2023,4,Salamanca,5,Lista,045,12.350405,0.8440450643776825
2023,4,Salamanca,6,Castellana,046,12.350405,0.8440450643776825
2023,5,Chamartin,1,El Viso,051,12.149872,0.8362554632491104
2023,5,Chamartin,2,Prosperidad,052,12.149872,0.8362554632491104
2023,5,Chamartin,3,Ciudad Jardín,053,12.149872,0.8362554632491104
2023,5,Chamartin,4,Hispanoamérica,054,12.149872,0.8362554632491104
2023,5,Chamartin,5,Nueva España,055,12.149872,0.8362554632491104
2023,5,Chamartin,6,Castilla,056,12.149872,0.8362554632491104
2023,6,Tetuan,1,Bellas Vistas,061,36.039831,2.2420498926871755
2023,6,Tetuan,2,Cuatro Caminos,062,36.039831,2.2420498926871755
2023,6,Tetuan,3,Castillejos,063,36.039831,2.2420498926871755
2023,6,Tetuan,4,Almenara,064,36.039831,2.2420498926871755
2023,6,Tetuan,5,Valdeacederas,065,36.039831,2.2420498926871755
2023,6,Tetuan,6,Berruguete,066,36.039831,2.2420498926871755
2023,7,Chamberi,1,Gaztambide,071,5.1393569999999995,0.37032670649017496
2023,7,Chamberi,2,Arapiles,072,5.1393569999999995,0.37032670649017496
2023,7,Chamberi,3,Trafalgar,073,5.1393569999999995,0.37032670649017496
2023,7,Chamberi,4,Almagro,074,5.1393569999999995,0.37032670649017496
2023,7,Chamberi,5,Ríos Rosas,075,5.1393569999999995,0.37032670649017496
2023,7,Chamberi,6,Vallehermoso,076,5.1393569999999995,0.37032670649017496
2023,8,Fuencarral-El Pardo,1,El Pardo,081,39.870298000000005,1.6049035535446892
2023,8,Fuencarral-El Pardo,2,Fuentelarreina,082,39.870298000000005,1.6049035535446892
2023,8,Fuencarral-El Pardo,3,Peñagrande,083,39.870298000000005,1.6049035535446892
2023,8,Fuencarral-El Pardo,4,Pilar,084,39.870298000000005,1.6049035535446892
2023,8,Fuencarral-El Pardo,5,La Paz,085,39.870298000000005,1.6049035535446892
2023,8,Fuencarral-El Pardo,6,Valverde,086,39.870298000000005,1.6049035535446892
2023,8,Fuencarral-El Pardo,7,Mirasierra,087,39.870298000000005,1.6049035535446892
2023,8,Fuencarral-El Pardo,8,El Goloso,088,39.870298000000005,1.6049035535446892
2023,9,Moncloa-Aravaca,1,Casa de Campo,091,13.258935000000001,1.084664185209424
2023,9,Moncloa-Aravaca,2,Argüelles,092,13.258935000000001,1.084664185209424
2023,9,Moncloa-Aravaca,3,Ciudad Universitaria,093,13.258935000000001,1.084664185209424
2023,9,Moncloa-Aravaca,4,Valdezarza,094,13.258935000000001,1.084664185209424
2023,9,Moncloa-Aravaca,5,Valdemarín,095,13.258935000000001,1.084664185209424
2023,9,Moncloa-Aravaca,6,El Plantío,096,13.258935000000001,1.084664185209424
2023,9,Moncloa-Aravaca,7,Aravaca,097,13.258935000000001,1.084664185209424
2023,10,Latina,1,Los Cármenes,101,78.963074,3.265230699251541
2023,10,Latina,2,Puerta del Angel,102,78.963074,3.265230699251541
2023,10,Latina,3,Lucero,103,78.963074,3.265230699251541
2023,10,Latina,4,Aluche,104,78.963074,3.265230699251541
2023,10,Latina,5,Campamento,105,78.963074,3.265230699251541
2023,10,Latina,6,Cuatro Vientos,106,78.963074,3.265230699251541
2023,10,Latina,7,Águilas,107,78.963074,3.265230699251541
2023,11,Carabanchel,1,Comillas,111,24.897632,0.9452080984324758
2023,11,Carabanchel,2,Opañel,112,24.897632,0.9452080984324758
2023,11,Carabanchel,3,San Isidro,113,24.897632,0.9452080984324758
2023,11,Carabanchel,4,Vista Alegre,114,24.897632,0.9452080984324758
2023,11,Carabanchel,5,Puerta Bonita,115,24.897632,0.9452080984324758
2023,11,Carabanchel,6,Buenavista,116,24.897632,0.9452080984324758
2023,11,Carabanchel,7,Abrantes,117,24.897632,0.9452080984324758
2023,12,Usera,1,Orcasitas,121,64.07414,4.469550841605224
2023,12,Usera,2,Orcasur,122,64.07414,4.469550841605224
2023,12,Usera,3,San Fermín,123,64.07414,4.469550841605224
2023,12,Usera,4,Almendrales,124,64.07414,4.469550841605224
2023,12,Usera,5,Moscardó,125,64.07414,4.469550841605224
2023,12,Usera,6,Zofío,126,64.07414,4.469550841605224
2023,12,Usera,7,Pradolongo,127,64.07414,4.469550841605224
2023,13,Puente de Vallecas,1,Entrevías,131,72.188156,2.9765365901931355
2023,13,Puente de Vallecas,2,San Diego,132,72.188156,2.9765365901931355
2023,13,Puente de Vallecas,3,Palomeras Bajas,133,72.188156,2.9765365901931355
2023,13,Puente de Vallecas,4,Palomeras Sureste,134,72.188156,2.9765365901931355
2023,13,Puente de Vallecas,5,Portazgo,135,72.188156,2.9765365901931355
2023,13,Puente de Vallecas,6,Numancia,136,72.188156,2.9765365901931355
2023,14,Moratalaz,1,Pavones,141,6.420737,0.6933841252699784
2023,14,Moratalaz,2,Horcajo,142,6.420737,0.6933841252699784
2023,14,Moratalaz,3,Marroquina,143,6.420737,0.6933841252699784
2023,14,Moratalaz,4,Media Legua,144,6.420737,0.6933841252699784
2023,14,Moratalaz,5,Fontarrón,145,6.420737,0.6933841252699784
2023,14,Moratalaz,6,Vinateros,146,6.420737,0.6933841252699784
2023,15,Ciudad Lineal,1,Ventas,151,32.943217000000004,1.4893022572434778
2023,15,Ciudad Lineal,2,Pueblo Nuevo,152,32.943217000000004,1.4893022572434778
2023,15,Ciudad Lineal,3,Quintana,153,32.943217000000004,1.4893022572434778
2023,15,Ciudad Lineal,4,La Concepción,154,32.943217000000004,1.4893022572434778
2023,15,Ciudad Lineal,5,San Pascual,155,32.943217000000004,1.4893022572434778
2023,15,Ciudad Lineal,6,San Juan Bautista,156,32.943217000000004,1.4893022572434778
2023,15,Ciudad Lineal,7,Colina,157,32.943217000000004,1.4893022572434778
2023,15,Ciudad Lineal,8,Atalaya,158,32.943217000000004,1.4893022572434778
2023,15,Ciudad Lineal,9,Costillares,159,32.943217000000004,1.4893022572434778
2023,16,Hortaleza,1,Palomas,161,42.092957999999996,2.116425809630594
2023,16,Hortaleza,2,Piovera,162,42.092957999999996,2.116425809630594
2023,16,Hortaleza,3,Canillas,163,42.092957999999996,2.116425809630594
2023,16,Hortaleza,4,Pinar del Rey,164,42.092957999999996,2.116425809630594
2023,16,Hortaleza,5,Apóstol Santiago,165,42.092957999999996,2.116425809630594
2023,16,Hortaleza,6,Valdefuentes,166,42.092957999999996,2.116425809630594
2023,17,Villaverde,1,"Villaverde Alto, Casco Histórico de Villaverde",171,16.32578,1.0225149220545775
2023,17,Villaverde,2,San Cristóbal,172,16.32578,1.0225149220545775
2023,17,Villaverde,3,Butarque,173,16.32578,1.0225149220545775
2023,17,Villaverde,4,Los Rosales,174,16.32578,1.0225149220545775
2023,17,Villaverde,5,Ángeles,175,16.32578,1.0225149220545775
2023,18,Villa de Vallecas,1,Casco Histórico de Vallecas,181,6.158291,0.5225222939664169
2023,18,Villa de Vallecas,2,Santa Eugenia,182,6.158291,0.5225222939664169
2023,18,Villa de Vallecas,3,Ensanche de Vallecas,183,6.158291,0.5225222939664169
2023,19,Vicalvaro,1,Casco Histórico de Vicálvaro,191,73.428467,8.758479788160358
2023,19,Vicalvaro,2,Valdebernardo,192,73.428467,8.758479788160358
2023,19,Vicalvaro,3,Valderrivas,193,73.428467,8.758479788160358
2023,19,Vicalvaro,4,El Cañaveral,194,73.428467,8.758479788160358
2023,20,San Blas-Canillejas,1,Simancas,201,30.517604,1.8953267707977517
2023,20,San Blas-Canillejas,2,Hellín,202,30.517604,1.8953267707977517
2023,20,San Blas-Canillejas,3,Amposta,203,30.517604,1.8953267707977517
2023,20,San Blas-Canillejas,4,Arcos,204,30.517604,1.8953267707977517
2023,20,San Blas-Canillejas,5,Rosas,205,30.517604,1.8953267707977517
2023,20,San Blas-Canillejas,6,Rejas,206,30.517604,1.8953267707977517
2023,20,San Blas-Canillejas,7,Canillejas,207,30.517604,1.8953267707977517
2023,20,San Blas-Canillejas,8,El Salvador,208,30.517604,1.8953267707977517
2023,21,Barajas,1,Alameda de Osuna,211,6.471906,1.3261830700190569
2023,21,Barajas,2,Aeropuerto,212,6.471906,1.3261830700190569
2023,21,Barajas,3,Casco Histórico de Barajas,213,6.471906,1.3261830700190569
2023,21,Barajas,4,Timón,214,6.471906,1.3261830700190569
2023,21,Barajas,5,Corralejos,215,6.471906,1.3261830700190569
