iso3;country;hdicode;region;hdi_rank_2023;hdi_2017;hdi_2018;hdi_2019;hdi_2020;hdi_2021;hdi_2022;hdi_2023
AFG;Afghanistan;Low;SA;181;0.496;0.498;0.507;0.501;0.486;0.495;0.496
ALB;Albania;Very High;ECA;71;0.798;0.801;0.805;0.794;0.794;0.806;0.81
DZA;Algeria;High;AS;96;0.746;0.749;0.753;0.742;0.755;0.761;0.763
AND;Andorra;Very High;;32;0.873;0.875;0.876;0.851;0.871;0.893;0.913
AGO;Angola;Medium;SSA;148;0.61;0.611;0.611;0.61;0.609;0.615;0.616
ATG;Antigua and Barbuda;Very High;LAC;53;0.845;0.85;0.851;0.84;0.843;0.848;0.851
ARG;Argentina;Very High;LAC;47;0.861;0.861;0.861;0.851;0.847;0.858;0.865
ARM;Armenia;Very High;ECA;69;0.785;0.789;0.796;0.761;0.786;0.801;0.811
AUS;Australia;Very High;;7;0.94;0.945;0.947;0.95;0.954;0.952;0.958
AUT;Austria;Very High;;22;0.922;0.925;0.928;0.925;0.93;0.927;0.93
AZE;Azerbaijan;High;ECA;81;0.774;0.775;0.78;0.757;0.765;0.784;0.789
BHS;Bahamas;Very High;LAC;66;0.81;0.812;0.8;0.797;0.794;0.818;0.82
BHR;Bahrain;Very High;AS;38;0.874;0.886;0.894;0.885;0.885;0.902;0.899
BGD;Bangladesh;Medium;SA;130;0.633;0.646;0.656;0.663;0.663;0.68;0.685
BRB;Barbados;Very High;LAC;69;0.804;0.806;0.808;0.803;0.803;0.807;0.811
BLR;Belarus;Very High;ECA;65;0.828;0.827;0.826;0.815;0.817;0.824;0.824
BEL;Belgium;Very High;;10;0.94;0.942;0.945;0.939;0.948;0.945;0.951
BLZ;Belize;High;LAC;115;0.722;0.723;0.725;0.713;0.713;0.717;0.721
BEN;Benin;Low;SSA;173;0.507;0.507;0.507;0.504;0.506;0.512;0.515
BTN;Bhutan;Medium;SA;125;0.656;0.667;0.68;0.688;0.691;0.695;0.698
BOL;Bolivia (Plurinational State of);High;LAC;108;0.715;0.722;0.728;0.697;0.693;0.727;0.733
BIH;Bosnia and Herzegovina;Very High;ECA;74;0.78;0.785;0.788;0.783;0.783;0.799;0.804
BWA;Botswana;High;SSA;111;0.704;0.71;0.718;0.718;0.7;0.729;0.731
BRA;Brazil;High;LAC;84;0.77;0.774;0.776;0.77;0.768;0.78;0.786
BRN;Brunei Darussalam;Very High;EAP;60;0.837;0.837;0.835;0.836;0.835;0.825;0.837
BGR;Bulgaria;Very High;;55;0.829;0.832;0.835;0.826;0.817;0.835;0.845
BFA;Burkina Faso;Low;SSA;186;0.438;0.449;0.453;0.453;0.454;0.457;0.459
BDI;Burundi;Low;SSA;187;0.434;0.434;0.435;0.435;0.435;0.437;0.439
CPV;Cabo Verde;Medium;SSA;135;0.663;0.663;0.667;0.647;0.651;0.664;0.668
KHM;Cambodia;Medium;EAP;151;0.578;0.586;0.593;0.595;0.594;0.602;0.606
CMR;Cameroon;Medium;SSA;155;0.581;0.582;0.582;0.579;0.574;0.581;0.588
CAN;Canada;Very High;;16;0.935;0.935;0.937;0.931;0.937;0.935;0.939
CAF;Central African Republic;Low;SSA;191;0.356;0.391;0.279;0.386;0.339;;0.414
TCD;Chad;Low;SSA;190;0.397;0.402;0.406;0.408;0.408;0.414;0.416
CHL;Chile;Very High;LAC;45;0.862;0.866;0.867;0.856;0.865;0.869;0.878
CHN;China;High;EAP;78;0.765;0.774;0.781;0.786;0.794;0.796;0.797
COL;Colombia;High;LAC;83;0.774;0.775;0.777;0.764;0.762;0.782;0.788
COM;Comoros;Medium;SSA;152;0.577;0.584;0.589;0.592;0.594;0.602;0.603
COG;Congo;Medium;SSA;138;0.635;0.64;0.634;0.643;0.643;0.644;0.649
COD;Congo (Democratic Republic of the);Low;SSA;171;0.491;0.497;0.501;0.506;0.508;0.514;0.522
CRI;Costa Rica;Very High;LAC;62;0.809;0.813;0.821;0.819;0.817;0.823;0.833
HRV;Croatia;Very High;;41;0.862;0.867;0.872;0.867;0.876;0.886;0.889
CUB;Cuba;High;LAC;97;0.767;0.769;0.769;0.762;0.745;0.764;0.762
CYP;Cyprus;Very High;;32;0.897;0.902;0.907;0.905;0.907;0.908;0.913
CZE;Czechia;Very High;;29;0.904;0.901;0.903;0.898;0.901;0.911;0.915
CIV;Côte d'Ivoire;Medium;SSA;157;0.539;0.545;0.552;0.553;0.557;0.565;0.582
DNK;Denmark;Very High;;4;0.951;0.95;0.953;0.954;0.958;0.959;0.962
DJI;Djibouti;Low;AS;175;0.484;0.492;0.497;0.499;0.501;0.51;0.513
DMA;Dominica;High;LAC;98;0.735;0.755;0.758;0.753;0.749;0.759;0.761
DOM;Dominican Republic;High;LAC;89;0.77;0.773;0.771;0.767;0.762;0.778;0.776
ECU;Ecuador;High;LAC;88;0.764;0.767;0.765;0.74;0.753;0.773;0.777
EGY;Egypt;High;AS;100;0.72;0.728;0.736;0.736;0.738;0.751;0.754
SLV;El Salvador;Medium;LAC;132;0.665;0.67;0.67;0.66;0.663;0.674;0.678
GNQ;Equatorial Guinea;Medium;SSA;133;0.661;0.663;0.667;0.668;0.671;0.677;0.674
ERI;Eritrea;Low;SSA;178;0.48;0.49;0.495;0.495;0.496;0.499;0.503
EST;Estonia;Very High;;36;0.894;0.897;0.901;0.901;0.899;0.902;0.905
SWZ;Eswatini (Kingdom of);Medium;SSA;126;0.631;0.643;0.653;0.657;0.658;0.695;0.695
ETH;Ethiopia;Low;SSA;180;0.47;0.476;0.482;0.486;0.487;0.494;0.497
FJI;Fiji;High;EAP;111;0.725;0.728;0.727;0.718;0.705;0.726;0.731
FIN;Finland;Very High;;12;0.942;0.945;0.947;0.947;0.949;0.946;0.948
FRA;France;Very High;;26;0.908;0.911;0.914;0.909;0.915;0.916;0.92
GAB;Gabon;High;SSA;108;0.726;0.727;0.73;0.732;0.72;0.73;0.733
GMB;Gambia;Low;SSA;170;0.493;0.5;0.508;0.512;0.513;0.519;0.524
GEO;Georgia;Very High;ECA;57;0.816;0.824;0.83;0.822;0.819;0.838;0.844
DEU;Germany;Very High;;5;0.951;0.952;0.957;0.955;0.958;0.955;0.959
GHA;Ghana;Medium;SSA;143;0.594;0.6;0.609;0.614;0.618;0.625;0.628
GRC;Greece;Very High;;34;0.887;0.893;0.896;0.896;0.897;0.897;0.908
GRD;Grenada;High;LAC;80;0.784;0.788;0.789;0.782;0.782;0.789;0.791
GTM;Guatemala;Medium;LAC;137;0.647;0.649;0.653;0.645;0.639;0.655;0.662
GIN;Guinea;Low;SSA;179;0.482;0.479;0.486;0.488;0.49;0.498;0.5
GNB;Guinea-Bissau;Low;SSA;174;0.491;0.493;0.501;0.498;0.502;0.511;0.514
GUY;Guyana;High;LAC;89;0.696;0.702;0.709;0.722;0.713;0.763;0.776
HTI;Haiti;Medium;LAC;166;0.559;0.561;0.56;0.555;0.548;0.552;0.554
HND;Honduras;Medium;LAC;139;0.618;0.619;0.632;0.625;0.628;0.643;0.645
HKG;Hong Kong, China (SAR);Very High;;8;0.946;0.952;0.952;0.95;0.961;0.95;0.955
HUN;Hungary;Very High;;46;0.853;0.857;0.861;0.857;0.852;0.867;0.87
ISL;Iceland;Very High;;1;0.962;0.966;0.969;0.965;0.967;0.964;0.972
IND;India;Medium;SA;130;0.649;0.648;0.651;0.652;0.647;0.676;0.685
IDN;Indonesia;High;EAP;113;0.712;0.715;0.714;0.71;0.707;0.726;0.728
IRN;Iran (Islamic Republic of);High;SA;75;0.793;0.79;0.787;0.775;0.777;0.793;0.799
IRQ;Iraq;Medium;AS;126;0.681;0.689;0.693;0.68;0.687;0.695;0.695
IRL;Ireland;Very High;;11;0.941;0.944;0.947;0.948;0.946;0.947;0.949
ISR;Israel;Very High;;27;0.908;0.911;0.913;0.912;0.918;0.921;0.919
ITA;Italy;Very High;;29;0.897;0.902;0.906;0.899;0.908;0.905;0.915
JAM;Jamaica;High;LAC;117;0.715;0.715;0.716;0.711;0.703;0.718;0.72
JPN;Japan;Very High;;23;0.92;0.921;0.922;0.922;0.922;0.921;0.925
JOR;Jordan;High;AS;100;0.747;0.747;0.75;0.743;0.736;0.751;0.754
KAZ;Kazakhstan;Very High;ECA;60;0.824;0.828;0.834;0.826;0.816;0.831;0.837
KEN;Kenya;Medium;SSA;143;0.599;0.605;0.611;0.6;0.608;0.626;0.628
KIR;Kiribati;Medium;EAP;140;0.63;0.633;0.635;0.632;0.631;0.642;0.644
PRK;Korea (Democratic People's Rep. of);Other Countries or Territories;EAP;;;;;;;;
KOR;Korea (Republic of);Very High;;20;0.922;0.924;0.927;0.928;0.933;0.928;0.937
KWT;Kuwait;Very High;AS;52;0.838;0.84;0.843;0.837;0.839;0.845;0.852
KGZ;Kyrgyzstan;High;ECA;117;0.704;0.708;0.708;0.7;0.704;0.717;0.72
LAO;Lao People's Democratic Republic;Medium;EAP;147;0.612;0.613;0.615;0.616;0.613;0.614;0.617
LVA;Latvia;Very High;;41;0.87;0.875;0.88;0.879;0.871;0.881;0.889
LBN;Lebanon;High;AS;102;0.772;0.774;0.771;0.75;0.733;0.755;0.752
LSO;Lesotho;Medium;SSA;167;0.531;0.538;0.541;0.537;0.532;0.547;0.55
LBR;Liberia;Low;SSA;177;0.491;0.495;0.497;0.498;0.503;0.508;0.51
LBY;Libya;High;AS;115;0.74;0.743;0.737;0.688;0.729;0.741;0.721
LIE;Liechtenstein;Very High;;17;0.929;0.928;0.935;0.929;0.933;0.936;0.938
LTU;Lithuania;Very High;;39;0.885;0.889;0.894;0.888;0.887;0.888;0.895
LUX;Luxembourg;Very High;;25;0.913;0.915;0.916;0.916;0.918;0.922;0.922
MDG;Madagascar;Low;SSA;183;0.505;0.501;0.495;0.483;0.481;0.483;0.487
MWI;Malawi;Low;SSA;172;0.508;0.51;0.513;0.512;0.509;0.513;0.517
MYS;Malaysia;Very High;EAP;67;0.807;0.809;0.812;0.81;0.802;0.81;0.819
MDV;Maldives;High;SA;93;0.739;0.744;0.749;0.73;0.745;0.764;0.766
MLI;Mali;Low;SSA;188;0.416;0.421;0.425;0.414;0.414;0.417;0.419
MLT;Malta;Very High;;24;0.901;0.908;0.91;0.903;0.914;0.917;0.924
MHL;Marshall Islands;High;EAP;108;0.702;0.71;0.722;0.722;0.723;0.732;0.733
MRT;Mauritania;Medium;SSA;163;0.551;0.561;0.566;0.554;0.553;0.562;0.563
MUS;Mauritius;Very High;SSA;73;0.799;0.801;0.803;0.795;0.789;0.794;0.806
MEX;Mexico;High;LAC;81;0.781;0.785;0.788;0.763;0.761;0.783;0.789
FSM;Micronesia (Federated States of);Medium;EAP;149;0.607;0.608;0.611;0.609;0.611;0.614;0.615
MDA;Moldova (Republic of);High;ECA;86;0.769;0.772;0.775;0.77;0.773;0.784;0.785
MCO;Monaco;Other Countries or Territories;;;;;;;;;
MNG;Mongolia;High;EAP;104;0.759;0.767;0.758;0.741;0.727;0.742;0.747
MNE;Montenegro;Very High;ECA;48;0.843;0.849;0.851;0.841;0.84;0.853;0.862
MAR;Morocco;High;AS;120;0.674;0.68;0.687;0.683;0.69;0.704;0.71
MOZ;Mozambique;Low;SSA;182;0.461;0.469;0.475;0.477;0.478;0.49;0.493
MMR;Myanmar;Medium;EAP;150;0.587;0.6;0.61;0.609;0.605;0.606;0.609
NAM;Namibia;Medium;SSA;136;0.638;0.642;0.647;0.647;0.631;0.649;0.665
NRU;Nauru;High;EAP;124;0.67;0.668;0.678;0.684;0.692;0.7;0.703
NPL;Nepal;Medium;SA;145;0.588;0.596;0.604;0.599;0.596;0.605;0.622
NLD;Netherlands;Very High;;8;0.945;0.947;0.95;0.945;0.951;0.953;0.955
NZL;New Zealand;Very High;;17;0.936;0.938;0.938;0.94;0.939;0.933;0.938
NIC;Nicaragua;High;LAC;123;0.688;0.69;0.69;0.676;0.682;0.701;0.706
NER;Niger;Low;SSA;188;0.384;0.391;0.4;0.404;0.413;0.414;0.419
NGA;Nigeria;Medium;SSA;164;0.534;0.537;0.544;0.547;0.554;0.557;0.56
MKD;North Macedonia;Very High;ECA;68;0.807;0.814;0.805;0.783;0.781;0.811;0.815
NOR;Norway;Very High;;2;0.965;0.966;0.967;0.969;0.969;0.967;0.97
OMN;Oman;Very High;AS;50;0.848;0.854;0.857;0.843;0.834;0.846;0.858
PAK;Pakistan;Low;SA;168;0.537;0.538;0.54;0.536;0.537;0.544;0.544
PLW;Palau;High;EAP;84;0.804;0.805;0.806;0.799;0.789;0.786;0.786
PSE;Palestine, State of;Medium;AS;133;0.721;0.725;0.729;0.718;0.718;0.733;0.674
PAN;Panama;Very High;LAC;59;0.815;0.82;0.824;0.808;0.819;0.835;0.839
PNG;Papua New Guinea;Medium;EAP;160;0.555;0.559;0.566;0.567;0.567;0.572;0.576
PRY;Paraguay;High;LAC;99;0.74;0.744;0.747;0.742;0.723;0.747;0.756
PER;Peru;High;LAC;79;0.775;0.78;0.784;0.769;0.764;0.79;0.794
PHL;Philippines;High;EAP;117;0.694;0.7;0.708;0.699;0.69;0.714;0.72
POL;Poland;Very High;;35;0.882;0.884;0.887;0.88;0.884;0.902;0.906
PRT;Portugal;Very High;;40;0.864;0.866;0.872;0.87;0.876;0.883;0.89
QAT;Qatar;Very High;AS;43;0.87;0.876;0.88;0.872;0.866;0.883;0.886
ROU;Romania;Very High;;55;0.828;0.833;0.838;0.832;0.829;0.84;0.845
RUS;Russian Federation;Very High;;64;0.838;0.845;0.847;0.818;0.813;0.826;0.832
RWA;Rwanda;Medium;SSA;159;0.539;0.54;0.55;0.555;0.562;0.57;0.578
KNA;Saint Kitts and Nevis;Very High;LAC;58;0.834;0.835;0.839;0.828;0.818;0.829;0.84
LCA;Saint Lucia;High;LAC;103;0.757;0.759;0.745;0.734;0.724;0.747;0.748
VCT;Saint Vincent and the Grenadines;High;LAC;76;0.778;0.783;0.787;0.781;0.781;0.794;0.798
WSM;Samoa;High;EAP;122;0.712;0.711;0.708;0.708;0.706;0.703;0.708
SMR;San Marino;Very High;;29;0.903;0.904;0.908;0.895;0.903;0.91;0.915
STP;Sao Tome and Principe;Medium;SSA;141;0.617;0.621;0.625;0.628;0.631;0.636;0.637
SAU;Saudi Arabia;Very High;AS;37;0.869;0.875;0.878;0.875;0.878;0.893;0.9
SEN;Senegal;Low;SSA;169;0.517;0.522;0.52;0.522;0.522;0.526;0.53
SRB;Serbia;Very High;ECA;62;0.808;0.814;0.817;0.809;0.807;0.826;0.833
SYC;Seychelles;Very High;SSA;54;0.844;0.847;0.85;0.853;0.838;0.836;0.848
SLE;Sierra Leone;Low;SSA;185;0.445;0.451;0.455;0.454;0.458;0.463;0.467
SGP;Singapore;Very High;EAP;13;0.935;0.939;0.942;0.944;0.948;0.942;0.946
SVK;Slovakia;Very High;;44;0.865;0.868;0.871;0.867;0.859;0.873;0.88
SVN;Slovenia;Very High;;21;0.918;0.922;0.923;0.918;0.924;0.926;0.931
SLB;Solomon Islands;Medium;EAP;156;0.581;0.582;0.583;0.579;0.577;0.583;0.584
SOM;Somalia;Low;AS;192;;;;;;0.385;0.404
ZAF;South Africa;High;SSA;106;0.726;0.732;0.742;0.724;0.721;0.737;0.741
SSD;South Sudan;Low;SSA;193;0.292;0.371;0.403;0.398;0.393;0.388;0.388
ESP;Spain;Very High;;28;0.902;0.905;0.91;0.901;0.912;0.911;0.918
LKA;Sri Lanka;High;SA;89;0.777;0.782;0.781;0.78;0.777;0.777;0.776
SDN;Sudan;Low;AS;176;0.506;0.515;0.517;0.513;0.512;0.516;0.511
SUR;Suriname;High;LAC;114;0.715;0.719;0.72;0.714;0.697;0.719;0.722
SWE;Sweden;Very High;;5;0.949;0.95;0.955;0.951;0.958;0.959;0.959
CHE;Switzerland;Very High;;2;0.96;0.962;0.965;0.963;0.968;0.966;0.97
SYR;Syrian Arab Republic;Medium;AS;162;0.551;0.557;0.569;0.57;0.571;0.571;0.564
TJK;Tajikistan;Medium;ECA;128;0.666;0.67;0.673;0.664;0.672;0.687;0.691
TZA;Tanzania (United Republic of);Medium;SSA;165;0.528;0.537;0.546;0.554;0.548;0.554;0.555
THA;Thailand;High;EAP;76;0.794;0.796;0.8;0.798;0.8;0.792;0.798
TLS;Timor-Leste;Medium;EAP;142;0.621;0.624;0.642;0.65;0.644;0.633;0.634
TGO;Togo;Medium;SSA;161;0.534;0.542;0.549;0.554;0.56;0.567;0.571
TON;Tonga;High;EAP;92;0.755;0.759;0.763;0.765;0.763;0.764;0.769
TTO;Trinidad and Tobago;Very High;LAC;72;0.806;0.803;0.805;0.8;0.796;0.805;0.807
TUN;Tunisia;High;AS;105;0.737;0.742;0.74;0.733;0.728;0.745;0.746
TKM;Turkmenistan;High;ECA;95;0.732;0.735;0.741;0.744;0.754;0.761;0.764
TUV;Tuvalu;Medium;EAP;129;0.668;0.672;0.681;0.681;0.681;0.686;0.689
TUR;Türkiye;Very High;ECA;51;0.833;0.838;0.841;0.838;0.841;0.853;0.853
UGA;Uganda;Medium;SSA;157;0.557;0.563;0.569;0.571;0.573;0.578;0.582
UKR;Ukraine;High;ECA;87;0.785;0.784;0.789;0.783;0.772;0.772;0.779
ARE;United Arab Emirates;Very High;AS;15;0.884;0.901;0.915;0.909;0.903;0.921;0.94
GBR;United Kingdom;Very High;;13;0.937;0.936;0.941;0.93;0.941;0.946;0.946
USA;United States;Very High;;17;0.931;0.934;0.936;0.925;0.921;0.93;0.938
URY;Uruguay;Very High;LAC;48;0.827;0.826;0.83;0.837;0.837;0.852;0.862
UZB;Uzbekistan;High;ECA;107;0.719;0.725;0.73;0.723;0.727;0.737;0.74
VUT;Vanuatu;Medium;EAP;146;0.607;0.612;0.622;0.617;0.615;0.621;0.621
VEN;Venezuela (Bolivarian Republic of);High;LAC;121;0.749;0.741;0.724;0.699;0.696;0.706;0.709
VNM;Viet Nam;High;EAP;93;0.729;0.737;0.744;0.755;0.754;0.764;0.766
YEM;Yemen;Low;AS;184;0.459;0.454;0.458;0.459;0.458;0.466;0.47
ZMB;Zambia;Medium;SSA;154;0.57;0.575;0.578;0.578;0.574;0.589;0.595
ZWE;Zimbabwe;Medium;SSA;153;0.575;0.586;0.584;0.582;0.581;0.594;0.598
ZZA.VHHD;Very high human development;;;;0.903;0.906;0.909;0.901;0.903;0.908;0.914
ZZB.HHD;High human development;;;;0.754;0.76;0.765;0.763;0.766;0.774;0.777
ZZC.MHD;Medium human development;;;;0.624;0.627;0.631;0.631;0.629;0.649;0.656
ZZD.LHD;Low human development;;;;0.5;0.504;0.507;0.507;0.507;0.512;0.515
ZZE.AS;Arab States;;;;0.702;0.707;0.712;0.707;0.71;0.716;0.719
ZZF.EAP;East Asia and the Pacific;;;;0.749;0.756;0.761;0.764;0.768;0.773;0.775
ZZG.ECA;Europe and Central Asia;;;;0.8;0.804;0.808;0.802;0.803;0.815;0.818
ZZH.LAC;Latin America and the Caribbean;;;;0.772;0.774;0.776;0.764;0.762;0.778;0.783
ZZI.SA;South Asia;;;;0.641;0.642;0.645;0.645;0.641;0.665;0.672
ZZJ.SSA;Sub-Saharan Africa;;;;0.546;0.551;0.557;0.557;0.558;0.565;0.568
ZZK.WORLD;World;;;;0.739;0.741;0.745;0.742;0.742;0.752;0.756
